BlockPath,BlockType,LibraryLink,Parameter,Value
"TransformerWithCTSaturation/Before Noise PrimCurr","Scope","","OpenAtSimulationStart","off"
"TransformerWithCTSaturation/Before Noise PrimCurr","Scope","","DisplayFullPath","off"
"TransformerWithCTSaturation/Before Noise PrimCurr","Scope","","NumInputPorts","3"
"TransformerWithCTSaturation/Before Noise PrimCurr","Scope","","LayoutDimensionsString","[3 1]"
"TransformerWithCTSaturation/Before Noise PrimCurr","Scope","","SampleTime","-1"
"TransformerWithCTSaturation/Before Noise PrimCurr","Scope","","FrameBasedProcessingString","Elements as channels (sample based)"
"TransformerWithCTSaturation/Before Noise PrimCurr","Scope","","MaximizeAxes","Off"
"TransformerWithCTSaturation/Before Noise PrimCurr","Scope","","AxesScaling","Manual"
"TransformerWithCTSaturation/Before Noise PrimCurr","Scope","","AxesScalingNumUpdates","10"
"TransformerWithCTSaturation/Before Noise PrimCurr","Scope","","TimeSpan","Auto"
"TransformerWithCTSaturation/Before Noise PrimCurr","Scope","","TimeSpanOverrunAction","Wrap"
"TransformerWithCTSaturation/Before Noise PrimCurr","Scope","","TimeUnits","None"
"TransformerWithCTSaturation/Before Noise PrimCurr","Scope","","TimeDisplayOffset","0"
"TransformerWithCTSaturation/Before Noise PrimCurr","Scope","","TimeAxisLabels","Bottom displays only"
"TransformerWithCTSaturation/Before Noise PrimCurr","Scope","","ShowTimeAxisLabel","off"
"TransformerWithCTSaturation/Before Noise PrimCurr","Scope","","ActiveDisplayString","1"
"TransformerWithCTSaturation/Before Noise PrimCurr","Scope","","Title","%<SignalLabel>"
"TransformerWithCTSaturation/Before Noise PrimCurr","Scope","","ShowLegend","on"
"TransformerWithCTSaturation/Before Noise PrimCurr","Scope","","ShowGrid","on"
"TransformerWithCTSaturation/Before Noise PrimCurr","Scope","","PlotAsMagnitudePhase","off"
"TransformerWithCTSaturation/Before Noise PrimCurr","Scope","","ActiveDisplayYMinimum","-1.146"
"TransformerWithCTSaturation/Before Noise PrimCurr","Scope","","ActiveDisplayYMaximum","1.146"
"TransformerWithCTSaturation/Before Noise PrimCurr","Scope","","DataLoggingLimitDataPoints","off"
"TransformerWithCTSaturation/Before Noise PrimCurr","Scope","","DataLoggingMaxPoints","5000"
"TransformerWithCTSaturation/Before Noise PrimCurr","Scope","","DataLoggingDecimateData","off"
"TransformerWithCTSaturation/Before Noise PrimCurr","Scope","","DataLoggingDecimation","2"
"TransformerWithCTSaturation/Before Noise PrimCurr","Scope","","DataLogging","off"
"TransformerWithCTSaturation/Before Noise PrimCurr","Scope","","DataLoggingVariableName","ScopeData2"
"TransformerWithCTSaturation/Before Noise PrimCurr","Scope","","DataLoggingSaveFormat","Dataset"
"TransformerWithCTSaturation/Before Noise SecCurr","Scope","","OpenAtSimulationStart","off"
"TransformerWithCTSaturation/Before Noise SecCurr","Scope","","DisplayFullPath","off"
"TransformerWithCTSaturation/Before Noise SecCurr","Scope","","NumInputPorts","3"
"TransformerWithCTSaturation/Before Noise SecCurr","Scope","","LayoutDimensionsString","[3 1]"
"TransformerWithCTSaturation/Before Noise SecCurr","Scope","","SampleTime","-1"
"TransformerWithCTSaturation/Before Noise SecCurr","Scope","","FrameBasedProcessingString","Elements as channels (sample based)"
"TransformerWithCTSaturation/Before Noise SecCurr","Scope","","MaximizeAxes","Off"
"TransformerWithCTSaturation/Before Noise SecCurr","Scope","","AxesScaling","Manual"
"TransformerWithCTSaturation/Before Noise SecCurr","Scope","","AxesScalingNumUpdates","10"
"TransformerWithCTSaturation/Before Noise SecCurr","Scope","","TimeSpan","Auto"
"TransformerWithCTSaturation/Before Noise SecCurr","Scope","","TimeSpanOverrunAction","Wrap"
"TransformerWithCTSaturation/Before Noise SecCurr","Scope","","TimeUnits","None"
"TransformerWithCTSaturation/Before Noise SecCurr","Scope","","TimeDisplayOffset","0"
"TransformerWithCTSaturation/Before Noise SecCurr","Scope","","TimeAxisLabels","Bottom displays only"
"TransformerWithCTSaturation/Before Noise SecCurr","Scope","","ShowTimeAxisLabel","off"
"TransformerWithCTSaturation/Before Noise SecCurr","Scope","","ActiveDisplayString","1"
"TransformerWithCTSaturation/Before Noise SecCurr","Scope","","Title","%<SignalLabel>"
"TransformerWithCTSaturation/Before Noise SecCurr","Scope","","ShowLegend","on"
"TransformerWithCTSaturation/Before Noise SecCurr","Scope","","ShowGrid","on"
"TransformerWithCTSaturation/Before Noise SecCurr","Scope","","PlotAsMagnitudePhase","off"
"TransformerWithCTSaturation/Before Noise SecCurr","Scope","","ActiveDisplayYMinimum","-0.05374"
"TransformerWithCTSaturation/Before Noise SecCurr","Scope","","ActiveDisplayYMaximum","0.05374"
"TransformerWithCTSaturation/Before Noise SecCurr","Scope","","DataLoggingLimitDataPoints","off"
"TransformerWithCTSaturation/Before Noise SecCurr","Scope","","DataLoggingMaxPoints","5000"
"TransformerWithCTSaturation/Before Noise SecCurr","Scope","","DataLoggingDecimateData","off"
"TransformerWithCTSaturation/Before Noise SecCurr","Scope","","DataLoggingDecimation","2"
"TransformerWithCTSaturation/Before Noise SecCurr","Scope","","DataLogging","off"
"TransformerWithCTSaturation/Before Noise SecCurr","Scope","","DataLoggingVariableName","ScopeData3"
"TransformerWithCTSaturation/Before Noise SecCurr","Scope","","DataLoggingSaveFormat","Dataset"
"TransformerWithCTSaturation/CT","SubSystem","","ShowPortLabels","FromPortIcon"
"TransformerWithCTSaturation/CT","SubSystem","","Permissions","ReadWrite"
"TransformerWithCTSaturation/CT","SubSystem","","PermitHierarchicalResolution","All"
"TransformerWithCTSaturation/CT","SubSystem","","TreatAsAtomicUnit","off"
"TransformerWithCTSaturation/CT","SubSystem","","ShowSubsystemReinitializePorts","off"
"TransformerWithCTSaturation/CT","SubSystem","","MinAlgLoopOccurrences","off"
"TransformerWithCTSaturation/CT","SubSystem","","ScheduleAs","Sample time"
"TransformerWithCTSaturation/CT","SubSystem","","SystemSampleTime","-1"
"TransformerWithCTSaturation/CT","SubSystem","","SetExecutionDomain","off"
"TransformerWithCTSaturation/CT","SubSystem","","ExecutionDomainType","Deduce"
"TransformerWithCTSaturation/CT","SubSystem","","RTWSystemCode","Auto"
"TransformerWithCTSaturation/CT","SubSystem","","RTWFcnNameOpts","Auto"
"TransformerWithCTSaturation/CT","SubSystem","","RTWFileNameOpts","Auto"
"TransformerWithCTSaturation/CT","SubSystem","","FunctionInterfaceSpec","void_void"
"TransformerWithCTSaturation/CT","SubSystem","","FunctionWithSeparateData","off"
"TransformerWithCTSaturation/CT","SubSystem","","RTWMemSecFuncInitTerm","Inherit from model"
"TransformerWithCTSaturation/CT","SubSystem","","RTWMemSecFuncExecute","Inherit from model"
"TransformerWithCTSaturation/CT","SubSystem","","RTWMemSecDataConstants","Inherit from model"
"TransformerWithCTSaturation/CT","SubSystem","","RTWMemSecDataInternal","Inherit from model"
"TransformerWithCTSaturation/CT","SubSystem","","RTWMemSecDataParameters","Inherit from model"
"TransformerWithCTSaturation/CT","SubSystem","","IsSubsystemVirtual","on"
"TransformerWithCTSaturation/CT","SubSystem","","Variant","off"
"TransformerWithCTSaturation/CT","SubSystem","","VariantChoices","[]"
"TransformerWithCTSaturation/CT","SubSystem","","VariantControlMode","expression"
"TransformerWithCTSaturation/CT","SubSystem","","VariantActivationTime","update diagram"
"TransformerWithCTSaturation/CT","SubSystem","","AllowZeroVariantControls","off"
"TransformerWithCTSaturation/CT","SubSystem","","PropagateVariantConditions","off"
"TransformerWithCTSaturation/CT","SubSystem","","TreatAsGroupedWhenPropagatingVariantConditions","on"
"TransformerWithCTSaturation/CT","SubSystem","","Latency","0"
"TransformerWithCTSaturation/CT","SubSystem","","AutoFrameSizeCalculation","off"
"TransformerWithCTSaturation/CT","SubSystem","","CompiledVariantActivationTime","update diagram"
"TransformerWithCTSaturation/CT/1ohm","PMComponent","spsSeriesRLCBranchLib/Series RLC Branch","BranchType","R"
"TransformerWithCTSaturation/CT/1ohm","PMComponent","spsSeriesRLCBranchLib/Series RLC Branch","Resistance","1"
"TransformerWithCTSaturation/CT/1ohm","PMComponent","spsSeriesRLCBranchLib/Series RLC Branch","Inductance","[]"
"TransformerWithCTSaturation/CT/1ohm","PMComponent","spsSeriesRLCBranchLib/Series RLC Branch","SetiL0","off"
"TransformerWithCTSaturation/CT/1ohm","PMComponent","spsSeriesRLCBranchLib/Series RLC Branch","InitialCurrent","0"
"TransformerWithCTSaturation/CT/1ohm","PMComponent","spsSeriesRLCBranchLib/Series RLC Branch","Capacitance","[]"
"TransformerWithCTSaturation/CT/1ohm","PMComponent","spsSeriesRLCBranchLib/Series RLC Branch","Setx0","off"
"TransformerWithCTSaturation/CT/1ohm","PMComponent","spsSeriesRLCBranchLib/Series RLC Branch","InitialVoltage","0"
"TransformerWithCTSaturation/CT/1ohm","PMComponent","spsSeriesRLCBranchLib/Series RLC Branch","Measurements","None"
"TransformerWithCTSaturation/CT/CT 2000//5 A
25 VA","SubSystem","spsSaturableTransformerLib/Saturable Transformer","ThreeWindings","off"
"TransformerWithCTSaturation/CT/CT 2000//5 A
25 VA","SubSystem","spsSaturableTransformerLib/Saturable Transformer","Hysteresis","off"
"TransformerWithCTSaturation/CT/CT 2000//5 A
25 VA","SubSystem","spsSaturableTransformerLib/Saturable Transformer","DataFile","'hysteresis'"
"TransformerWithCTSaturation/CT/CT 2000//5 A
25 VA","SubSystem","spsSaturableTransformerLib/Saturable Transformer","Measurements","Flux and magnetization current ( Imag )"
"TransformerWithCTSaturation/CT/CT 2000//5 A
25 VA","SubSystem","spsSaturableTransformerLib/Saturable Transformer","UNITS","pu"
"TransformerWithCTSaturation/CT/CT 2000//5 A
25 VA","SubSystem","spsSaturableTransformerLib/Saturable Transformer","NominalPower","[25 50]"
"TransformerWithCTSaturation/CT/CT 2000//5 A
25 VA","SubSystem","spsSaturableTransformerLib/Saturable Transformer","Winding1","[5*(1/400) 0.2 0.001]"
"TransformerWithCTSaturation/CT/CT 2000//5 A
25 VA","SubSystem","spsSaturableTransformerLib/Saturable Transformer","Winding2","[5 0.2 0.001]"
"TransformerWithCTSaturation/CT/CT 2000//5 A
25 VA","SubSystem","spsSaturableTransformerLib/Saturable Transformer","Winding3","[5 0.001 0.04 ]"
"TransformerWithCTSaturation/CT/CT 2000//5 A
25 VA","SubSystem","spsSaturableTransformerLib/Saturable Transformer","Saturation","[0 0 ; 0.001 0.8 ; 0.01 1.15 ; 0.1 1.25 ; 1 1.3]"
"TransformerWithCTSaturation/CT/CT 2000//5 A
25 VA","SubSystem","spsSaturableTransformerLib/Saturable Transformer","CoreLoss","[100]"
"TransformerWithCTSaturation/CT/CT 2000//5 A
25 VA","SubSystem","spsSaturableTransformerLib/Saturable Transformer","BreakLoop","off"
"TransformerWithCTSaturation/CT/CT 2000//5 A
25 VA","SubSystem","spsSaturableTransformerLib/Saturable Transformer","DiscreteSolver","Trapezoidal iterative"
"TransformerWithCTSaturation/CT/CT 2000//5 A
25 VA","SubSystem","spsSaturableTransformerLib/Saturable Transformer","DataType","off"
"TransformerWithCTSaturation/CT/CT 2000//5 A
25 VA","SubSystem","spsSaturableTransformerLib/Saturable Transformer","InitialFlux","-3.63523805175344e-07"
"TransformerWithCTSaturation/CT/CT 2000//5 A
25 VA","SubSystem","spsSaturableTransformerLib/Saturable Transformer","TransfoNumber","1"
"TransformerWithCTSaturation/CT/I2","SubSystem","spsCurrentMeasurementLib/Current Measurement","PhasorSimulation","off"
"TransformerWithCTSaturation/CT/I2","SubSystem","spsCurrentMeasurementLib/Current Measurement","OutputType","Magnitude"
"TransformerWithCTSaturation/CT/I2","SubSystem","spsCurrentMeasurementLib/Current Measurement","PSBequivalent","0"
"TransformerWithCTSaturation/CT/Conn1","PMIOPort","","Port","1"
"TransformerWithCTSaturation/CT/Conn1","PMIOPort","","Side","Left"
"TransformerWithCTSaturation/CT/Conn1","PMIOPort","","ConnectionType","Inherit: auto"
"TransformerWithCTSaturation/CT/Conn2","PMIOPort","","Port","2"
"TransformerWithCTSaturation/CT/Conn2","PMIOPort","","Side","Right"
"TransformerWithCTSaturation/CT/Conn2","PMIOPort","","ConnectionType","Inherit: auto"
"TransformerWithCTSaturation/CT/Out1","Outport","","Port","1"
"TransformerWithCTSaturation/CT/Out1","Outport","","SignalObject","[]"
"TransformerWithCTSaturation/CT/Out1","Outport","","StorageClass","Auto"
"TransformerWithCTSaturation/CT/Out1","Outport","","IconDisplay","Port number"
"TransformerWithCTSaturation/CT/Out1","Outport","","OutputFunctionCall","off"
"TransformerWithCTSaturation/CT/Out1","Outport","","OutMin","[]"
"TransformerWithCTSaturation/CT/Out1","Outport","","OutMax","[]"
"TransformerWithCTSaturation/CT/Out1","Outport","","OutDataTypeStr","Inherit: auto"
"TransformerWithCTSaturation/CT/Out1","Outport","","LockScale","off"
"TransformerWithCTSaturation/CT/Out1","Outport","","BusOutputAsStruct","off"
"TransformerWithCTSaturation/CT/Out1","Outport","","BusVirtuality","inherit"
"TransformerWithCTSaturation/CT/Out1","Outport","","DataMode","inherit"
"TransformerWithCTSaturation/CT/Out1","Outport","","Unit","inherit"
"TransformerWithCTSaturation/CT/Out1","Outport","","PortDimensions","-1"
"TransformerWithCTSaturation/CT/Out1","Outport","","VarSizeSig","Inherit"
"TransformerWithCTSaturation/CT/Out1","Outport","","SampleTime","-1"
"TransformerWithCTSaturation/CT/Out1","Outport","","SignalType","auto"
"TransformerWithCTSaturation/CT/Out1","Outport","","EnsureOutportIsVirtual","off"
"TransformerWithCTSaturation/CT/Out1","Outport","","SourceOfInitialOutputValue","Dialog"
"TransformerWithCTSaturation/CT/Out1","Outport","","OutputWhenDisabled","held"
"TransformerWithCTSaturation/CT/Out1","Outport","","InitialOutput","[]"
"TransformerWithCTSaturation/CT/Out1","Outport","","MustResolveToSignalObject","off"
"TransformerWithCTSaturation/CT/Out1","Outport","","OutputWhenUnConnected","off"
"TransformerWithCTSaturation/CT/Out1","Outport","","OutputWhenUnconnectedValue","0"
"TransformerWithCTSaturation/CT/Out1","Outport","","VectorParamsAs1DForOutWhenUnconnected","on"
"TransformerWithCTSaturation/CT1","SubSystem","","ShowPortLabels","FromPortIcon"
"TransformerWithCTSaturation/CT1","SubSystem","","Permissions","ReadWrite"
"TransformerWithCTSaturation/CT1","SubSystem","","PermitHierarchicalResolution","All"
"TransformerWithCTSaturation/CT1","SubSystem","","TreatAsAtomicUnit","off"
"TransformerWithCTSaturation/CT1","SubSystem","","ShowSubsystemReinitializePorts","off"
"TransformerWithCTSaturation/CT1","SubSystem","","MinAlgLoopOccurrences","off"
"TransformerWithCTSaturation/CT1","SubSystem","","ScheduleAs","Sample time"
"TransformerWithCTSaturation/CT1","SubSystem","","SystemSampleTime","-1"
"TransformerWithCTSaturation/CT1","SubSystem","","SetExecutionDomain","off"
"TransformerWithCTSaturation/CT1","SubSystem","","ExecutionDomainType","Deduce"
"TransformerWithCTSaturation/CT1","SubSystem","","RTWSystemCode","Auto"
"TransformerWithCTSaturation/CT1","SubSystem","","RTWFcnNameOpts","Auto"
"TransformerWithCTSaturation/CT1","SubSystem","","RTWFileNameOpts","Auto"
"TransformerWithCTSaturation/CT1","SubSystem","","FunctionInterfaceSpec","void_void"
"TransformerWithCTSaturation/CT1","SubSystem","","FunctionWithSeparateData","off"
"TransformerWithCTSaturation/CT1","SubSystem","","RTWMemSecFuncInitTerm","Inherit from model"
"TransformerWithCTSaturation/CT1","SubSystem","","RTWMemSecFuncExecute","Inherit from model"
"TransformerWithCTSaturation/CT1","SubSystem","","RTWMemSecDataConstants","Inherit from model"
"TransformerWithCTSaturation/CT1","SubSystem","","RTWMemSecDataInternal","Inherit from model"
"TransformerWithCTSaturation/CT1","SubSystem","","RTWMemSecDataParameters","Inherit from model"
"TransformerWithCTSaturation/CT1","SubSystem","","IsSubsystemVirtual","on"
"TransformerWithCTSaturation/CT1","SubSystem","","Variant","off"
"TransformerWithCTSaturation/CT1","SubSystem","","VariantChoices","[]"
"TransformerWithCTSaturation/CT1","SubSystem","","VariantControlMode","expression"
"TransformerWithCTSaturation/CT1","SubSystem","","VariantActivationTime","update diagram"
"TransformerWithCTSaturation/CT1","SubSystem","","AllowZeroVariantControls","off"
"TransformerWithCTSaturation/CT1","SubSystem","","PropagateVariantConditions","off"
"TransformerWithCTSaturation/CT1","SubSystem","","TreatAsGroupedWhenPropagatingVariantConditions","on"
"TransformerWithCTSaturation/CT1","SubSystem","","Latency","0"
"TransformerWithCTSaturation/CT1","SubSystem","","AutoFrameSizeCalculation","off"
"TransformerWithCTSaturation/CT1","SubSystem","","CompiledVariantActivationTime","update diagram"
"TransformerWithCTSaturation/CT1/1ohm","PMComponent","spsSeriesRLCBranchLib/Series RLC Branch","BranchType","R"
"TransformerWithCTSaturation/CT1/1ohm","PMComponent","spsSeriesRLCBranchLib/Series RLC Branch","Resistance","1"
"TransformerWithCTSaturation/CT1/1ohm","PMComponent","spsSeriesRLCBranchLib/Series RLC Branch","Inductance","[]"
"TransformerWithCTSaturation/CT1/1ohm","PMComponent","spsSeriesRLCBranchLib/Series RLC Branch","SetiL0","off"
"TransformerWithCTSaturation/CT1/1ohm","PMComponent","spsSeriesRLCBranchLib/Series RLC Branch","InitialCurrent","0"
"TransformerWithCTSaturation/CT1/1ohm","PMComponent","spsSeriesRLCBranchLib/Series RLC Branch","Capacitance","[]"
"TransformerWithCTSaturation/CT1/1ohm","PMComponent","spsSeriesRLCBranchLib/Series RLC Branch","Setx0","off"
"TransformerWithCTSaturation/CT1/1ohm","PMComponent","spsSeriesRLCBranchLib/Series RLC Branch","InitialVoltage","0"
"TransformerWithCTSaturation/CT1/1ohm","PMComponent","spsSeriesRLCBranchLib/Series RLC Branch","Measurements","None"
"TransformerWithCTSaturation/CT1/CT 2000//5 A
25 VA","SubSystem","spsSaturableTransformerLib/Saturable Transformer","ThreeWindings","off"
"TransformerWithCTSaturation/CT1/CT 2000//5 A
25 VA","SubSystem","spsSaturableTransformerLib/Saturable Transformer","Hysteresis","off"
"TransformerWithCTSaturation/CT1/CT 2000//5 A
25 VA","SubSystem","spsSaturableTransformerLib/Saturable Transformer","DataFile","'hysteresis'"
"TransformerWithCTSaturation/CT1/CT 2000//5 A
25 VA","SubSystem","spsSaturableTransformerLib/Saturable Transformer","Measurements","Flux and magnetization current ( Imag )"
"TransformerWithCTSaturation/CT1/CT 2000//5 A
25 VA","SubSystem","spsSaturableTransformerLib/Saturable Transformer","UNITS","pu"
"TransformerWithCTSaturation/CT1/CT 2000//5 A
25 VA","SubSystem","spsSaturableTransformerLib/Saturable Transformer","NominalPower","[25 50]"
"TransformerWithCTSaturation/CT1/CT 2000//5 A
25 VA","SubSystem","spsSaturableTransformerLib/Saturable Transformer","Winding1","[5*(1/400) 0.2 0.001]"
"TransformerWithCTSaturation/CT1/CT 2000//5 A
25 VA","SubSystem","spsSaturableTransformerLib/Saturable Transformer","Winding2","[5 0.2 0.001]"
"TransformerWithCTSaturation/CT1/CT 2000//5 A
25 VA","SubSystem","spsSaturableTransformerLib/Saturable Transformer","Winding3","[5 0.001 0.04 ]"
"TransformerWithCTSaturation/CT1/CT 2000//5 A
25 VA","SubSystem","spsSaturableTransformerLib/Saturable Transformer","Saturation","[0 0 ; 0.001 0.8 ; 0.01 1.15 ; 0.1 1.25 ; 1 1.3]"
"TransformerWithCTSaturation/CT1/CT 2000//5 A
25 VA","SubSystem","spsSaturableTransformerLib/Saturable Transformer","CoreLoss","[100]"
"TransformerWithCTSaturation/CT1/CT 2000//5 A
25 VA","SubSystem","spsSaturableTransformerLib/Saturable Transformer","BreakLoop","off"
"TransformerWithCTSaturation/CT1/CT 2000//5 A
25 VA","SubSystem","spsSaturableTransformerLib/Saturable Transformer","DiscreteSolver","Trapezoidal iterative"
"TransformerWithCTSaturation/CT1/CT 2000//5 A
25 VA","SubSystem","spsSaturableTransformerLib/Saturable Transformer","DataType","off"
"TransformerWithCTSaturation/CT1/CT 2000//5 A
25 VA","SubSystem","spsSaturableTransformerLib/Saturable Transformer","InitialFlux","1.69029581918489e-07"
"TransformerWithCTSaturation/CT1/CT 2000//5 A
25 VA","SubSystem","spsSaturableTransformerLib/Saturable Transformer","TransfoNumber","1"
"TransformerWithCTSaturation/CT1/I2","SubSystem","spsCurrentMeasurementLib/Current Measurement","PhasorSimulation","off"
"TransformerWithCTSaturation/CT1/I2","SubSystem","spsCurrentMeasurementLib/Current Measurement","OutputType","Magnitude"
"TransformerWithCTSaturation/CT1/I2","SubSystem","spsCurrentMeasurementLib/Current Measurement","PSBequivalent","0"
"TransformerWithCTSaturation/CT1/Conn1","PMIOPort","","Port","1"
"TransformerWithCTSaturation/CT1/Conn1","PMIOPort","","Side","Left"
"TransformerWithCTSaturation/CT1/Conn1","PMIOPort","","ConnectionType","Inherit: auto"
"TransformerWithCTSaturation/CT1/Conn2","PMIOPort","","Port","2"
"TransformerWithCTSaturation/CT1/Conn2","PMIOPort","","Side","Right"
"TransformerWithCTSaturation/CT1/Conn2","PMIOPort","","ConnectionType","Inherit: auto"
"TransformerWithCTSaturation/CT1/Out1","Outport","","Port","1"
"TransformerWithCTSaturation/CT1/Out1","Outport","","SignalObject","[]"
"TransformerWithCTSaturation/CT1/Out1","Outport","","StorageClass","Auto"
"TransformerWithCTSaturation/CT1/Out1","Outport","","IconDisplay","Port number"
"TransformerWithCTSaturation/CT1/Out1","Outport","","OutputFunctionCall","off"
"TransformerWithCTSaturation/CT1/Out1","Outport","","OutMin","[]"
"TransformerWithCTSaturation/CT1/Out1","Outport","","OutMax","[]"
"TransformerWithCTSaturation/CT1/Out1","Outport","","OutDataTypeStr","Inherit: auto"
"TransformerWithCTSaturation/CT1/Out1","Outport","","LockScale","off"
"TransformerWithCTSaturation/CT1/Out1","Outport","","BusOutputAsStruct","off"
"TransformerWithCTSaturation/CT1/Out1","Outport","","BusVirtuality","inherit"
"TransformerWithCTSaturation/CT1/Out1","Outport","","DataMode","inherit"
"TransformerWithCTSaturation/CT1/Out1","Outport","","Unit","inherit"
"TransformerWithCTSaturation/CT1/Out1","Outport","","PortDimensions","-1"
"TransformerWithCTSaturation/CT1/Out1","Outport","","VarSizeSig","Inherit"
"TransformerWithCTSaturation/CT1/Out1","Outport","","SampleTime","-1"
"TransformerWithCTSaturation/CT1/Out1","Outport","","SignalType","auto"
"TransformerWithCTSaturation/CT1/Out1","Outport","","EnsureOutportIsVirtual","off"
"TransformerWithCTSaturation/CT1/Out1","Outport","","SourceOfInitialOutputValue","Dialog"
"TransformerWithCTSaturation/CT1/Out1","Outport","","OutputWhenDisabled","held"
"TransformerWithCTSaturation/CT1/Out1","Outport","","InitialOutput","[]"
"TransformerWithCTSaturation/CT1/Out1","Outport","","MustResolveToSignalObject","off"
"TransformerWithCTSaturation/CT1/Out1","Outport","","OutputWhenUnConnected","off"
"TransformerWithCTSaturation/CT1/Out1","Outport","","OutputWhenUnconnectedValue","0"
"TransformerWithCTSaturation/CT1/Out1","Outport","","VectorParamsAs1DForOutWhenUnconnected","on"
"TransformerWithCTSaturation/CT2","SubSystem","","ShowPortLabels","FromPortIcon"
"TransformerWithCTSaturation/CT2","SubSystem","","Permissions","ReadWrite"
"TransformerWithCTSaturation/CT2","SubSystem","","PermitHierarchicalResolution","All"
"TransformerWithCTSaturation/CT2","SubSystem","","TreatAsAtomicUnit","off"
"TransformerWithCTSaturation/CT2","SubSystem","","ShowSubsystemReinitializePorts","off"
"TransformerWithCTSaturation/CT2","SubSystem","","MinAlgLoopOccurrences","off"
"TransformerWithCTSaturation/CT2","SubSystem","","ScheduleAs","Sample time"
"TransformerWithCTSaturation/CT2","SubSystem","","SystemSampleTime","-1"
"TransformerWithCTSaturation/CT2","SubSystem","","SetExecutionDomain","off"
"TransformerWithCTSaturation/CT2","SubSystem","","ExecutionDomainType","Deduce"
"TransformerWithCTSaturation/CT2","SubSystem","","RTWSystemCode","Auto"
"TransformerWithCTSaturation/CT2","SubSystem","","RTWFcnNameOpts","Auto"
"TransformerWithCTSaturation/CT2","SubSystem","","RTWFileNameOpts","Auto"
"TransformerWithCTSaturation/CT2","SubSystem","","FunctionInterfaceSpec","void_void"
"TransformerWithCTSaturation/CT2","SubSystem","","FunctionWithSeparateData","off"
"TransformerWithCTSaturation/CT2","SubSystem","","RTWMemSecFuncInitTerm","Inherit from model"
"TransformerWithCTSaturation/CT2","SubSystem","","RTWMemSecFuncExecute","Inherit from model"
"TransformerWithCTSaturation/CT2","SubSystem","","RTWMemSecDataConstants","Inherit from model"
"TransformerWithCTSaturation/CT2","SubSystem","","RTWMemSecDataInternal","Inherit from model"
"TransformerWithCTSaturation/CT2","SubSystem","","RTWMemSecDataParameters","Inherit from model"
"TransformerWithCTSaturation/CT2","SubSystem","","IsSubsystemVirtual","on"
"TransformerWithCTSaturation/CT2","SubSystem","","Variant","off"
"TransformerWithCTSaturation/CT2","SubSystem","","VariantChoices","[]"
"TransformerWithCTSaturation/CT2","SubSystem","","VariantControlMode","expression"
"TransformerWithCTSaturation/CT2","SubSystem","","VariantActivationTime","update diagram"
"TransformerWithCTSaturation/CT2","SubSystem","","AllowZeroVariantControls","off"
"TransformerWithCTSaturation/CT2","SubSystem","","PropagateVariantConditions","off"
"TransformerWithCTSaturation/CT2","SubSystem","","TreatAsGroupedWhenPropagatingVariantConditions","on"
"TransformerWithCTSaturation/CT2","SubSystem","","Latency","0"
"TransformerWithCTSaturation/CT2","SubSystem","","AutoFrameSizeCalculation","off"
"TransformerWithCTSaturation/CT2","SubSystem","","CompiledVariantActivationTime","update diagram"
"TransformerWithCTSaturation/CT2/1ohm","PMComponent","spsSeriesRLCBranchLib/Series RLC Branch","BranchType","R"
"TransformerWithCTSaturation/CT2/1ohm","PMComponent","spsSeriesRLCBranchLib/Series RLC Branch","Resistance","1"
"TransformerWithCTSaturation/CT2/1ohm","PMComponent","spsSeriesRLCBranchLib/Series RLC Branch","Inductance","[]"
"TransformerWithCTSaturation/CT2/1ohm","PMComponent","spsSeriesRLCBranchLib/Series RLC Branch","SetiL0","off"
"TransformerWithCTSaturation/CT2/1ohm","PMComponent","spsSeriesRLCBranchLib/Series RLC Branch","InitialCurrent","0"
"TransformerWithCTSaturation/CT2/1ohm","PMComponent","spsSeriesRLCBranchLib/Series RLC Branch","Capacitance","[]"
"TransformerWithCTSaturation/CT2/1ohm","PMComponent","spsSeriesRLCBranchLib/Series RLC Branch","Setx0","off"
"TransformerWithCTSaturation/CT2/1ohm","PMComponent","spsSeriesRLCBranchLib/Series RLC Branch","InitialVoltage","0"
"TransformerWithCTSaturation/CT2/1ohm","PMComponent","spsSeriesRLCBranchLib/Series RLC Branch","Measurements","None"
"TransformerWithCTSaturation/CT2/CT 2000//5 A
25 VA","SubSystem","spsSaturableTransformerLib/Saturable Transformer","ThreeWindings","off"
"TransformerWithCTSaturation/CT2/CT 2000//5 A
25 VA","SubSystem","spsSaturableTransformerLib/Saturable Transformer","Hysteresis","off"
"TransformerWithCTSaturation/CT2/CT 2000//5 A
25 VA","SubSystem","spsSaturableTransformerLib/Saturable Transformer","DataFile","'hysteresis'"
"TransformerWithCTSaturation/CT2/CT 2000//5 A
25 VA","SubSystem","spsSaturableTransformerLib/Saturable Transformer","Measurements","Flux and magnetization current ( Imag )"
"TransformerWithCTSaturation/CT2/CT 2000//5 A
25 VA","SubSystem","spsSaturableTransformerLib/Saturable Transformer","UNITS","pu"
"TransformerWithCTSaturation/CT2/CT 2000//5 A
25 VA","SubSystem","spsSaturableTransformerLib/Saturable Transformer","NominalPower","[25 50]"
"TransformerWithCTSaturation/CT2/CT 2000//5 A
25 VA","SubSystem","spsSaturableTransformerLib/Saturable Transformer","Winding1","[5*(1/400) 0.2 0.001]"
"TransformerWithCTSaturation/CT2/CT 2000//5 A
25 VA","SubSystem","spsSaturableTransformerLib/Saturable Transformer","Winding2","[5 0.2 0.001]"
"TransformerWithCTSaturation/CT2/CT 2000//5 A
25 VA","SubSystem","spsSaturableTransformerLib/Saturable Transformer","Winding3","[5 0.001 0.04 ]"
"TransformerWithCTSaturation/CT2/CT 2000//5 A
25 VA","SubSystem","spsSaturableTransformerLib/Saturable Transformer","Saturation","[0 0 ; 0.001 0.8 ; 0.01 1.15 ; 0.1 1.25 ; 1 1.3]"
"TransformerWithCTSaturation/CT2/CT 2000//5 A
25 VA","SubSystem","spsSaturableTransformerLib/Saturable Transformer","CoreLoss","[100]"
"TransformerWithCTSaturation/CT2/CT 2000//5 A
25 VA","SubSystem","spsSaturableTransformerLib/Saturable Transformer","BreakLoop","off"
"TransformerWithCTSaturation/CT2/CT 2000//5 A
25 VA","SubSystem","spsSaturableTransformerLib/Saturable Transformer","DiscreteSolver","Trapezoidal iterative"
"TransformerWithCTSaturation/CT2/CT 2000//5 A
25 VA","SubSystem","spsSaturableTransformerLib/Saturable Transformer","DataType","off"
"TransformerWithCTSaturation/CT2/CT 2000//5 A
25 VA","SubSystem","spsSaturableTransformerLib/Saturable Transformer","InitialFlux","1.94494223256858e-07"
"TransformerWithCTSaturation/CT2/CT 2000//5 A
25 VA","SubSystem","spsSaturableTransformerLib/Saturable Transformer","TransfoNumber","1"
"TransformerWithCTSaturation/CT2/I2","SubSystem","spsCurrentMeasurementLib/Current Measurement","PhasorSimulation","off"
"TransformerWithCTSaturation/CT2/I2","SubSystem","spsCurrentMeasurementLib/Current Measurement","OutputType","Magnitude"
"TransformerWithCTSaturation/CT2/I2","SubSystem","spsCurrentMeasurementLib/Current Measurement","PSBequivalent","0"
"TransformerWithCTSaturation/CT2/Conn1","PMIOPort","","Port","1"
"TransformerWithCTSaturation/CT2/Conn1","PMIOPort","","Side","Left"
"TransformerWithCTSaturation/CT2/Conn1","PMIOPort","","ConnectionType","Inherit: auto"
"TransformerWithCTSaturation/CT2/Conn2","PMIOPort","","Port","2"
"TransformerWithCTSaturation/CT2/Conn2","PMIOPort","","Side","Right"
"TransformerWithCTSaturation/CT2/Conn2","PMIOPort","","ConnectionType","Inherit: auto"
"TransformerWithCTSaturation/CT2/Out1","Outport","","Port","1"
"TransformerWithCTSaturation/CT2/Out1","Outport","","SignalObject","[]"
"TransformerWithCTSaturation/CT2/Out1","Outport","","StorageClass","Auto"
"TransformerWithCTSaturation/CT2/Out1","Outport","","IconDisplay","Port number"
"TransformerWithCTSaturation/CT2/Out1","Outport","","OutputFunctionCall","off"
"TransformerWithCTSaturation/CT2/Out1","Outport","","OutMin","[]"
"TransformerWithCTSaturation/CT2/Out1","Outport","","OutMax","[]"
"TransformerWithCTSaturation/CT2/Out1","Outport","","OutDataTypeStr","Inherit: auto"
"TransformerWithCTSaturation/CT2/Out1","Outport","","LockScale","off"
"TransformerWithCTSaturation/CT2/Out1","Outport","","BusOutputAsStruct","off"
"TransformerWithCTSaturation/CT2/Out1","Outport","","BusVirtuality","inherit"
"TransformerWithCTSaturation/CT2/Out1","Outport","","DataMode","inherit"
"TransformerWithCTSaturation/CT2/Out1","Outport","","Unit","inherit"
"TransformerWithCTSaturation/CT2/Out1","Outport","","PortDimensions","-1"
"TransformerWithCTSaturation/CT2/Out1","Outport","","VarSizeSig","Inherit"
"TransformerWithCTSaturation/CT2/Out1","Outport","","SampleTime","-1"
"TransformerWithCTSaturation/CT2/Out1","Outport","","SignalType","auto"
"TransformerWithCTSaturation/CT2/Out1","Outport","","EnsureOutportIsVirtual","off"
"TransformerWithCTSaturation/CT2/Out1","Outport","","SourceOfInitialOutputValue","Dialog"
"TransformerWithCTSaturation/CT2/Out1","Outport","","OutputWhenDisabled","held"
"TransformerWithCTSaturation/CT2/Out1","Outport","","InitialOutput","[]"
"TransformerWithCTSaturation/CT2/Out1","Outport","","MustResolveToSignalObject","off"
"TransformerWithCTSaturation/CT2/Out1","Outport","","OutputWhenUnConnected","off"
"TransformerWithCTSaturation/CT2/Out1","Outport","","OutputWhenUnconnectedValue","0"
"TransformerWithCTSaturation/CT2/Out1","Outport","","VectorParamsAs1DForOutWhenUnconnected","on"
"TransformerWithCTSaturation/CT3","SubSystem","","ShowPortLabels","FromPortIcon"
"TransformerWithCTSaturation/CT3","SubSystem","","Permissions","ReadWrite"
"TransformerWithCTSaturation/CT3","SubSystem","","PermitHierarchicalResolution","All"
"TransformerWithCTSaturation/CT3","SubSystem","","TreatAsAtomicUnit","off"
"TransformerWithCTSaturation/CT3","SubSystem","","ShowSubsystemReinitializePorts","off"
"TransformerWithCTSaturation/CT3","SubSystem","","MinAlgLoopOccurrences","off"
"TransformerWithCTSaturation/CT3","SubSystem","","ScheduleAs","Sample time"
"TransformerWithCTSaturation/CT3","SubSystem","","SystemSampleTime","-1"
"TransformerWithCTSaturation/CT3","SubSystem","","SetExecutionDomain","off"
"TransformerWithCTSaturation/CT3","SubSystem","","ExecutionDomainType","Deduce"
"TransformerWithCTSaturation/CT3","SubSystem","","RTWSystemCode","Auto"
"TransformerWithCTSaturation/CT3","SubSystem","","RTWFcnNameOpts","Auto"
"TransformerWithCTSaturation/CT3","SubSystem","","RTWFileNameOpts","Auto"
"TransformerWithCTSaturation/CT3","SubSystem","","FunctionInterfaceSpec","void_void"
"TransformerWithCTSaturation/CT3","SubSystem","","FunctionWithSeparateData","off"
"TransformerWithCTSaturation/CT3","SubSystem","","RTWMemSecFuncInitTerm","Inherit from model"
"TransformerWithCTSaturation/CT3","SubSystem","","RTWMemSecFuncExecute","Inherit from model"
"TransformerWithCTSaturation/CT3","SubSystem","","RTWMemSecDataConstants","Inherit from model"
"TransformerWithCTSaturation/CT3","SubSystem","","RTWMemSecDataInternal","Inherit from model"
"TransformerWithCTSaturation/CT3","SubSystem","","RTWMemSecDataParameters","Inherit from model"
"TransformerWithCTSaturation/CT3","SubSystem","","IsSubsystemVirtual","on"
"TransformerWithCTSaturation/CT3","SubSystem","","Variant","off"
"TransformerWithCTSaturation/CT3","SubSystem","","VariantChoices","[]"
"TransformerWithCTSaturation/CT3","SubSystem","","VariantControlMode","expression"
"TransformerWithCTSaturation/CT3","SubSystem","","VariantActivationTime","update diagram"
"TransformerWithCTSaturation/CT3","SubSystem","","AllowZeroVariantControls","off"
"TransformerWithCTSaturation/CT3","SubSystem","","PropagateVariantConditions","off"
"TransformerWithCTSaturation/CT3","SubSystem","","TreatAsGroupedWhenPropagatingVariantConditions","on"
"TransformerWithCTSaturation/CT3","SubSystem","","Latency","0"
"TransformerWithCTSaturation/CT3","SubSystem","","AutoFrameSizeCalculation","off"
"TransformerWithCTSaturation/CT3","SubSystem","","CompiledVariantActivationTime","update diagram"
"TransformerWithCTSaturation/CT3/1ohm","PMComponent","spsSeriesRLCBranchLib/Series RLC Branch","BranchType","R"
"TransformerWithCTSaturation/CT3/1ohm","PMComponent","spsSeriesRLCBranchLib/Series RLC Branch","Resistance","1"
"TransformerWithCTSaturation/CT3/1ohm","PMComponent","spsSeriesRLCBranchLib/Series RLC Branch","Inductance","[]"
"TransformerWithCTSaturation/CT3/1ohm","PMComponent","spsSeriesRLCBranchLib/Series RLC Branch","SetiL0","off"
"TransformerWithCTSaturation/CT3/1ohm","PMComponent","spsSeriesRLCBranchLib/Series RLC Branch","InitialCurrent","0"
"TransformerWithCTSaturation/CT3/1ohm","PMComponent","spsSeriesRLCBranchLib/Series RLC Branch","Capacitance","[]"
"TransformerWithCTSaturation/CT3/1ohm","PMComponent","spsSeriesRLCBranchLib/Series RLC Branch","Setx0","off"
"TransformerWithCTSaturation/CT3/1ohm","PMComponent","spsSeriesRLCBranchLib/Series RLC Branch","InitialVoltage","0"
"TransformerWithCTSaturation/CT3/1ohm","PMComponent","spsSeriesRLCBranchLib/Series RLC Branch","Measurements","None"
"TransformerWithCTSaturation/CT3/CT 92000//5 A
25 VA","SubSystem","spsSaturableTransformerLib/Saturable Transformer","ThreeWindings","off"
"TransformerWithCTSaturation/CT3/CT 92000//5 A
25 VA","SubSystem","spsSaturableTransformerLib/Saturable Transformer","Hysteresis","off"
"TransformerWithCTSaturation/CT3/CT 92000//5 A
25 VA","SubSystem","spsSaturableTransformerLib/Saturable Transformer","DataFile","'hysteresis'"
"TransformerWithCTSaturation/CT3/CT 92000//5 A
25 VA","SubSystem","spsSaturableTransformerLib/Saturable Transformer","Measurements","Flux and magnetization current ( Imag )"
"TransformerWithCTSaturation/CT3/CT 92000//5 A
25 VA","SubSystem","spsSaturableTransformerLib/Saturable Transformer","UNITS","pu"
"TransformerWithCTSaturation/CT3/CT 92000//5 A
25 VA","SubSystem","spsSaturableTransformerLib/Saturable Transformer","NominalPower","[25 50]"
"TransformerWithCTSaturation/CT3/CT 92000//5 A
25 VA","SubSystem","spsSaturableTransformerLib/Saturable Transformer","Winding1","[5*(11/92000) 0.2 0.001]"
"TransformerWithCTSaturation/CT3/CT 92000//5 A
25 VA","SubSystem","spsSaturableTransformerLib/Saturable Transformer","Winding2","[5 0.2 0.001]"
"TransformerWithCTSaturation/CT3/CT 92000//5 A
25 VA","SubSystem","spsSaturableTransformerLib/Saturable Transformer","Winding3","[5 0.001 0.04 ]"
"TransformerWithCTSaturation/CT3/CT 92000//5 A
25 VA","SubSystem","spsSaturableTransformerLib/Saturable Transformer","Saturation","[0 0 ; 0.001 0.8 ; 0.01 1.15 ; 0.1 1.25 ; 1 1.3]"
"TransformerWithCTSaturation/CT3/CT 92000//5 A
25 VA","SubSystem","spsSaturableTransformerLib/Saturable Transformer","CoreLoss","[100]"
"TransformerWithCTSaturation/CT3/CT 92000//5 A
25 VA","SubSystem","spsSaturableTransformerLib/Saturable Transformer","BreakLoop","off"
"TransformerWithCTSaturation/CT3/CT 92000//5 A
25 VA","SubSystem","spsSaturableTransformerLib/Saturable Transformer","DiscreteSolver","Trapezoidal iterative"
"TransformerWithCTSaturation/CT3/CT 92000//5 A
25 VA","SubSystem","spsSaturableTransformerLib/Saturable Transformer","DataType","off"
"TransformerWithCTSaturation/CT3/CT 92000//5 A
25 VA","SubSystem","spsSaturableTransformerLib/Saturable Transformer","InitialFlux","1.38699305062864e-08"
"TransformerWithCTSaturation/CT3/CT 92000//5 A
25 VA","SubSystem","spsSaturableTransformerLib/Saturable Transformer","TransfoNumber","1"
"TransformerWithCTSaturation/CT3/I2","SubSystem","spsCurrentMeasurementLib/Current Measurement","PhasorSimulation","off"
"TransformerWithCTSaturation/CT3/I2","SubSystem","spsCurrentMeasurementLib/Current Measurement","OutputType","Magnitude"
"TransformerWithCTSaturation/CT3/I2","SubSystem","spsCurrentMeasurementLib/Current Measurement","PSBequivalent","0"
"TransformerWithCTSaturation/CT3/Conn1","PMIOPort","","Port","1"
"TransformerWithCTSaturation/CT3/Conn1","PMIOPort","","Side","Left"
"TransformerWithCTSaturation/CT3/Conn1","PMIOPort","","ConnectionType","Inherit: auto"
"TransformerWithCTSaturation/CT3/Conn2","PMIOPort","","Port","2"
"TransformerWithCTSaturation/CT3/Conn2","PMIOPort","","Side","Right"
"TransformerWithCTSaturation/CT3/Conn2","PMIOPort","","ConnectionType","Inherit: auto"
"TransformerWithCTSaturation/CT3/Out1","Outport","","Port","1"
"TransformerWithCTSaturation/CT3/Out1","Outport","","SignalObject","[]"
"TransformerWithCTSaturation/CT3/Out1","Outport","","StorageClass","Auto"
"TransformerWithCTSaturation/CT3/Out1","Outport","","IconDisplay","Port number"
"TransformerWithCTSaturation/CT3/Out1","Outport","","OutputFunctionCall","off"
"TransformerWithCTSaturation/CT3/Out1","Outport","","OutMin","[]"
"TransformerWithCTSaturation/CT3/Out1","Outport","","OutMax","[]"
"TransformerWithCTSaturation/CT3/Out1","Outport","","OutDataTypeStr","Inherit: auto"
"TransformerWithCTSaturation/CT3/Out1","Outport","","LockScale","off"
"TransformerWithCTSaturation/CT3/Out1","Outport","","BusOutputAsStruct","off"
"TransformerWithCTSaturation/CT3/Out1","Outport","","BusVirtuality","inherit"
"TransformerWithCTSaturation/CT3/Out1","Outport","","DataMode","inherit"
"TransformerWithCTSaturation/CT3/Out1","Outport","","Unit","inherit"
"TransformerWithCTSaturation/CT3/Out1","Outport","","PortDimensions","-1"
"TransformerWithCTSaturation/CT3/Out1","Outport","","VarSizeSig","Inherit"
"TransformerWithCTSaturation/CT3/Out1","Outport","","SampleTime","-1"
"TransformerWithCTSaturation/CT3/Out1","Outport","","SignalType","auto"
"TransformerWithCTSaturation/CT3/Out1","Outport","","EnsureOutportIsVirtual","off"
"TransformerWithCTSaturation/CT3/Out1","Outport","","SourceOfInitialOutputValue","Dialog"
"TransformerWithCTSaturation/CT3/Out1","Outport","","OutputWhenDisabled","held"
"TransformerWithCTSaturation/CT3/Out1","Outport","","InitialOutput","[]"
"TransformerWithCTSaturation/CT3/Out1","Outport","","MustResolveToSignalObject","off"
"TransformerWithCTSaturation/CT3/Out1","Outport","","OutputWhenUnConnected","off"
"TransformerWithCTSaturation/CT3/Out1","Outport","","OutputWhenUnconnectedValue","0"
"TransformerWithCTSaturation/CT3/Out1","Outport","","VectorParamsAs1DForOutWhenUnconnected","on"
"TransformerWithCTSaturation/CT4","SubSystem","","ShowPortLabels","FromPortIcon"
"TransformerWithCTSaturation/CT4","SubSystem","","Permissions","ReadWrite"
"TransformerWithCTSaturation/CT4","SubSystem","","PermitHierarchicalResolution","All"
"TransformerWithCTSaturation/CT4","SubSystem","","TreatAsAtomicUnit","off"
"TransformerWithCTSaturation/CT4","SubSystem","","ShowSubsystemReinitializePorts","off"
"TransformerWithCTSaturation/CT4","SubSystem","","MinAlgLoopOccurrences","off"
"TransformerWithCTSaturation/CT4","SubSystem","","ScheduleAs","Sample time"
"TransformerWithCTSaturation/CT4","SubSystem","","SystemSampleTime","-1"
"TransformerWithCTSaturation/CT4","SubSystem","","SetExecutionDomain","off"
"TransformerWithCTSaturation/CT4","SubSystem","","ExecutionDomainType","Deduce"
"TransformerWithCTSaturation/CT4","SubSystem","","RTWSystemCode","Auto"
"TransformerWithCTSaturation/CT4","SubSystem","","RTWFcnNameOpts","Auto"
"TransformerWithCTSaturation/CT4","SubSystem","","RTWFileNameOpts","Auto"
"TransformerWithCTSaturation/CT4","SubSystem","","FunctionInterfaceSpec","void_void"
"TransformerWithCTSaturation/CT4","SubSystem","","FunctionWithSeparateData","off"
"TransformerWithCTSaturation/CT4","SubSystem","","RTWMemSecFuncInitTerm","Inherit from model"
"TransformerWithCTSaturation/CT4","SubSystem","","RTWMemSecFuncExecute","Inherit from model"
"TransformerWithCTSaturation/CT4","SubSystem","","RTWMemSecDataConstants","Inherit from model"
"TransformerWithCTSaturation/CT4","SubSystem","","RTWMemSecDataInternal","Inherit from model"
"TransformerWithCTSaturation/CT4","SubSystem","","RTWMemSecDataParameters","Inherit from model"
"TransformerWithCTSaturation/CT4","SubSystem","","IsSubsystemVirtual","on"
"TransformerWithCTSaturation/CT4","SubSystem","","Variant","off"
"TransformerWithCTSaturation/CT4","SubSystem","","VariantChoices","[]"
"TransformerWithCTSaturation/CT4","SubSystem","","VariantControlMode","expression"
"TransformerWithCTSaturation/CT4","SubSystem","","VariantActivationTime","update diagram"
"TransformerWithCTSaturation/CT4","SubSystem","","AllowZeroVariantControls","off"
"TransformerWithCTSaturation/CT4","SubSystem","","PropagateVariantConditions","off"
"TransformerWithCTSaturation/CT4","SubSystem","","TreatAsGroupedWhenPropagatingVariantConditions","on"
"TransformerWithCTSaturation/CT4","SubSystem","","Latency","0"
"TransformerWithCTSaturation/CT4","SubSystem","","AutoFrameSizeCalculation","off"
"TransformerWithCTSaturation/CT4","SubSystem","","CompiledVariantActivationTime","update diagram"
"TransformerWithCTSaturation/CT4/1ohm","PMComponent","spsSeriesRLCBranchLib/Series RLC Branch","BranchType","R"
"TransformerWithCTSaturation/CT4/1ohm","PMComponent","spsSeriesRLCBranchLib/Series RLC Branch","Resistance","1"
"TransformerWithCTSaturation/CT4/1ohm","PMComponent","spsSeriesRLCBranchLib/Series RLC Branch","Inductance","[]"
"TransformerWithCTSaturation/CT4/1ohm","PMComponent","spsSeriesRLCBranchLib/Series RLC Branch","SetiL0","off"
"TransformerWithCTSaturation/CT4/1ohm","PMComponent","spsSeriesRLCBranchLib/Series RLC Branch","InitialCurrent","0"
"TransformerWithCTSaturation/CT4/1ohm","PMComponent","spsSeriesRLCBranchLib/Series RLC Branch","Capacitance","[]"
"TransformerWithCTSaturation/CT4/1ohm","PMComponent","spsSeriesRLCBranchLib/Series RLC Branch","Setx0","off"
"TransformerWithCTSaturation/CT4/1ohm","PMComponent","spsSeriesRLCBranchLib/Series RLC Branch","InitialVoltage","0"
"TransformerWithCTSaturation/CT4/1ohm","PMComponent","spsSeriesRLCBranchLib/Series RLC Branch","Measurements","None"
"TransformerWithCTSaturation/CT4/CT 92000//5 A
25 VA","SubSystem","spsSaturableTransformerLib/Saturable Transformer","ThreeWindings","off"
"TransformerWithCTSaturation/CT4/CT 92000//5 A
25 VA","SubSystem","spsSaturableTransformerLib/Saturable Transformer","Hysteresis","off"
"TransformerWithCTSaturation/CT4/CT 92000//5 A
25 VA","SubSystem","spsSaturableTransformerLib/Saturable Transformer","DataFile","'hysteresis'"
"TransformerWithCTSaturation/CT4/CT 92000//5 A
25 VA","SubSystem","spsSaturableTransformerLib/Saturable Transformer","Measurements","Flux and magnetization current ( Imag )"
"TransformerWithCTSaturation/CT4/CT 92000//5 A
25 VA","SubSystem","spsSaturableTransformerLib/Saturable Transformer","UNITS","pu"
"TransformerWithCTSaturation/CT4/CT 92000//5 A
25 VA","SubSystem","spsSaturableTransformerLib/Saturable Transformer","NominalPower","[25 50]"
"TransformerWithCTSaturation/CT4/CT 92000//5 A
25 VA","SubSystem","spsSaturableTransformerLib/Saturable Transformer","Winding1","[5*(11/92000) 0.2 0.001]"
"TransformerWithCTSaturation/CT4/CT 92000//5 A
25 VA","SubSystem","spsSaturableTransformerLib/Saturable Transformer","Winding2","[5 0.2 0.001]"
"TransformerWithCTSaturation/CT4/CT 92000//5 A
25 VA","SubSystem","spsSaturableTransformerLib/Saturable Transformer","Winding3","[5 0.001 0.04 ]"
"TransformerWithCTSaturation/CT4/CT 92000//5 A
25 VA","SubSystem","spsSaturableTransformerLib/Saturable Transformer","Saturation","[0 0 ; 0.001 0.8 ; 0.01 1.15 ; 0.1 1.25 ; 1 1.3]"
"TransformerWithCTSaturation/CT4/CT 92000//5 A
25 VA","SubSystem","spsSaturableTransformerLib/Saturable Transformer","CoreLoss","[100]"
"TransformerWithCTSaturation/CT4/CT 92000//5 A
25 VA","SubSystem","spsSaturableTransformerLib/Saturable Transformer","BreakLoop","off"
"TransformerWithCTSaturation/CT4/CT 92000//5 A
25 VA","SubSystem","spsSaturableTransformerLib/Saturable Transformer","DiscreteSolver","Trapezoidal iterative"
"TransformerWithCTSaturation/CT4/CT 92000//5 A
25 VA","SubSystem","spsSaturableTransformerLib/Saturable Transformer","DataType","off"
"TransformerWithCTSaturation/CT4/CT 92000//5 A
25 VA","SubSystem","spsSaturableTransformerLib/Saturable Transformer","InitialFlux","-1.45058796488014e-08"
"TransformerWithCTSaturation/CT4/CT 92000//5 A
25 VA","SubSystem","spsSaturableTransformerLib/Saturable Transformer","TransfoNumber","1"
"TransformerWithCTSaturation/CT4/I2","SubSystem","spsCurrentMeasurementLib/Current Measurement","PhasorSimulation","off"
"TransformerWithCTSaturation/CT4/I2","SubSystem","spsCurrentMeasurementLib/Current Measurement","OutputType","Magnitude"
"TransformerWithCTSaturation/CT4/I2","SubSystem","spsCurrentMeasurementLib/Current Measurement","PSBequivalent","0"
"TransformerWithCTSaturation/CT4/Conn1","PMIOPort","","Port","1"
"TransformerWithCTSaturation/CT4/Conn1","PMIOPort","","Side","Left"
"TransformerWithCTSaturation/CT4/Conn1","PMIOPort","","ConnectionType","Inherit: auto"
"TransformerWithCTSaturation/CT4/Conn2","PMIOPort","","Port","2"
"TransformerWithCTSaturation/CT4/Conn2","PMIOPort","","Side","Right"
"TransformerWithCTSaturation/CT4/Conn2","PMIOPort","","ConnectionType","Inherit: auto"
"TransformerWithCTSaturation/CT4/Out1","Outport","","Port","1"
"TransformerWithCTSaturation/CT4/Out1","Outport","","SignalObject","[]"
"TransformerWithCTSaturation/CT4/Out1","Outport","","StorageClass","Auto"
"TransformerWithCTSaturation/CT4/Out1","Outport","","IconDisplay","Port number"
"TransformerWithCTSaturation/CT4/Out1","Outport","","OutputFunctionCall","off"
"TransformerWithCTSaturation/CT4/Out1","Outport","","OutMin","[]"
"TransformerWithCTSaturation/CT4/Out1","Outport","","OutMax","[]"
"TransformerWithCTSaturation/CT4/Out1","Outport","","OutDataTypeStr","Inherit: auto"
"TransformerWithCTSaturation/CT4/Out1","Outport","","LockScale","off"
"TransformerWithCTSaturation/CT4/Out1","Outport","","BusOutputAsStruct","off"
"TransformerWithCTSaturation/CT4/Out1","Outport","","BusVirtuality","inherit"
"TransformerWithCTSaturation/CT4/Out1","Outport","","DataMode","inherit"
"TransformerWithCTSaturation/CT4/Out1","Outport","","Unit","inherit"
"TransformerWithCTSaturation/CT4/Out1","Outport","","PortDimensions","-1"
"TransformerWithCTSaturation/CT4/Out1","Outport","","VarSizeSig","Inherit"
"TransformerWithCTSaturation/CT4/Out1","Outport","","SampleTime","-1"
"TransformerWithCTSaturation/CT4/Out1","Outport","","SignalType","auto"
"TransformerWithCTSaturation/CT4/Out1","Outport","","EnsureOutportIsVirtual","off"
"TransformerWithCTSaturation/CT4/Out1","Outport","","SourceOfInitialOutputValue","Dialog"
"TransformerWithCTSaturation/CT4/Out1","Outport","","OutputWhenDisabled","held"
"TransformerWithCTSaturation/CT4/Out1","Outport","","InitialOutput","[]"
"TransformerWithCTSaturation/CT4/Out1","Outport","","MustResolveToSignalObject","off"
"TransformerWithCTSaturation/CT4/Out1","Outport","","OutputWhenUnConnected","off"
"TransformerWithCTSaturation/CT4/Out1","Outport","","OutputWhenUnconnectedValue","0"
"TransformerWithCTSaturation/CT4/Out1","Outport","","VectorParamsAs1DForOutWhenUnconnected","on"
"TransformerWithCTSaturation/CT6","SubSystem","","ShowPortLabels","FromPortIcon"
"TransformerWithCTSaturation/CT6","SubSystem","","Permissions","ReadWrite"
"TransformerWithCTSaturation/CT6","SubSystem","","PermitHierarchicalResolution","All"
"TransformerWithCTSaturation/CT6","SubSystem","","TreatAsAtomicUnit","off"
"TransformerWithCTSaturation/CT6","SubSystem","","ShowSubsystemReinitializePorts","off"
"TransformerWithCTSaturation/CT6","SubSystem","","MinAlgLoopOccurrences","off"
"TransformerWithCTSaturation/CT6","SubSystem","","ScheduleAs","Sample time"
"TransformerWithCTSaturation/CT6","SubSystem","","SystemSampleTime","-1"
"TransformerWithCTSaturation/CT6","SubSystem","","SetExecutionDomain","off"
"TransformerWithCTSaturation/CT6","SubSystem","","ExecutionDomainType","Deduce"
"TransformerWithCTSaturation/CT6","SubSystem","","RTWSystemCode","Auto"
"TransformerWithCTSaturation/CT6","SubSystem","","RTWFcnNameOpts","Auto"
"TransformerWithCTSaturation/CT6","SubSystem","","RTWFileNameOpts","Auto"
"TransformerWithCTSaturation/CT6","SubSystem","","FunctionInterfaceSpec","void_void"
"TransformerWithCTSaturation/CT6","SubSystem","","FunctionWithSeparateData","off"
"TransformerWithCTSaturation/CT6","SubSystem","","RTWMemSecFuncInitTerm","Inherit from model"
"TransformerWithCTSaturation/CT6","SubSystem","","RTWMemSecFuncExecute","Inherit from model"
"TransformerWithCTSaturation/CT6","SubSystem","","RTWMemSecDataConstants","Inherit from model"
"TransformerWithCTSaturation/CT6","SubSystem","","RTWMemSecDataInternal","Inherit from model"
"TransformerWithCTSaturation/CT6","SubSystem","","RTWMemSecDataParameters","Inherit from model"
"TransformerWithCTSaturation/CT6","SubSystem","","IsSubsystemVirtual","on"
"TransformerWithCTSaturation/CT6","SubSystem","","Variant","off"
"TransformerWithCTSaturation/CT6","SubSystem","","VariantChoices","[]"
"TransformerWithCTSaturation/CT6","SubSystem","","VariantControlMode","expression"
"TransformerWithCTSaturation/CT6","SubSystem","","VariantActivationTime","update diagram"
"TransformerWithCTSaturation/CT6","SubSystem","","AllowZeroVariantControls","off"
"TransformerWithCTSaturation/CT6","SubSystem","","PropagateVariantConditions","off"
"TransformerWithCTSaturation/CT6","SubSystem","","TreatAsGroupedWhenPropagatingVariantConditions","on"
"TransformerWithCTSaturation/CT6","SubSystem","","Latency","0"
"TransformerWithCTSaturation/CT6","SubSystem","","AutoFrameSizeCalculation","off"
"TransformerWithCTSaturation/CT6","SubSystem","","CompiledVariantActivationTime","update diagram"
"TransformerWithCTSaturation/CT6/1ohm","PMComponent","spsSeriesRLCBranchLib/Series RLC Branch","BranchType","R"
"TransformerWithCTSaturation/CT6/1ohm","PMComponent","spsSeriesRLCBranchLib/Series RLC Branch","Resistance","1"
"TransformerWithCTSaturation/CT6/1ohm","PMComponent","spsSeriesRLCBranchLib/Series RLC Branch","Inductance","[]"
"TransformerWithCTSaturation/CT6/1ohm","PMComponent","spsSeriesRLCBranchLib/Series RLC Branch","SetiL0","off"
"TransformerWithCTSaturation/CT6/1ohm","PMComponent","spsSeriesRLCBranchLib/Series RLC Branch","InitialCurrent","0"
"TransformerWithCTSaturation/CT6/1ohm","PMComponent","spsSeriesRLCBranchLib/Series RLC Branch","Capacitance","[]"
"TransformerWithCTSaturation/CT6/1ohm","PMComponent","spsSeriesRLCBranchLib/Series RLC Branch","Setx0","off"
"TransformerWithCTSaturation/CT6/1ohm","PMComponent","spsSeriesRLCBranchLib/Series RLC Branch","InitialVoltage","0"
"TransformerWithCTSaturation/CT6/1ohm","PMComponent","spsSeriesRLCBranchLib/Series RLC Branch","Measurements","None"
"TransformerWithCTSaturation/CT6/CT 92000//5 A
25 VA","SubSystem","spsSaturableTransformerLib/Saturable Transformer","ThreeWindings","off"
"TransformerWithCTSaturation/CT6/CT 92000//5 A
25 VA","SubSystem","spsSaturableTransformerLib/Saturable Transformer","Hysteresis","off"
"TransformerWithCTSaturation/CT6/CT 92000//5 A
25 VA","SubSystem","spsSaturableTransformerLib/Saturable Transformer","DataFile","'hysteresis'"
"TransformerWithCTSaturation/CT6/CT 92000//5 A
25 VA","SubSystem","spsSaturableTransformerLib/Saturable Transformer","Measurements","Flux and magnetization current ( Imag )"
"TransformerWithCTSaturation/CT6/CT 92000//5 A
25 VA","SubSystem","spsSaturableTransformerLib/Saturable Transformer","UNITS","pu"
"TransformerWithCTSaturation/CT6/CT 92000//5 A
25 VA","SubSystem","spsSaturableTransformerLib/Saturable Transformer","NominalPower","[25 50]"
"TransformerWithCTSaturation/CT6/CT 92000//5 A
25 VA","SubSystem","spsSaturableTransformerLib/Saturable Transformer","Winding1","[5*(11/92000) 0.2 0.001]"
"TransformerWithCTSaturation/CT6/CT 92000//5 A
25 VA","SubSystem","spsSaturableTransformerLib/Saturable Transformer","Winding2","[5 0.2 0.001]"
"TransformerWithCTSaturation/CT6/CT 92000//5 A
25 VA","SubSystem","spsSaturableTransformerLib/Saturable Transformer","Winding3","[5 0.001 0.04 ]"
"TransformerWithCTSaturation/CT6/CT 92000//5 A
25 VA","SubSystem","spsSaturableTransformerLib/Saturable Transformer","Saturation","[0 0 ; 0.001 0.8 ; 0.01 1.15 ; 0.1 1.25 ; 1 1.3]"
"TransformerWithCTSaturation/CT6/CT 92000//5 A
25 VA","SubSystem","spsSaturableTransformerLib/Saturable Transformer","CoreLoss","[100]"
"TransformerWithCTSaturation/CT6/CT 92000//5 A
25 VA","SubSystem","spsSaturableTransformerLib/Saturable Transformer","BreakLoop","off"
"TransformerWithCTSaturation/CT6/CT 92000//5 A
25 VA","SubSystem","spsSaturableTransformerLib/Saturable Transformer","DiscreteSolver","Trapezoidal iterative"
"TransformerWithCTSaturation/CT6/CT 92000//5 A
25 VA","SubSystem","spsSaturableTransformerLib/Saturable Transformer","DataType","off"
"TransformerWithCTSaturation/CT6/CT 92000//5 A
25 VA","SubSystem","spsSaturableTransformerLib/Saturable Transformer","InitialFlux","6.35949142514992e-10"
"TransformerWithCTSaturation/CT6/CT 92000//5 A
25 VA","SubSystem","spsSaturableTransformerLib/Saturable Transformer","TransfoNumber","1"
"TransformerWithCTSaturation/CT6/I2","SubSystem","spsCurrentMeasurementLib/Current Measurement","PhasorSimulation","off"
"TransformerWithCTSaturation/CT6/I2","SubSystem","spsCurrentMeasurementLib/Current Measurement","OutputType","Magnitude"
"TransformerWithCTSaturation/CT6/I2","SubSystem","spsCurrentMeasurementLib/Current Measurement","PSBequivalent","0"
"TransformerWithCTSaturation/CT6/Conn1","PMIOPort","","Port","1"
"TransformerWithCTSaturation/CT6/Conn1","PMIOPort","","Side","Left"
"TransformerWithCTSaturation/CT6/Conn1","PMIOPort","","ConnectionType","Inherit: auto"
"TransformerWithCTSaturation/CT6/Conn2","PMIOPort","","Port","2"
"TransformerWithCTSaturation/CT6/Conn2","PMIOPort","","Side","Right"
"TransformerWithCTSaturation/CT6/Conn2","PMIOPort","","ConnectionType","Inherit: auto"
"TransformerWithCTSaturation/CT6/Out1","Outport","","Port","1"
"TransformerWithCTSaturation/CT6/Out1","Outport","","SignalObject","[]"
"TransformerWithCTSaturation/CT6/Out1","Outport","","StorageClass","Auto"
"TransformerWithCTSaturation/CT6/Out1","Outport","","IconDisplay","Port number"
"TransformerWithCTSaturation/CT6/Out1","Outport","","OutputFunctionCall","off"
"TransformerWithCTSaturation/CT6/Out1","Outport","","OutMin","[]"
"TransformerWithCTSaturation/CT6/Out1","Outport","","OutMax","[]"
"TransformerWithCTSaturation/CT6/Out1","Outport","","OutDataTypeStr","Inherit: auto"
"TransformerWithCTSaturation/CT6/Out1","Outport","","LockScale","off"
"TransformerWithCTSaturation/CT6/Out1","Outport","","BusOutputAsStruct","off"
"TransformerWithCTSaturation/CT6/Out1","Outport","","BusVirtuality","inherit"
"TransformerWithCTSaturation/CT6/Out1","Outport","","DataMode","inherit"
"TransformerWithCTSaturation/CT6/Out1","Outport","","Unit","inherit"
"TransformerWithCTSaturation/CT6/Out1","Outport","","PortDimensions","-1"
"TransformerWithCTSaturation/CT6/Out1","Outport","","VarSizeSig","Inherit"
"TransformerWithCTSaturation/CT6/Out1","Outport","","SampleTime","-1"
"TransformerWithCTSaturation/CT6/Out1","Outport","","SignalType","auto"
"TransformerWithCTSaturation/CT6/Out1","Outport","","EnsureOutportIsVirtual","off"
"TransformerWithCTSaturation/CT6/Out1","Outport","","SourceOfInitialOutputValue","Dialog"
"TransformerWithCTSaturation/CT6/Out1","Outport","","OutputWhenDisabled","held"
"TransformerWithCTSaturation/CT6/Out1","Outport","","InitialOutput","[]"
"TransformerWithCTSaturation/CT6/Out1","Outport","","MustResolveToSignalObject","off"
"TransformerWithCTSaturation/CT6/Out1","Outport","","OutputWhenUnConnected","off"
"TransformerWithCTSaturation/CT6/Out1","Outport","","OutputWhenUnconnectedValue","0"
"TransformerWithCTSaturation/CT6/Out1","Outport","","VectorParamsAs1DForOutWhenUnconnected","on"
"TransformerWithCTSaturation/Demux4","Demux","","Outputs","3"
"TransformerWithCTSaturation/Demux4","Demux","","DisplayOption","bar"
"TransformerWithCTSaturation/Demux5","Demux","","Outputs","3"
"TransformerWithCTSaturation/Demux5","Demux","","DisplayOption","bar"
"TransformerWithCTSaturation/Demux6","Demux","","Outputs","3"
"TransformerWithCTSaturation/Demux6","Demux","","DisplayOption","bar"
"TransformerWithCTSaturation/Demux7","Demux","","Outputs","3"
"TransformerWithCTSaturation/Demux7","Demux","","DisplayOption","bar"
"TransformerWithCTSaturation/Display1","Display","","Format","short"
"TransformerWithCTSaturation/Display1","Display","","Decimation","1"
"TransformerWithCTSaturation/Display1","Display","","Floating","off"
"TransformerWithCTSaturation/Display2","Display","","Format","short"
"TransformerWithCTSaturation/Display2","Display","","Decimation","1"
"TransformerWithCTSaturation/Display2","Display","","Floating","off"
"TransformerWithCTSaturation/Display4","Display","","Format","short"
"TransformerWithCTSaturation/Display4","Display","","Decimation","1"
"TransformerWithCTSaturation/Display4","Display","","Floating","off"
"TransformerWithCTSaturation/Display5","Display","","Format","short"
"TransformerWithCTSaturation/Display5","Display","","Decimation","1"
"TransformerWithCTSaturation/Display5","Display","","Floating","off"
"TransformerWithCTSaturation/External_Fault","SubSystem","spsThreePhaseFaultLib/Three-Phase Fault","InitialStates","0"
"TransformerWithCTSaturation/External_Fault","SubSystem","spsThreePhaseFaultLib/Three-Phase Fault","FaultA","off"
"TransformerWithCTSaturation/External_Fault","SubSystem","spsThreePhaseFaultLib/Three-Phase Fault","FaultB","off"
"TransformerWithCTSaturation/External_Fault","SubSystem","spsThreePhaseFaultLib/Three-Phase Fault","FaultC","off"
"TransformerWithCTSaturation/External_Fault","SubSystem","spsThreePhaseFaultLib/Three-Phase Fault","GroundFault","off"
"TransformerWithCTSaturation/External_Fault","SubSystem","spsThreePhaseFaultLib/Three-Phase Fault","SwitchTimes","[0.05 1]"
"TransformerWithCTSaturation/External_Fault","SubSystem","spsThreePhaseFaultLib/Three-Phase Fault","External","on"
"TransformerWithCTSaturation/External_Fault","SubSystem","spsThreePhaseFaultLib/Three-Phase Fault","SwitchStatus","NaN"
"TransformerWithCTSaturation/External_Fault","SubSystem","spsThreePhaseFaultLib/Three-Phase Fault","FaultResistance","0.01"
"TransformerWithCTSaturation/External_Fault","SubSystem","spsThreePhaseFaultLib/Three-Phase Fault","GroundResistance","0.01"
"TransformerWithCTSaturation/External_Fault","SubSystem","spsThreePhaseFaultLib/Three-Phase Fault","SnubberResistance","1e6"
"TransformerWithCTSaturation/External_Fault","SubSystem","spsThreePhaseFaultLib/Three-Phase Fault","SnubberCapacitance","inf"
"TransformerWithCTSaturation/External_Fault","SubSystem","spsThreePhaseFaultLib/Three-Phase Fault","Measurements","None"
"TransformerWithCTSaturation/Hybrid 87T Relay","SubSystem","","ShowPortLabels","FromPortIcon"
"TransformerWithCTSaturation/Hybrid 87T Relay","SubSystem","","Permissions","ReadWrite"
"TransformerWithCTSaturation/Hybrid 87T Relay","SubSystem","","PermitHierarchicalResolution","All"
"TransformerWithCTSaturation/Hybrid 87T Relay","SubSystem","","TreatAsAtomicUnit","off"
"TransformerWithCTSaturation/Hybrid 87T Relay","SubSystem","","ShowSubsystemReinitializePorts","off"
"TransformerWithCTSaturation/Hybrid 87T Relay","SubSystem","","MinAlgLoopOccurrences","off"
"TransformerWithCTSaturation/Hybrid 87T Relay","SubSystem","","ScheduleAs","Sample time"
"TransformerWithCTSaturation/Hybrid 87T Relay","SubSystem","","SystemSampleTime","-1"
"TransformerWithCTSaturation/Hybrid 87T Relay","SubSystem","","SetExecutionDomain","off"
"TransformerWithCTSaturation/Hybrid 87T Relay","SubSystem","","ExecutionDomainType","Deduce"
"TransformerWithCTSaturation/Hybrid 87T Relay","SubSystem","","RTWSystemCode","Auto"
"TransformerWithCTSaturation/Hybrid 87T Relay","SubSystem","","RTWFcnNameOpts","Auto"
"TransformerWithCTSaturation/Hybrid 87T Relay","SubSystem","","RTWFileNameOpts","Auto"
"TransformerWithCTSaturation/Hybrid 87T Relay","SubSystem","","FunctionInterfaceSpec","void_void"
"TransformerWithCTSaturation/Hybrid 87T Relay","SubSystem","","FunctionWithSeparateData","off"
"TransformerWithCTSaturation/Hybrid 87T Relay","SubSystem","","RTWMemSecFuncInitTerm","Inherit from model"
"TransformerWithCTSaturation/Hybrid 87T Relay","SubSystem","","RTWMemSecFuncExecute","Inherit from model"
"TransformerWithCTSaturation/Hybrid 87T Relay","SubSystem","","RTWMemSecDataConstants","Inherit from model"
"TransformerWithCTSaturation/Hybrid 87T Relay","SubSystem","","RTWMemSecDataInternal","Inherit from model"
"TransformerWithCTSaturation/Hybrid 87T Relay","SubSystem","","RTWMemSecDataParameters","Inherit from model"
"TransformerWithCTSaturation/Hybrid 87T Relay","SubSystem","","IsSubsystemVirtual","on"
"TransformerWithCTSaturation/Hybrid 87T Relay","SubSystem","","Variant","off"
"TransformerWithCTSaturation/Hybrid 87T Relay","SubSystem","","VariantChoices","[]"
"TransformerWithCTSaturation/Hybrid 87T Relay","SubSystem","","VariantControlMode","expression"
"TransformerWithCTSaturation/Hybrid 87T Relay","SubSystem","","VariantActivationTime","update diagram"
"TransformerWithCTSaturation/Hybrid 87T Relay","SubSystem","","AllowZeroVariantControls","off"
"TransformerWithCTSaturation/Hybrid 87T Relay","SubSystem","","PropagateVariantConditions","off"
"TransformerWithCTSaturation/Hybrid 87T Relay","SubSystem","","TreatAsGroupedWhenPropagatingVariantConditions","on"
"TransformerWithCTSaturation/Hybrid 87T Relay","SubSystem","","Latency","0"
"TransformerWithCTSaturation/Hybrid 87T Relay","SubSystem","","AutoFrameSizeCalculation","off"
"TransformerWithCTSaturation/Hybrid 87T Relay","SubSystem","","CompiledVariantActivationTime","update diagram"
"TransformerWithCTSaturation/Hybrid 87T Relay/In1","Inport","","Port","1"
"TransformerWithCTSaturation/Hybrid 87T Relay/In1","Inport","","IconDisplay","Port number"
"TransformerWithCTSaturation/Hybrid 87T Relay/In1","Inport","","OutputFunctionCall","off"
"TransformerWithCTSaturation/Hybrid 87T Relay/In1","Inport","","OutMin","[]"
"TransformerWithCTSaturation/Hybrid 87T Relay/In1","Inport","","OutMax","[]"
"TransformerWithCTSaturation/Hybrid 87T Relay/In1","Inport","","OutDataTypeStr","Inherit: auto"
"TransformerWithCTSaturation/Hybrid 87T Relay/In1","Inport","","LockScale","off"
"TransformerWithCTSaturation/Hybrid 87T Relay/In1","Inport","","BusOutputAsStruct","off"
"TransformerWithCTSaturation/Hybrid 87T Relay/In1","Inport","","BusVirtuality","inherit"
"TransformerWithCTSaturation/Hybrid 87T Relay/In1","Inport","","Unit","inherit"
"TransformerWithCTSaturation/Hybrid 87T Relay/In1","Inport","","PortDimensions","-1"
"TransformerWithCTSaturation/Hybrid 87T Relay/In1","Inport","","VarSizeSig","Inherit"
"TransformerWithCTSaturation/Hybrid 87T Relay/In1","Inport","","SampleTime","-1"
"TransformerWithCTSaturation/Hybrid 87T Relay/In1","Inport","","SignalType","auto"
"TransformerWithCTSaturation/Hybrid 87T Relay/In1","Inport","","LatchByDelayingOutsideSignal","off"
"TransformerWithCTSaturation/Hybrid 87T Relay/In1","Inport","","LatchInputForFeedbackSignals","off"
"TransformerWithCTSaturation/Hybrid 87T Relay/In1","Inport","","Interpolate","on"
"TransformerWithCTSaturation/Hybrid 87T Relay/In1","Inport","","DataMode","inherit"
"TransformerWithCTSaturation/Hybrid 87T Relay/In1","Inport","","MessageQueueUseDefaultAttributes","on"
"TransformerWithCTSaturation/Hybrid 87T Relay/In1","Inport","","MessageQueueCapacity","1"
"TransformerWithCTSaturation/Hybrid 87T Relay/In1","Inport","","MessageQueueType","LIFO"
"TransformerWithCTSaturation/Hybrid 87T Relay/In1","Inport","","MessageQueueOverwriting","on"
"TransformerWithCTSaturation/Hybrid 87T Relay/In1","Inport","","EventTriggers","[]"
"TransformerWithCTSaturation/Hybrid 87T Relay/Inport","Inport","","Port","2"
"TransformerWithCTSaturation/Hybrid 87T Relay/Inport","Inport","","IconDisplay","Port number"
"TransformerWithCTSaturation/Hybrid 87T Relay/Inport","Inport","","OutputFunctionCall","off"
"TransformerWithCTSaturation/Hybrid 87T Relay/Inport","Inport","","OutMin","[]"
"TransformerWithCTSaturation/Hybrid 87T Relay/Inport","Inport","","OutMax","[]"
"TransformerWithCTSaturation/Hybrid 87T Relay/Inport","Inport","","OutDataTypeStr","Inherit: auto"
"TransformerWithCTSaturation/Hybrid 87T Relay/Inport","Inport","","LockScale","off"
"TransformerWithCTSaturation/Hybrid 87T Relay/Inport","Inport","","BusOutputAsStruct","off"
"TransformerWithCTSaturation/Hybrid 87T Relay/Inport","Inport","","BusVirtuality","inherit"
"TransformerWithCTSaturation/Hybrid 87T Relay/Inport","Inport","","Unit","inherit"
"TransformerWithCTSaturation/Hybrid 87T Relay/Inport","Inport","","PortDimensions","-1"
"TransformerWithCTSaturation/Hybrid 87T Relay/Inport","Inport","","VarSizeSig","Inherit"
"TransformerWithCTSaturation/Hybrid 87T Relay/Inport","Inport","","SampleTime","-1"
"TransformerWithCTSaturation/Hybrid 87T Relay/Inport","Inport","","SignalType","auto"
"TransformerWithCTSaturation/Hybrid 87T Relay/Inport","Inport","","LatchByDelayingOutsideSignal","off"
"TransformerWithCTSaturation/Hybrid 87T Relay/Inport","Inport","","LatchInputForFeedbackSignals","off"
"TransformerWithCTSaturation/Hybrid 87T Relay/Inport","Inport","","Interpolate","on"
"TransformerWithCTSaturation/Hybrid 87T Relay/Inport","Inport","","DataMode","inherit"
"TransformerWithCTSaturation/Hybrid 87T Relay/Inport","Inport","","MessageQueueUseDefaultAttributes","on"
"TransformerWithCTSaturation/Hybrid 87T Relay/Inport","Inport","","MessageQueueCapacity","1"
"TransformerWithCTSaturation/Hybrid 87T Relay/Inport","Inport","","MessageQueueType","LIFO"
"TransformerWithCTSaturation/Hybrid 87T Relay/Inport","Inport","","MessageQueueOverwriting","on"
"TransformerWithCTSaturation/Hybrid 87T Relay/Inport","Inport","","EventTriggers","[]"
"TransformerWithCTSaturation/Hybrid 87T Relay/Inport1","Inport","","Port","3"
"TransformerWithCTSaturation/Hybrid 87T Relay/Inport1","Inport","","IconDisplay","Port number"
"TransformerWithCTSaturation/Hybrid 87T Relay/Inport1","Inport","","OutputFunctionCall","off"
"TransformerWithCTSaturation/Hybrid 87T Relay/Inport1","Inport","","OutMin","[]"
"TransformerWithCTSaturation/Hybrid 87T Relay/Inport1","Inport","","OutMax","[]"
"TransformerWithCTSaturation/Hybrid 87T Relay/Inport1","Inport","","OutDataTypeStr","Inherit: auto"
"TransformerWithCTSaturation/Hybrid 87T Relay/Inport1","Inport","","LockScale","off"
"TransformerWithCTSaturation/Hybrid 87T Relay/Inport1","Inport","","BusOutputAsStruct","off"
"TransformerWithCTSaturation/Hybrid 87T Relay/Inport1","Inport","","BusVirtuality","inherit"
"TransformerWithCTSaturation/Hybrid 87T Relay/Inport1","Inport","","Unit","inherit"
"TransformerWithCTSaturation/Hybrid 87T Relay/Inport1","Inport","","PortDimensions","-1"
"TransformerWithCTSaturation/Hybrid 87T Relay/Inport1","Inport","","VarSizeSig","Inherit"
"TransformerWithCTSaturation/Hybrid 87T Relay/Inport1","Inport","","SampleTime","-1"
"TransformerWithCTSaturation/Hybrid 87T Relay/Inport1","Inport","","SignalType","auto"
"TransformerWithCTSaturation/Hybrid 87T Relay/Inport1","Inport","","LatchByDelayingOutsideSignal","off"
"TransformerWithCTSaturation/Hybrid 87T Relay/Inport1","Inport","","LatchInputForFeedbackSignals","off"
"TransformerWithCTSaturation/Hybrid 87T Relay/Inport1","Inport","","Interpolate","on"
"TransformerWithCTSaturation/Hybrid 87T Relay/Inport1","Inport","","DataMode","inherit"
"TransformerWithCTSaturation/Hybrid 87T Relay/Inport1","Inport","","MessageQueueUseDefaultAttributes","on"
"TransformerWithCTSaturation/Hybrid 87T Relay/Inport1","Inport","","MessageQueueCapacity","1"
"TransformerWithCTSaturation/Hybrid 87T Relay/Inport1","Inport","","MessageQueueType","LIFO"
"TransformerWithCTSaturation/Hybrid 87T Relay/Inport1","Inport","","MessageQueueOverwriting","on"
"TransformerWithCTSaturation/Hybrid 87T Relay/Inport1","Inport","","EventTriggers","[]"
"TransformerWithCTSaturation/Hybrid 87T Relay/Inport2","Inport","","Port","4"
"TransformerWithCTSaturation/Hybrid 87T Relay/Inport2","Inport","","IconDisplay","Port number"
"TransformerWithCTSaturation/Hybrid 87T Relay/Inport2","Inport","","OutputFunctionCall","off"
"TransformerWithCTSaturation/Hybrid 87T Relay/Inport2","Inport","","OutMin","[]"
"TransformerWithCTSaturation/Hybrid 87T Relay/Inport2","Inport","","OutMax","[]"
"TransformerWithCTSaturation/Hybrid 87T Relay/Inport2","Inport","","OutDataTypeStr","Inherit: auto"
"TransformerWithCTSaturation/Hybrid 87T Relay/Inport2","Inport","","LockScale","off"
"TransformerWithCTSaturation/Hybrid 87T Relay/Inport2","Inport","","BusOutputAsStruct","off"
"TransformerWithCTSaturation/Hybrid 87T Relay/Inport2","Inport","","BusVirtuality","inherit"
"TransformerWithCTSaturation/Hybrid 87T Relay/Inport2","Inport","","Unit","inherit"
"TransformerWithCTSaturation/Hybrid 87T Relay/Inport2","Inport","","PortDimensions","-1"
"TransformerWithCTSaturation/Hybrid 87T Relay/Inport2","Inport","","VarSizeSig","Inherit"
"TransformerWithCTSaturation/Hybrid 87T Relay/Inport2","Inport","","SampleTime","-1"
"TransformerWithCTSaturation/Hybrid 87T Relay/Inport2","Inport","","SignalType","auto"
"TransformerWithCTSaturation/Hybrid 87T Relay/Inport2","Inport","","LatchByDelayingOutsideSignal","off"
"TransformerWithCTSaturation/Hybrid 87T Relay/Inport2","Inport","","LatchInputForFeedbackSignals","off"
"TransformerWithCTSaturation/Hybrid 87T Relay/Inport2","Inport","","Interpolate","on"
"TransformerWithCTSaturation/Hybrid 87T Relay/Inport2","Inport","","DataMode","inherit"
"TransformerWithCTSaturation/Hybrid 87T Relay/Inport2","Inport","","MessageQueueUseDefaultAttributes","on"
"TransformerWithCTSaturation/Hybrid 87T Relay/Inport2","Inport","","MessageQueueCapacity","1"
"TransformerWithCTSaturation/Hybrid 87T Relay/Inport2","Inport","","MessageQueueType","LIFO"
"TransformerWithCTSaturation/Hybrid 87T Relay/Inport2","Inport","","MessageQueueOverwriting","on"
"TransformerWithCTSaturation/Hybrid 87T Relay/Inport2","Inport","","EventTriggers","[]"
"TransformerWithCTSaturation/Hybrid 87T Relay/Inport3","Inport","","Port","5"
"TransformerWithCTSaturation/Hybrid 87T Relay/Inport3","Inport","","IconDisplay","Port number"
"TransformerWithCTSaturation/Hybrid 87T Relay/Inport3","Inport","","OutputFunctionCall","off"
"TransformerWithCTSaturation/Hybrid 87T Relay/Inport3","Inport","","OutMin","[]"
"TransformerWithCTSaturation/Hybrid 87T Relay/Inport3","Inport","","OutMax","[]"
"TransformerWithCTSaturation/Hybrid 87T Relay/Inport3","Inport","","OutDataTypeStr","Inherit: auto"
"TransformerWithCTSaturation/Hybrid 87T Relay/Inport3","Inport","","LockScale","off"
"TransformerWithCTSaturation/Hybrid 87T Relay/Inport3","Inport","","BusOutputAsStruct","off"
"TransformerWithCTSaturation/Hybrid 87T Relay/Inport3","Inport","","BusVirtuality","inherit"
"TransformerWithCTSaturation/Hybrid 87T Relay/Inport3","Inport","","Unit","inherit"
"TransformerWithCTSaturation/Hybrid 87T Relay/Inport3","Inport","","PortDimensions","-1"
"TransformerWithCTSaturation/Hybrid 87T Relay/Inport3","Inport","","VarSizeSig","Inherit"
"TransformerWithCTSaturation/Hybrid 87T Relay/Inport3","Inport","","SampleTime","-1"
"TransformerWithCTSaturation/Hybrid 87T Relay/Inport3","Inport","","SignalType","auto"
"TransformerWithCTSaturation/Hybrid 87T Relay/Inport3","Inport","","LatchByDelayingOutsideSignal","off"
"TransformerWithCTSaturation/Hybrid 87T Relay/Inport3","Inport","","LatchInputForFeedbackSignals","off"
"TransformerWithCTSaturation/Hybrid 87T Relay/Inport3","Inport","","Interpolate","on"
"TransformerWithCTSaturation/Hybrid 87T Relay/Inport3","Inport","","DataMode","inherit"
"TransformerWithCTSaturation/Hybrid 87T Relay/Inport3","Inport","","MessageQueueUseDefaultAttributes","on"
"TransformerWithCTSaturation/Hybrid 87T Relay/Inport3","Inport","","MessageQueueCapacity","1"
"TransformerWithCTSaturation/Hybrid 87T Relay/Inport3","Inport","","MessageQueueType","LIFO"
"TransformerWithCTSaturation/Hybrid 87T Relay/Inport3","Inport","","MessageQueueOverwriting","on"
"TransformerWithCTSaturation/Hybrid 87T Relay/Inport3","Inport","","EventTriggers","[]"
"TransformerWithCTSaturation/Hybrid 87T Relay/Inport4","Inport","","Port","6"
"TransformerWithCTSaturation/Hybrid 87T Relay/Inport4","Inport","","IconDisplay","Port number"
"TransformerWithCTSaturation/Hybrid 87T Relay/Inport4","Inport","","OutputFunctionCall","off"
"TransformerWithCTSaturation/Hybrid 87T Relay/Inport4","Inport","","OutMin","[]"
"TransformerWithCTSaturation/Hybrid 87T Relay/Inport4","Inport","","OutMax","[]"
"TransformerWithCTSaturation/Hybrid 87T Relay/Inport4","Inport","","OutDataTypeStr","Inherit: auto"
"TransformerWithCTSaturation/Hybrid 87T Relay/Inport4","Inport","","LockScale","off"
"TransformerWithCTSaturation/Hybrid 87T Relay/Inport4","Inport","","BusOutputAsStruct","off"
"TransformerWithCTSaturation/Hybrid 87T Relay/Inport4","Inport","","BusVirtuality","inherit"
"TransformerWithCTSaturation/Hybrid 87T Relay/Inport4","Inport","","Unit","inherit"
"TransformerWithCTSaturation/Hybrid 87T Relay/Inport4","Inport","","PortDimensions","-1"
"TransformerWithCTSaturation/Hybrid 87T Relay/Inport4","Inport","","VarSizeSig","Inherit"
"TransformerWithCTSaturation/Hybrid 87T Relay/Inport4","Inport","","SampleTime","-1"
"TransformerWithCTSaturation/Hybrid 87T Relay/Inport4","Inport","","SignalType","auto"
"TransformerWithCTSaturation/Hybrid 87T Relay/Inport4","Inport","","LatchByDelayingOutsideSignal","off"
"TransformerWithCTSaturation/Hybrid 87T Relay/Inport4","Inport","","LatchInputForFeedbackSignals","off"
"TransformerWithCTSaturation/Hybrid 87T Relay/Inport4","Inport","","Interpolate","on"
"TransformerWithCTSaturation/Hybrid 87T Relay/Inport4","Inport","","DataMode","inherit"
"TransformerWithCTSaturation/Hybrid 87T Relay/Inport4","Inport","","MessageQueueUseDefaultAttributes","on"
"TransformerWithCTSaturation/Hybrid 87T Relay/Inport4","Inport","","MessageQueueCapacity","1"
"TransformerWithCTSaturation/Hybrid 87T Relay/Inport4","Inport","","MessageQueueType","LIFO"
"TransformerWithCTSaturation/Hybrid 87T Relay/Inport4","Inport","","MessageQueueOverwriting","on"
"TransformerWithCTSaturation/Hybrid 87T Relay/Inport4","Inport","","EventTriggers","[]"
"TransformerWithCTSaturation/Hybrid 87T Relay/Abs","Abs","","ZeroCross","on"
"TransformerWithCTSaturation/Hybrid 87T Relay/Abs","Abs","","SampleTime","-1"
"TransformerWithCTSaturation/Hybrid 87T Relay/Abs","Abs","","OutMin","[]"
"TransformerWithCTSaturation/Hybrid 87T Relay/Abs","Abs","","OutMax","[]"
"TransformerWithCTSaturation/Hybrid 87T Relay/Abs","Abs","","OutDataTypeStr","Inherit: Same as input"
"TransformerWithCTSaturation/Hybrid 87T Relay/Abs","Abs","","LockScale","off"
"TransformerWithCTSaturation/Hybrid 87T Relay/Abs","Abs","","RndMeth","Floor"
"TransformerWithCTSaturation/Hybrid 87T Relay/Abs","Abs","","SaturateOnIntegerOverflow","off"
"TransformerWithCTSaturation/Hybrid 87T Relay/Abs1","Abs","","ZeroCross","on"
"TransformerWithCTSaturation/Hybrid 87T Relay/Abs1","Abs","","SampleTime","-1"
"TransformerWithCTSaturation/Hybrid 87T Relay/Abs1","Abs","","OutMin","[]"
"TransformerWithCTSaturation/Hybrid 87T Relay/Abs1","Abs","","OutMax","[]"
"TransformerWithCTSaturation/Hybrid 87T Relay/Abs1","Abs","","OutDataTypeStr","Inherit: Same as input"
"TransformerWithCTSaturation/Hybrid 87T Relay/Abs1","Abs","","LockScale","off"
"TransformerWithCTSaturation/Hybrid 87T Relay/Abs1","Abs","","RndMeth","Floor"
"TransformerWithCTSaturation/Hybrid 87T Relay/Abs1","Abs","","SaturateOnIntegerOverflow","off"
"TransformerWithCTSaturation/Hybrid 87T Relay/Abs2","Abs","","ZeroCross","on"
"TransformerWithCTSaturation/Hybrid 87T Relay/Abs2","Abs","","SampleTime","-1"
"TransformerWithCTSaturation/Hybrid 87T Relay/Abs2","Abs","","OutMin","[]"
"TransformerWithCTSaturation/Hybrid 87T Relay/Abs2","Abs","","OutMax","[]"
"TransformerWithCTSaturation/Hybrid 87T Relay/Abs2","Abs","","OutDataTypeStr","Inherit: Same as input"
"TransformerWithCTSaturation/Hybrid 87T Relay/Abs2","Abs","","LockScale","off"
"TransformerWithCTSaturation/Hybrid 87T Relay/Abs2","Abs","","RndMeth","Floor"
"TransformerWithCTSaturation/Hybrid 87T Relay/Abs2","Abs","","SaturateOnIntegerOverflow","off"
"TransformerWithCTSaturation/Hybrid 87T Relay/DBG_supervisory_raw_trip","ToWorkspace","","VariableName","DBG_supervisory_raw_trip"
"TransformerWithCTSaturation/Hybrid 87T Relay/DBG_supervisory_raw_trip","ToWorkspace","","MaxDataPoints","inf"
"TransformerWithCTSaturation/Hybrid 87T Relay/DBG_supervisory_raw_trip","ToWorkspace","","Decimation","1"
"TransformerWithCTSaturation/Hybrid 87T Relay/DBG_supervisory_raw_trip","ToWorkspace","","SaveFormat","Array"
"TransformerWithCTSaturation/Hybrid 87T Relay/DBG_supervisory_raw_trip","ToWorkspace","","Save2DSignal","3-D array (concatenate along third dimension)"
"TransformerWithCTSaturation/Hybrid 87T Relay/DBG_supervisory_raw_trip","ToWorkspace","","FixptAsFi","on"
"TransformerWithCTSaturation/Hybrid 87T Relay/DBG_supervisory_raw_trip","ToWorkspace","","SampleTime","-1"
"TransformerWithCTSaturation/Hybrid 87T Relay/DBG_trip_bool","ToWorkspace","","VariableName","DBG_trip_bool"
"TransformerWithCTSaturation/Hybrid 87T Relay/DBG_trip_bool","ToWorkspace","","MaxDataPoints","inf"
"TransformerWithCTSaturation/Hybrid 87T Relay/DBG_trip_bool","ToWorkspace","","Decimation","1"
"TransformerWithCTSaturation/Hybrid 87T Relay/DBG_trip_bool","ToWorkspace","","SaveFormat","Array"
"TransformerWithCTSaturation/Hybrid 87T Relay/DBG_trip_bool","ToWorkspace","","Save2DSignal","3-D array (concatenate along third dimension)"
"TransformerWithCTSaturation/Hybrid 87T Relay/DBG_trip_bool","ToWorkspace","","FixptAsFi","on"
"TransformerWithCTSaturation/Hybrid 87T Relay/DBG_trip_bool","ToWorkspace","","SampleTime","-1"
"TransformerWithCTSaturation/Hybrid 87T Relay/DBG_trip_latch","ToWorkspace","","VariableName","DBG_trip_latch"
"TransformerWithCTSaturation/Hybrid 87T Relay/DBG_trip_latch","ToWorkspace","","MaxDataPoints","inf"
"TransformerWithCTSaturation/Hybrid 87T Relay/DBG_trip_latch","ToWorkspace","","Decimation","1"
"TransformerWithCTSaturation/Hybrid 87T Relay/DBG_trip_latch","ToWorkspace","","SaveFormat","Array"
"TransformerWithCTSaturation/Hybrid 87T Relay/DBG_trip_latch","ToWorkspace","","Save2DSignal","3-D array (concatenate along third dimension)"
"TransformerWithCTSaturation/Hybrid 87T Relay/DBG_trip_latch","ToWorkspace","","FixptAsFi","on"
"TransformerWithCTSaturation/Hybrid 87T Relay/DBG_trip_latch","ToWorkspace","","SampleTime","-1"
"TransformerWithCTSaturation/Hybrid 87T Relay/DBG_trip_outport_input","ToWorkspace","","VariableName","DBG_trip_outport_input"
"TransformerWithCTSaturation/Hybrid 87T Relay/DBG_trip_outport_input","ToWorkspace","","MaxDataPoints","inf"
"TransformerWithCTSaturation/Hybrid 87T Relay/DBG_trip_outport_input","ToWorkspace","","Decimation","1"
"TransformerWithCTSaturation/Hybrid 87T Relay/DBG_trip_outport_input","ToWorkspace","","SaveFormat","Array"
"TransformerWithCTSaturation/Hybrid 87T Relay/DBG_trip_outport_input","ToWorkspace","","Save2DSignal","3-D array (concatenate along third dimension)"
"TransformerWithCTSaturation/Hybrid 87T Relay/DBG_trip_outport_input","ToWorkspace","","FixptAsFi","on"
"TransformerWithCTSaturation/Hybrid 87T Relay/DBG_trip_outport_input","ToWorkspace","","SampleTime","-1"
"TransformerWithCTSaturation/Hybrid 87T Relay/DWT Feature Extraction","SubSystem","","ShowPortLabels","FromPortIcon"
"TransformerWithCTSaturation/Hybrid 87T Relay/DWT Feature Extraction","SubSystem","","Permissions","ReadWrite"
"TransformerWithCTSaturation/Hybrid 87T Relay/DWT Feature Extraction","SubSystem","","ErrorFcn","Stateflow.Translate.translate"
"TransformerWithCTSaturation/Hybrid 87T Relay/DWT Feature Extraction","SubSystem","","PermitHierarchicalResolution","ExplicitOnly"
"TransformerWithCTSaturation/Hybrid 87T Relay/DWT Feature Extraction","SubSystem","","TreatAsAtomicUnit","on"
"TransformerWithCTSaturation/Hybrid 87T Relay/DWT Feature Extraction","SubSystem","","ShowSubsystemReinitializePorts","off"
"TransformerWithCTSaturation/Hybrid 87T Relay/DWT Feature Extraction","SubSystem","","MinAlgLoopOccurrences","off"
"TransformerWithCTSaturation/Hybrid 87T Relay/DWT Feature Extraction","SubSystem","","ScheduleAs","Sample time"
"TransformerWithCTSaturation/Hybrid 87T Relay/DWT Feature Extraction","SubSystem","","SystemSampleTime","-1"
"TransformerWithCTSaturation/Hybrid 87T Relay/DWT Feature Extraction","SubSystem","","SetExecutionDomain","off"
"TransformerWithCTSaturation/Hybrid 87T Relay/DWT Feature Extraction","SubSystem","","ExecutionDomainType","Deduce"
"TransformerWithCTSaturation/Hybrid 87T Relay/DWT Feature Extraction","SubSystem","","RTWSystemCode","Auto"
"TransformerWithCTSaturation/Hybrid 87T Relay/DWT Feature Extraction","SubSystem","","RTWFcnNameOpts","Auto"
"TransformerWithCTSaturation/Hybrid 87T Relay/DWT Feature Extraction","SubSystem","","RTWFileNameOpts","Auto"
"TransformerWithCTSaturation/Hybrid 87T Relay/DWT Feature Extraction","SubSystem","","FunctionInterfaceSpec","void_void"
"TransformerWithCTSaturation/Hybrid 87T Relay/DWT Feature Extraction","SubSystem","","FunctionWithSeparateData","off"
"TransformerWithCTSaturation/Hybrid 87T Relay/DWT Feature Extraction","SubSystem","","RTWMemSecFuncInitTerm","Inherit from model"
"TransformerWithCTSaturation/Hybrid 87T Relay/DWT Feature Extraction","SubSystem","","RTWMemSecFuncExecute","Inherit from model"
"TransformerWithCTSaturation/Hybrid 87T Relay/DWT Feature Extraction","SubSystem","","RTWMemSecDataConstants","Inherit from model"
"TransformerWithCTSaturation/Hybrid 87T Relay/DWT Feature Extraction","SubSystem","","RTWMemSecDataInternal","Inherit from model"
"TransformerWithCTSaturation/Hybrid 87T Relay/DWT Feature Extraction","SubSystem","","RTWMemSecDataParameters","Inherit from model"
"TransformerWithCTSaturation/Hybrid 87T Relay/DWT Feature Extraction","SubSystem","","IsSubsystemVirtual","off"
"TransformerWithCTSaturation/Hybrid 87T Relay/DWT Feature Extraction","SubSystem","","Variant","off"
"TransformerWithCTSaturation/Hybrid 87T Relay/DWT Feature Extraction","SubSystem","","VariantChoices","[]"
"TransformerWithCTSaturation/Hybrid 87T Relay/DWT Feature Extraction","SubSystem","","VariantControlMode","expression"
"TransformerWithCTSaturation/Hybrid 87T Relay/DWT Feature Extraction","SubSystem","","VariantActivationTime","update diagram"
"TransformerWithCTSaturation/Hybrid 87T Relay/DWT Feature Extraction","SubSystem","","AllowZeroVariantControls","off"
"TransformerWithCTSaturation/Hybrid 87T Relay/DWT Feature Extraction","SubSystem","","PropagateVariantConditions","off"
"TransformerWithCTSaturation/Hybrid 87T Relay/DWT Feature Extraction","SubSystem","","TreatAsGroupedWhenPropagatingVariantConditions","on"
"TransformerWithCTSaturation/Hybrid 87T Relay/DWT Feature Extraction","SubSystem","","Latency","0"
"TransformerWithCTSaturation/Hybrid 87T Relay/DWT Feature Extraction","SubSystem","","AutoFrameSizeCalculation","off"
"TransformerWithCTSaturation/Hybrid 87T Relay/DWT Feature Extraction","SubSystem","","CompiledVariantActivationTime","update diagram"
"TransformerWithCTSaturation/Hybrid 87T Relay/Data Type Conversion","DataTypeConversion","","OutMin","[]"
"TransformerWithCTSaturation/Hybrid 87T Relay/Data Type Conversion","DataTypeConversion","","OutMax","[]"
"TransformerWithCTSaturation/Hybrid 87T Relay/Data Type Conversion","DataTypeConversion","","OutDataTypeStr","boolean"
"TransformerWithCTSaturation/Hybrid 87T Relay/Data Type Conversion","DataTypeConversion","","LockScale","off"
"TransformerWithCTSaturation/Hybrid 87T Relay/Data Type Conversion","DataTypeConversion","","ConvertRealWorld","Real World Value (RWV)"
"TransformerWithCTSaturation/Hybrid 87T Relay/Data Type Conversion","DataTypeConversion","","RndMeth","Floor"
"TransformerWithCTSaturation/Hybrid 87T Relay/Data Type Conversion","DataTypeConversion","","SaturateOnIntegerOverflow","off"
"TransformerWithCTSaturation/Hybrid 87T Relay/Data Type Conversion","DataTypeConversion","","SampleTime","-1"
"TransformerWithCTSaturation/Hybrid 87T Relay/Demux1","Demux","","Outputs","3"
"TransformerWithCTSaturation/Hybrid 87T Relay/Demux1","Demux","","DisplayOption","bar"
"TransformerWithCTSaturation/Hybrid 87T Relay/Demux2","Demux","","Outputs","3"
"TransformerWithCTSaturation/Hybrid 87T Relay/Demux2","Demux","","DisplayOption","bar"
"TransformerWithCTSaturation/Hybrid 87T Relay/Display","Display","","Format","short"
"TransformerWithCTSaturation/Hybrid 87T Relay/Display","Display","","Decimation","1"
"TransformerWithCTSaturation/Hybrid 87T Relay/Display","Display","","Floating","off"
"TransformerWithCTSaturation/Hybrid 87T Relay/Display1","Display","","Format","short"
"TransformerWithCTSaturation/Hybrid 87T Relay/Display1","Display","","Decimation","1"
"TransformerWithCTSaturation/Hybrid 87T Relay/Display1","Display","","Floating","off"
"TransformerWithCTSaturation/Hybrid 87T Relay/Display2","Display","","Format","short"
"TransformerWithCTSaturation/Hybrid 87T Relay/Display2","Display","","Decimation","1"
"TransformerWithCTSaturation/Hybrid 87T Relay/Display2","Display","","Floating","off"
"TransformerWithCTSaturation/Hybrid 87T Relay/Display3","Display","","Format","short"
"TransformerWithCTSaturation/Hybrid 87T Relay/Display3","Display","","Decimation","1"
"TransformerWithCTSaturation/Hybrid 87T Relay/Display3","Display","","Floating","off"
"TransformerWithCTSaturation/Hybrid 87T Relay/Display4","Display","","Format","short"
"TransformerWithCTSaturation/Hybrid 87T Relay/Display4","Display","","Decimation","1"
"TransformerWithCTSaturation/Hybrid 87T Relay/Display4","Display","","Floating","off"
"TransformerWithCTSaturation/Hybrid 87T Relay/Display5","Display","","Format","short"
"TransformerWithCTSaturation/Hybrid 87T Relay/Display5","Display","","Decimation","1"
"TransformerWithCTSaturation/Hybrid 87T Relay/Display5","Display","","Floating","off"
"TransformerWithCTSaturation/Hybrid 87T Relay/Feature Window","Buffer","","N","32"
"TransformerWithCTSaturation/Hybrid 87T Relay/Feature Window","Buffer","","V","31"
"TransformerWithCTSaturation/Hybrid 87T Relay/Feature Window","Buffer","","ic","0"
"TransformerWithCTSaturation/Hybrid 87T Relay/Feature Window","Buffer","","OverlapPercent","0"
"TransformerWithCTSaturation/Hybrid 87T Relay/Gain","Gain","","Gain","0.5"
"TransformerWithCTSaturation/Hybrid 87T Relay/Gain","Gain","","Multiplication","Element-wise(K.*u)"
"TransformerWithCTSaturation/Hybrid 87T Relay/Gain","Gain","","ParamMin","[]"
"TransformerWithCTSaturation/Hybrid 87T Relay/Gain","Gain","","ParamMax","[]"
"TransformerWithCTSaturation/Hybrid 87T Relay/Gain","Gain","","ParamDataTypeStr","Inherit: Inherit via internal rule"
"TransformerWithCTSaturation/Hybrid 87T Relay/Gain","Gain","","OutMin","[]"
"TransformerWithCTSaturation/Hybrid 87T Relay/Gain","Gain","","OutMax","[]"
"TransformerWithCTSaturation/Hybrid 87T Relay/Gain","Gain","","OutDataTypeStr","Inherit: Inherit via internal rule"
"TransformerWithCTSaturation/Hybrid 87T Relay/Gain","Gain","","LockScale","off"
"TransformerWithCTSaturation/Hybrid 87T Relay/Gain","Gain","","RndMeth","Floor"
"TransformerWithCTSaturation/Hybrid 87T Relay/Gain","Gain","","SaturateOnIntegerOverflow","off"
"TransformerWithCTSaturation/Hybrid 87T Relay/Gain","Gain","","SampleTime","-1"
"TransformerWithCTSaturation/Hybrid 87T Relay/I_diff","Sum","","IconShape","rectangular"
"TransformerWithCTSaturation/Hybrid 87T Relay/I_diff","Sum","","Inputs","|+-"
"TransformerWithCTSaturation/Hybrid 87T Relay/I_diff","Sum","","CollapseMode","All dimensions"
"TransformerWithCTSaturation/Hybrid 87T Relay/I_diff","Sum","","CollapseDim","1"
"TransformerWithCTSaturation/Hybrid 87T Relay/I_diff","Sum","","InputSameDT","off"
"TransformerWithCTSaturation/Hybrid 87T Relay/I_diff","Sum","","AccumDataTypeStr","Inherit: Inherit via internal rule"
"TransformerWithCTSaturation/Hybrid 87T Relay/I_diff","Sum","","OutMin","[]"
"TransformerWithCTSaturation/Hybrid 87T Relay/I_diff","Sum","","OutMax","[]"
"TransformerWithCTSaturation/Hybrid 87T Relay/I_diff","Sum","","OutDataTypeStr","Inherit: Inherit via internal rule"
"TransformerWithCTSaturation/Hybrid 87T Relay/I_diff","Sum","","LockScale","off"
"TransformerWithCTSaturation/Hybrid 87T Relay/I_diff","Sum","","RndMeth","Floor"
"TransformerWithCTSaturation/Hybrid 87T Relay/I_diff","Sum","","SaturateOnIntegerOverflow","off"
"TransformerWithCTSaturation/Hybrid 87T Relay/I_diff","Sum","","SampleTime","-1"
"TransformerWithCTSaturation/Hybrid 87T Relay/I_diff_window","Buffer","","N","16"
"TransformerWithCTSaturation/Hybrid 87T Relay/I_diff_window","Buffer","","V","15"
"TransformerWithCTSaturation/Hybrid 87T Relay/I_diff_window","Buffer","","ic","0"
"TransformerWithCTSaturation/Hybrid 87T Relay/I_diff_window","Buffer","","OverlapPercent","0"
"TransformerWithCTSaturation/Hybrid 87T Relay/I_rest","Sum","","IconShape","rectangular"
"TransformerWithCTSaturation/Hybrid 87T Relay/I_rest","Sum","","Inputs","|++"
"TransformerWithCTSaturation/Hybrid 87T Relay/I_rest","Sum","","CollapseMode","All dimensions"
"TransformerWithCTSaturation/Hybrid 87T Relay/I_rest","Sum","","CollapseDim","1"
"TransformerWithCTSaturation/Hybrid 87T Relay/I_rest","Sum","","InputSameDT","off"
"TransformerWithCTSaturation/Hybrid 87T Relay/I_rest","Sum","","AccumDataTypeStr","Inherit: Inherit via internal rule"
"TransformerWithCTSaturation/Hybrid 87T Relay/I_rest","Sum","","OutMin","[]"
"TransformerWithCTSaturation/Hybrid 87T Relay/I_rest","Sum","","OutMax","[]"
"TransformerWithCTSaturation/Hybrid 87T Relay/I_rest","Sum","","OutDataTypeStr","Inherit: Inherit via internal rule"
"TransformerWithCTSaturation/Hybrid 87T Relay/I_rest","Sum","","LockScale","off"
"TransformerWithCTSaturation/Hybrid 87T Relay/I_rest","Sum","","RndMeth","Floor"
"TransformerWithCTSaturation/Hybrid 87T Relay/I_rest","Sum","","SaturateOnIntegerOverflow","off"
"TransformerWithCTSaturation/Hybrid 87T Relay/I_rest","Sum","","SampleTime","-1"
"TransformerWithCTSaturation/Hybrid 87T Relay/LSTM Predict","SubSystem","deeplib/Predict","Network","Network from MAT-file"
"TransformerWithCTSaturation/Hybrid 87T Relay/LSTM Predict","SubSystem","deeplib/Predict","NetworkFunction","squeezenet"
"TransformerWithCTSaturation/Hybrid 87T Relay/LSTM Predict","SubSystem","deeplib/Predict","NetworkFilePath","live_relay_ai.mat"
"TransformerWithCTSaturation/Hybrid 87T Relay/LSTM Predict","SubSystem","deeplib/Predict","MiniBatchSize","1"
"TransformerWithCTSaturation/Hybrid 87T Relay/LSTM Predict","SubSystem","deeplib/Predict","InputDataFormats","{'input','BTC'}"
"TransformerWithCTSaturation/Hybrid 87T Relay/LSTM Predict","SubSystem","deeplib/Predict","Predictions","on"
"TransformerWithCTSaturation/Hybrid 87T Relay/LSTM Predict","SubSystem","deeplib/Predict","Activations","{}"
"TransformerWithCTSaturation/Hybrid 87T Relay/Manual Switch","ManualSwitch","","varsize","off"
"TransformerWithCTSaturation/Hybrid 87T Relay/Manual Switch","ManualSwitch","","SampleTime","-1"
"TransformerWithCTSaturation/Hybrid 87T Relay/Mux","Mux","","Inputs","3"
"TransformerWithCTSaturation/Hybrid 87T Relay/Mux","Mux","","DisplayOption","bar"
"TransformerWithCTSaturation/Hybrid 87T Relay/Mux1","Mux","","Inputs","3"
"TransformerWithCTSaturation/Hybrid 87T Relay/Mux1","Mux","","DisplayOption","bar"
"TransformerWithCTSaturation/Hybrid 87T Relay/Mux2","Mux","","Inputs","3"
"TransformerWithCTSaturation/Hybrid 87T Relay/Mux2","Mux","","DisplayOption","bar"
"TransformerWithCTSaturation/Hybrid 87T Relay/Mux3","Mux","","Inputs","3"
"TransformerWithCTSaturation/Hybrid 87T Relay/Mux3","Mux","","DisplayOption","bar"
"TransformerWithCTSaturation/Hybrid 87T Relay/OFF","Constant","","Value","-1"
"TransformerWithCTSaturation/Hybrid 87T Relay/OFF","Constant","","VectorParams1D","on"
"TransformerWithCTSaturation/Hybrid 87T Relay/OFF","Constant","","OutMin","[]"
"TransformerWithCTSaturation/Hybrid 87T Relay/OFF","Constant","","OutMax","[]"
"TransformerWithCTSaturation/Hybrid 87T Relay/OFF","Constant","","OutDataTypeStr","Inherit: Inherit from 'Constant value'"
"TransformerWithCTSaturation/Hybrid 87T Relay/OFF","Constant","","LockScale","off"
"TransformerWithCTSaturation/Hybrid 87T Relay/OFF","Constant","","SampleTime","inf"
"TransformerWithCTSaturation/Hybrid 87T Relay/OFF","Constant","","FramePeriod","inf"
"TransformerWithCTSaturation/Hybrid 87T Relay/RESET","Constant","","Value","0"
"TransformerWithCTSaturation/Hybrid 87T Relay/RESET","Constant","","VectorParams1D","on"
"TransformerWithCTSaturation/Hybrid 87T Relay/RESET","Constant","","OutMin","[]"
"TransformerWithCTSaturation/Hybrid 87T Relay/RESET","Constant","","OutMax","[]"
"TransformerWithCTSaturation/Hybrid 87T Relay/RESET","Constant","","OutDataTypeStr","boolean"
"TransformerWithCTSaturation/Hybrid 87T Relay/RESET","Constant","","LockScale","off"
"TransformerWithCTSaturation/Hybrid 87T Relay/RESET","Constant","","SampleTime","inf"
"TransformerWithCTSaturation/Hybrid 87T Relay/RESET","Constant","","FramePeriod","inf"
"TransformerWithCTSaturation/Hybrid 87T Relay/RMS","SubSystem","spsRMSLib/RMS","TrueRMS","on"
"TransformerWithCTSaturation/Hybrid 87T Relay/RMS","SubSystem","spsRMSLib/RMS","Freq","50"
"TransformerWithCTSaturation/Hybrid 87T Relay/RMS","SubSystem","spsRMSLib/RMS","RMSInit","0"
"TransformerWithCTSaturation/Hybrid 87T Relay/RMS","SubSystem","spsRMSLib/RMS","Ts","0.0001"
"TransformerWithCTSaturation/Hybrid 87T Relay/RMS1","SubSystem","spsRMSLib/RMS","TrueRMS","on"
"TransformerWithCTSaturation/Hybrid 87T Relay/RMS1","SubSystem","spsRMSLib/RMS","Freq","50"
"TransformerWithCTSaturation/Hybrid 87T Relay/RMS1","SubSystem","spsRMSLib/RMS","RMSInit","0"
"TransformerWithCTSaturation/Hybrid 87T Relay/RMS1","SubSystem","spsRMSLib/RMS","Ts","0.0001"
"TransformerWithCTSaturation/Hybrid 87T Relay/RMS2","SubSystem","spsRMSLib/RMS","TrueRMS","on"
"TransformerWithCTSaturation/Hybrid 87T Relay/RMS2","SubSystem","spsRMSLib/RMS","Freq","50"
"TransformerWithCTSaturation/Hybrid 87T Relay/RMS2","SubSystem","spsRMSLib/RMS","RMSInit","0"
"TransformerWithCTSaturation/Hybrid 87T Relay/RMS2","SubSystem","spsRMSLib/RMS","Ts","0.0001"
"TransformerWithCTSaturation/Hybrid 87T Relay/RMS3","SubSystem","spsRMSLib/RMS","TrueRMS","on"
"TransformerWithCTSaturation/Hybrid 87T Relay/RMS3","SubSystem","spsRMSLib/RMS","Freq","50"
"TransformerWithCTSaturation/Hybrid 87T Relay/RMS3","SubSystem","spsRMSLib/RMS","RMSInit","0"
"TransformerWithCTSaturation/Hybrid 87T Relay/RMS3","SubSystem","spsRMSLib/RMS","Ts","0.0001"
"TransformerWithCTSaturation/Hybrid 87T Relay/RMS4","SubSystem","spsRMSLib/RMS","TrueRMS","on"
"TransformerWithCTSaturation/Hybrid 87T Relay/RMS4","SubSystem","spsRMSLib/RMS","Freq","50"
"TransformerWithCTSaturation/Hybrid 87T Relay/RMS4","SubSystem","spsRMSLib/RMS","RMSInit","0"
"TransformerWithCTSaturation/Hybrid 87T Relay/RMS4","SubSystem","spsRMSLib/RMS","Ts","0.0001"
"TransformerWithCTSaturation/Hybrid 87T Relay/RMS5","SubSystem","spsRMSLib/RMS","TrueRMS","on"
"TransformerWithCTSaturation/Hybrid 87T Relay/RMS5","SubSystem","spsRMSLib/RMS","Freq","50"
"TransformerWithCTSaturation/Hybrid 87T Relay/RMS5","SubSystem","spsRMSLib/RMS","RMSInit","0"
"TransformerWithCTSaturation/Hybrid 87T Relay/RMS5","SubSystem","spsRMSLib/RMS","Ts","0.0001"
"TransformerWithCTSaturation/Hybrid 87T Relay/Reshape ","Reshape","","OutputDimensionality","Customize"
"TransformerWithCTSaturation/Hybrid 87T Relay/Reshape ","Reshape","","OutputDimensions","[1, 32, 6]"
"TransformerWithCTSaturation/Hybrid 87T Relay/Reshape 1","Reshape","","OutputDimensionality","Customize"
"TransformerWithCTSaturation/Hybrid 87T Relay/Reshape 1","Reshape","","OutputDimensions","[1, 3]"
"TransformerWithCTSaturation/Hybrid 87T Relay/S-R
Latch","SubSystem","simulink_extras/Flip Flops/S-R
Flip-Flop","initial_condition","0"
"TransformerWithCTSaturation/Hybrid 87T Relay/Scope","Scope","","OpenAtSimulationStart","off"
"TransformerWithCTSaturation/Hybrid 87T Relay/Scope","Scope","","DisplayFullPath","off"
"TransformerWithCTSaturation/Hybrid 87T Relay/Scope","Scope","","NumInputPorts","1"
"TransformerWithCTSaturation/Hybrid 87T Relay/Scope","Scope","","LayoutDimensionsString","[1 1]"
"TransformerWithCTSaturation/Hybrid 87T Relay/Scope","Scope","","SampleTime","-1"
"TransformerWithCTSaturation/Hybrid 87T Relay/Scope","Scope","","FrameBasedProcessingString","Elements as channels (sample based)"
"TransformerWithCTSaturation/Hybrid 87T Relay/Scope","Scope","","MaximizeAxes","Off"
"TransformerWithCTSaturation/Hybrid 87T Relay/Scope","Scope","","AxesScaling","Manual"
"TransformerWithCTSaturation/Hybrid 87T Relay/Scope","Scope","","AxesScalingNumUpdates","10"
"TransformerWithCTSaturation/Hybrid 87T Relay/Scope","Scope","","TimeSpan","Auto"
"TransformerWithCTSaturation/Hybrid 87T Relay/Scope","Scope","","TimeSpanOverrunAction","Wrap"
"TransformerWithCTSaturation/Hybrid 87T Relay/Scope","Scope","","TimeUnits","None"
"TransformerWithCTSaturation/Hybrid 87T Relay/Scope","Scope","","TimeDisplayOffset","0"
"TransformerWithCTSaturation/Hybrid 87T Relay/Scope","Scope","","TimeAxisLabels","Bottom displays only"
"TransformerWithCTSaturation/Hybrid 87T Relay/Scope","Scope","","ShowTimeAxisLabel","off"
"TransformerWithCTSaturation/Hybrid 87T Relay/Scope","Scope","","ActiveDisplayString","1"
"TransformerWithCTSaturation/Hybrid 87T Relay/Scope","Scope","","Title","%<SignalLabel>"
"TransformerWithCTSaturation/Hybrid 87T Relay/Scope","Scope","","ShowLegend","off"
"TransformerWithCTSaturation/Hybrid 87T Relay/Scope","Scope","","ShowGrid","on"
"TransformerWithCTSaturation/Hybrid 87T Relay/Scope","Scope","","PlotAsMagnitudePhase","off"
"TransformerWithCTSaturation/Hybrid 87T Relay/Scope","Scope","","ActiveDisplayYMinimum","-3.7388"
"TransformerWithCTSaturation/Hybrid 87T Relay/Scope","Scope","","ActiveDisplayYMaximum","3.9487"
"TransformerWithCTSaturation/Hybrid 87T Relay/Scope","Scope","","DataLoggingLimitDataPoints","off"
"TransformerWithCTSaturation/Hybrid 87T Relay/Scope","Scope","","DataLoggingMaxPoints","5000"
"TransformerWithCTSaturation/Hybrid 87T Relay/Scope","Scope","","DataLoggingDecimateData","off"
"TransformerWithCTSaturation/Hybrid 87T Relay/Scope","Scope","","DataLoggingDecimation","2"
"TransformerWithCTSaturation/Hybrid 87T Relay/Scope","Scope","","DataLogging","off"
"TransformerWithCTSaturation/Hybrid 87T Relay/Scope","Scope","","DataLoggingVariableName","ScopeData2"
"TransformerWithCTSaturation/Hybrid 87T Relay/Scope","Scope","","DataLoggingSaveFormat","Dataset"
"TransformerWithCTSaturation/Hybrid 87T Relay/Scope1","Scope","","OpenAtSimulationStart","off"
"TransformerWithCTSaturation/Hybrid 87T Relay/Scope1","Scope","","DisplayFullPath","off"
"TransformerWithCTSaturation/Hybrid 87T Relay/Scope1","Scope","","NumInputPorts","1"
"TransformerWithCTSaturation/Hybrid 87T Relay/Scope1","Scope","","LayoutDimensionsString","[1 1]"
"TransformerWithCTSaturation/Hybrid 87T Relay/Scope1","Scope","","SampleTime","-1"
"TransformerWithCTSaturation/Hybrid 87T Relay/Scope1","Scope","","FrameBasedProcessingString","Elements as channels (sample based)"
"TransformerWithCTSaturation/Hybrid 87T Relay/Scope1","Scope","","MaximizeAxes","Off"
"TransformerWithCTSaturation/Hybrid 87T Relay/Scope1","Scope","","AxesScaling","Manual"
"TransformerWithCTSaturation/Hybrid 87T Relay/Scope1","Scope","","AxesScalingNumUpdates","10"
"TransformerWithCTSaturation/Hybrid 87T Relay/Scope1","Scope","","TimeSpan","Auto"
"TransformerWithCTSaturation/Hybrid 87T Relay/Scope1","Scope","","TimeSpanOverrunAction","Wrap"
"TransformerWithCTSaturation/Hybrid 87T Relay/Scope1","Scope","","TimeUnits","None"
"TransformerWithCTSaturation/Hybrid 87T Relay/Scope1","Scope","","TimeDisplayOffset","0"
"TransformerWithCTSaturation/Hybrid 87T Relay/Scope1","Scope","","TimeAxisLabels","Bottom displays only"
"TransformerWithCTSaturation/Hybrid 87T Relay/Scope1","Scope","","ShowTimeAxisLabel","off"
"TransformerWithCTSaturation/Hybrid 87T Relay/Scope1","Scope","","ActiveDisplayString","1"
"TransformerWithCTSaturation/Hybrid 87T Relay/Scope1","Scope","","Title","%<SignalLabel>"
"TransformerWithCTSaturation/Hybrid 87T Relay/Scope1","Scope","","ShowLegend","on"
"TransformerWithCTSaturation/Hybrid 87T Relay/Scope1","Scope","","ShowGrid","on"
"TransformerWithCTSaturation/Hybrid 87T Relay/Scope1","Scope","","PlotAsMagnitudePhase","off"
"TransformerWithCTSaturation/Hybrid 87T Relay/Scope1","Scope","","ActiveDisplayYMinimum","-3.8262"
"TransformerWithCTSaturation/Hybrid 87T Relay/Scope1","Scope","","ActiveDisplayYMaximum","4.0362"
"TransformerWithCTSaturation/Hybrid 87T Relay/Scope1","Scope","","DataLoggingLimitDataPoints","off"
"TransformerWithCTSaturation/Hybrid 87T Relay/Scope1","Scope","","DataLoggingMaxPoints","5000"
"TransformerWithCTSaturation/Hybrid 87T Relay/Scope1","Scope","","DataLoggingDecimateData","off"
"TransformerWithCTSaturation/Hybrid 87T Relay/Scope1","Scope","","DataLoggingDecimation","2"
"TransformerWithCTSaturation/Hybrid 87T Relay/Scope1","Scope","","DataLogging","off"
"TransformerWithCTSaturation/Hybrid 87T Relay/Scope1","Scope","","DataLoggingVariableName","ScopeData3"
"TransformerWithCTSaturation/Hybrid 87T Relay/Scope1","Scope","","DataLoggingSaveFormat","Dataset"
"TransformerWithCTSaturation/Hybrid 87T Relay/Supervisory Override with Hardware Fallback","SubSystem","","ShowPortLabels","FromPortIcon"
"TransformerWithCTSaturation/Hybrid 87T Relay/Supervisory Override with Hardware Fallback","SubSystem","","Permissions","ReadWrite"
"TransformerWithCTSaturation/Hybrid 87T Relay/Supervisory Override with Hardware Fallback","SubSystem","","ErrorFcn","Stateflow.Translate.translate"
"TransformerWithCTSaturation/Hybrid 87T Relay/Supervisory Override with Hardware Fallback","SubSystem","","PermitHierarchicalResolution","ExplicitOnly"
"TransformerWithCTSaturation/Hybrid 87T Relay/Supervisory Override with Hardware Fallback","SubSystem","","TreatAsAtomicUnit","on"
"TransformerWithCTSaturation/Hybrid 87T Relay/Supervisory Override with Hardware Fallback","SubSystem","","ShowSubsystemReinitializePorts","off"
"TransformerWithCTSaturation/Hybrid 87T Relay/Supervisory Override with Hardware Fallback","SubSystem","","MinAlgLoopOccurrences","off"
"TransformerWithCTSaturation/Hybrid 87T Relay/Supervisory Override with Hardware Fallback","SubSystem","","ScheduleAs","Sample time"
"TransformerWithCTSaturation/Hybrid 87T Relay/Supervisory Override with Hardware Fallback","SubSystem","","SystemSampleTime","-1"
"TransformerWithCTSaturation/Hybrid 87T Relay/Supervisory Override with Hardware Fallback","SubSystem","","SetExecutionDomain","off"
"TransformerWithCTSaturation/Hybrid 87T Relay/Supervisory Override with Hardware Fallback","SubSystem","","ExecutionDomainType","Deduce"
"TransformerWithCTSaturation/Hybrid 87T Relay/Supervisory Override with Hardware Fallback","SubSystem","","RTWSystemCode","Auto"
"TransformerWithCTSaturation/Hybrid 87T Relay/Supervisory Override with Hardware Fallback","SubSystem","","RTWFcnNameOpts","Auto"
"TransformerWithCTSaturation/Hybrid 87T Relay/Supervisory Override with Hardware Fallback","SubSystem","","RTWFileNameOpts","Auto"
"TransformerWithCTSaturation/Hybrid 87T Relay/Supervisory Override with Hardware Fallback","SubSystem","","FunctionInterfaceSpec","void_void"
"TransformerWithCTSaturation/Hybrid 87T Relay/Supervisory Override with Hardware Fallback","SubSystem","","FunctionWithSeparateData","off"
"TransformerWithCTSaturation/Hybrid 87T Relay/Supervisory Override with Hardware Fallback","SubSystem","","RTWMemSecFuncInitTerm","Inherit from model"
"TransformerWithCTSaturation/Hybrid 87T Relay/Supervisory Override with Hardware Fallback","SubSystem","","RTWMemSecFuncExecute","Inherit from model"
"TransformerWithCTSaturation/Hybrid 87T Relay/Supervisory Override with Hardware Fallback","SubSystem","","RTWMemSecDataConstants","Inherit from model"
"TransformerWithCTSaturation/Hybrid 87T Relay/Supervisory Override with Hardware Fallback","SubSystem","","RTWMemSecDataInternal","Inherit from model"
"TransformerWithCTSaturation/Hybrid 87T Relay/Supervisory Override with Hardware Fallback","SubSystem","","RTWMemSecDataParameters","Inherit from model"
"TransformerWithCTSaturation/Hybrid 87T Relay/Supervisory Override with Hardware Fallback","SubSystem","","IsSubsystemVirtual","off"
"TransformerWithCTSaturation/Hybrid 87T Relay/Supervisory Override with Hardware Fallback","SubSystem","","Variant","off"
"TransformerWithCTSaturation/Hybrid 87T Relay/Supervisory Override with Hardware Fallback","SubSystem","","VariantChoices","[]"
"TransformerWithCTSaturation/Hybrid 87T Relay/Supervisory Override with Hardware Fallback","SubSystem","","VariantControlMode","expression"
"TransformerWithCTSaturation/Hybrid 87T Relay/Supervisory Override with Hardware Fallback","SubSystem","","VariantActivationTime","update diagram"
"TransformerWithCTSaturation/Hybrid 87T Relay/Supervisory Override with Hardware Fallback","SubSystem","","AllowZeroVariantControls","off"
"TransformerWithCTSaturation/Hybrid 87T Relay/Supervisory Override with Hardware Fallback","SubSystem","","PropagateVariantConditions","off"
"TransformerWithCTSaturation/Hybrid 87T Relay/Supervisory Override with Hardware Fallback","SubSystem","","TreatAsGroupedWhenPropagatingVariantConditions","on"
"TransformerWithCTSaturation/Hybrid 87T Relay/Supervisory Override with Hardware Fallback","SubSystem","","Latency","0"
"TransformerWithCTSaturation/Hybrid 87T Relay/Supervisory Override with Hardware Fallback","SubSystem","","AutoFrameSizeCalculation","off"
"TransformerWithCTSaturation/Hybrid 87T Relay/Supervisory Override with Hardware Fallback","SubSystem","","CompiledVariantActivationTime","update diagram"
"TransformerWithCTSaturation/Hybrid 87T Relay/Yd1 Compensation","SubSystem","","ShowPortLabels","FromPortIcon"
"TransformerWithCTSaturation/Hybrid 87T Relay/Yd1 Compensation","SubSystem","","Permissions","ReadWrite"
"TransformerWithCTSaturation/Hybrid 87T Relay/Yd1 Compensation","SubSystem","","ErrorFcn","Stateflow.Translate.translate"
"TransformerWithCTSaturation/Hybrid 87T Relay/Yd1 Compensation","SubSystem","","PermitHierarchicalResolution","ExplicitOnly"
"TransformerWithCTSaturation/Hybrid 87T Relay/Yd1 Compensation","SubSystem","","TreatAsAtomicUnit","on"
"TransformerWithCTSaturation/Hybrid 87T Relay/Yd1 Compensation","SubSystem","","ShowSubsystemReinitializePorts","off"
"TransformerWithCTSaturation/Hybrid 87T Relay/Yd1 Compensation","SubSystem","","MinAlgLoopOccurrences","off"
"TransformerWithCTSaturation/Hybrid 87T Relay/Yd1 Compensation","SubSystem","","ScheduleAs","Sample time"
"TransformerWithCTSaturation/Hybrid 87T Relay/Yd1 Compensation","SubSystem","","SystemSampleTime","-1"
"TransformerWithCTSaturation/Hybrid 87T Relay/Yd1 Compensation","SubSystem","","SetExecutionDomain","off"
"TransformerWithCTSaturation/Hybrid 87T Relay/Yd1 Compensation","SubSystem","","ExecutionDomainType","Deduce"
"TransformerWithCTSaturation/Hybrid 87T Relay/Yd1 Compensation","SubSystem","","RTWSystemCode","Auto"
"TransformerWithCTSaturation/Hybrid 87T Relay/Yd1 Compensation","SubSystem","","RTWFcnNameOpts","Auto"
"TransformerWithCTSaturation/Hybrid 87T Relay/Yd1 Compensation","SubSystem","","RTWFileNameOpts","Auto"
"TransformerWithCTSaturation/Hybrid 87T Relay/Yd1 Compensation","SubSystem","","FunctionInterfaceSpec","void_void"
"TransformerWithCTSaturation/Hybrid 87T Relay/Yd1 Compensation","SubSystem","","FunctionWithSeparateData","off"
"TransformerWithCTSaturation/Hybrid 87T Relay/Yd1 Compensation","SubSystem","","RTWMemSecFuncInitTerm","Inherit from model"
"TransformerWithCTSaturation/Hybrid 87T Relay/Yd1 Compensation","SubSystem","","RTWMemSecFuncExecute","Inherit from model"
"TransformerWithCTSaturation/Hybrid 87T Relay/Yd1 Compensation","SubSystem","","RTWMemSecDataConstants","Inherit from model"
"TransformerWithCTSaturation/Hybrid 87T Relay/Yd1 Compensation","SubSystem","","RTWMemSecDataInternal","Inherit from model"
"TransformerWithCTSaturation/Hybrid 87T Relay/Yd1 Compensation","SubSystem","","RTWMemSecDataParameters","Inherit from model"
"TransformerWithCTSaturation/Hybrid 87T Relay/Yd1 Compensation","SubSystem","","IsSubsystemVirtual","off"
"TransformerWithCTSaturation/Hybrid 87T Relay/Yd1 Compensation","SubSystem","","Variant","off"
"TransformerWithCTSaturation/Hybrid 87T Relay/Yd1 Compensation","SubSystem","","VariantChoices","[]"
"TransformerWithCTSaturation/Hybrid 87T Relay/Yd1 Compensation","SubSystem","","VariantControlMode","expression"
"TransformerWithCTSaturation/Hybrid 87T Relay/Yd1 Compensation","SubSystem","","VariantActivationTime","update diagram"
"TransformerWithCTSaturation/Hybrid 87T Relay/Yd1 Compensation","SubSystem","","AllowZeroVariantControls","off"
"TransformerWithCTSaturation/Hybrid 87T Relay/Yd1 Compensation","SubSystem","","PropagateVariantConditions","off"
"TransformerWithCTSaturation/Hybrid 87T Relay/Yd1 Compensation","SubSystem","","TreatAsGroupedWhenPropagatingVariantConditions","on"
"TransformerWithCTSaturation/Hybrid 87T Relay/Yd1 Compensation","SubSystem","","Latency","0"
"TransformerWithCTSaturation/Hybrid 87T Relay/Yd1 Compensation","SubSystem","","AutoFrameSizeCalculation","off"
"TransformerWithCTSaturation/Hybrid 87T Relay/Yd1 Compensation","SubSystem","","CompiledVariantActivationTime","update diagram"
"TransformerWithCTSaturation/Hybrid 87T Relay/Trip_Signal","Outport","","Port","1"
"TransformerWithCTSaturation/Hybrid 87T Relay/Trip_Signal","Outport","","SignalObject","[]"
"TransformerWithCTSaturation/Hybrid 87T Relay/Trip_Signal","Outport","","StorageClass","Auto"
"TransformerWithCTSaturation/Hybrid 87T Relay/Trip_Signal","Outport","","IconDisplay","Port number"
"TransformerWithCTSaturation/Hybrid 87T Relay/Trip_Signal","Outport","","OutputFunctionCall","off"
"TransformerWithCTSaturation/Hybrid 87T Relay/Trip_Signal","Outport","","OutMin","[]"
"TransformerWithCTSaturation/Hybrid 87T Relay/Trip_Signal","Outport","","OutMax","[]"
"TransformerWithCTSaturation/Hybrid 87T Relay/Trip_Signal","Outport","","OutDataTypeStr","Inherit: auto"
"TransformerWithCTSaturation/Hybrid 87T Relay/Trip_Signal","Outport","","LockScale","off"
"TransformerWithCTSaturation/Hybrid 87T Relay/Trip_Signal","Outport","","BusOutputAsStruct","off"
"TransformerWithCTSaturation/Hybrid 87T Relay/Trip_Signal","Outport","","BusVirtuality","inherit"
"TransformerWithCTSaturation/Hybrid 87T Relay/Trip_Signal","Outport","","DataMode","inherit"
"TransformerWithCTSaturation/Hybrid 87T Relay/Trip_Signal","Outport","","Unit","inherit"
"TransformerWithCTSaturation/Hybrid 87T Relay/Trip_Signal","Outport","","PortDimensions","-1"
"TransformerWithCTSaturation/Hybrid 87T Relay/Trip_Signal","Outport","","VarSizeSig","Inherit"
"TransformerWithCTSaturation/Hybrid 87T Relay/Trip_Signal","Outport","","SampleTime","-1"
"TransformerWithCTSaturation/Hybrid 87T Relay/Trip_Signal","Outport","","SignalType","auto"
"TransformerWithCTSaturation/Hybrid 87T Relay/Trip_Signal","Outport","","EnsureOutportIsVirtual","off"
"TransformerWithCTSaturation/Hybrid 87T Relay/Trip_Signal","Outport","","SourceOfInitialOutputValue","Dialog"
"TransformerWithCTSaturation/Hybrid 87T Relay/Trip_Signal","Outport","","OutputWhenDisabled","held"
"TransformerWithCTSaturation/Hybrid 87T Relay/Trip_Signal","Outport","","InitialOutput","[]"
"TransformerWithCTSaturation/Hybrid 87T Relay/Trip_Signal","Outport","","MustResolveToSignalObject","off"
"TransformerWithCTSaturation/Hybrid 87T Relay/Trip_Signal","Outport","","OutputWhenUnConnected","off"
"TransformerWithCTSaturation/Hybrid 87T Relay/Trip_Signal","Outport","","OutputWhenUnconnectedValue","0"
"TransformerWithCTSaturation/Hybrid 87T Relay/Trip_Signal","Outport","","VectorParamsAs1DForOutWhenUnconnected","on"
"TransformerWithCTSaturation/Internal_Fault1","SubSystem","spsThreePhaseFaultLib/Three-Phase Fault","InitialStates","0"
"TransformerWithCTSaturation/Internal_Fault1","SubSystem","spsThreePhaseFaultLib/Three-Phase Fault","FaultA","on"
"TransformerWithCTSaturation/Internal_Fault1","SubSystem","spsThreePhaseFaultLib/Three-Phase Fault","FaultB","off"
"TransformerWithCTSaturation/Internal_Fault1","SubSystem","spsThreePhaseFaultLib/Three-Phase Fault","FaultC","off"
"TransformerWithCTSaturation/Internal_Fault1","SubSystem","spsThreePhaseFaultLib/Three-Phase Fault","GroundFault","on"
"TransformerWithCTSaturation/Internal_Fault1","SubSystem","spsThreePhaseFaultLib/Three-Phase Fault","SwitchTimes","[0.05 1]"
"TransformerWithCTSaturation/Internal_Fault1","SubSystem","spsThreePhaseFaultLib/Three-Phase Fault","External","on"
"TransformerWithCTSaturation/Internal_Fault1","SubSystem","spsThreePhaseFaultLib/Three-Phase Fault","SwitchStatus","NaN"
"TransformerWithCTSaturation/Internal_Fault1","SubSystem","spsThreePhaseFaultLib/Three-Phase Fault","FaultResistance","0.01"
"TransformerWithCTSaturation/Internal_Fault1","SubSystem","spsThreePhaseFaultLib/Three-Phase Fault","GroundResistance","0.01"
"TransformerWithCTSaturation/Internal_Fault1","SubSystem","spsThreePhaseFaultLib/Three-Phase Fault","SnubberResistance","1e6"
"TransformerWithCTSaturation/Internal_Fault1","SubSystem","spsThreePhaseFaultLib/Three-Phase Fault","SnubberCapacitance","inf"
"TransformerWithCTSaturation/Internal_Fault1","SubSystem","spsThreePhaseFaultLib/Three-Phase Fault","Measurements","None"
"TransformerWithCTSaturation/Internal_Fault2","SubSystem","spsThreePhaseFaultLib/Three-Phase Fault","InitialStates","0"
"TransformerWithCTSaturation/Internal_Fault2","SubSystem","spsThreePhaseFaultLib/Three-Phase Fault","FaultA","off"
"TransformerWithCTSaturation/Internal_Fault2","SubSystem","spsThreePhaseFaultLib/Three-Phase Fault","FaultB","on"
"TransformerWithCTSaturation/Internal_Fault2","SubSystem","spsThreePhaseFaultLib/Three-Phase Fault","FaultC","off"
"TransformerWithCTSaturation/Internal_Fault2","SubSystem","spsThreePhaseFaultLib/Three-Phase Fault","GroundFault","on"
"TransformerWithCTSaturation/Internal_Fault2","SubSystem","spsThreePhaseFaultLib/Three-Phase Fault","SwitchTimes","[0.05 1]"
"TransformerWithCTSaturation/Internal_Fault2","SubSystem","spsThreePhaseFaultLib/Three-Phase Fault","External","on"
"TransformerWithCTSaturation/Internal_Fault2","SubSystem","spsThreePhaseFaultLib/Three-Phase Fault","SwitchStatus","NaN"
"TransformerWithCTSaturation/Internal_Fault2","SubSystem","spsThreePhaseFaultLib/Three-Phase Fault","FaultResistance","0.01"
"TransformerWithCTSaturation/Internal_Fault2","SubSystem","spsThreePhaseFaultLib/Three-Phase Fault","GroundResistance","0.01"
"TransformerWithCTSaturation/Internal_Fault2","SubSystem","spsThreePhaseFaultLib/Three-Phase Fault","SnubberResistance","1e6"
"TransformerWithCTSaturation/Internal_Fault2","SubSystem","spsThreePhaseFaultLib/Three-Phase Fault","SnubberCapacitance","inf"
"TransformerWithCTSaturation/Internal_Fault2","SubSystem","spsThreePhaseFaultLib/Three-Phase Fault","Measurements","None"
"TransformerWithCTSaturation/Internal_Fault3","SubSystem","spsThreePhaseFaultLib/Three-Phase Fault","InitialStates","0"
"TransformerWithCTSaturation/Internal_Fault3","SubSystem","spsThreePhaseFaultLib/Three-Phase Fault","FaultA","off"
"TransformerWithCTSaturation/Internal_Fault3","SubSystem","spsThreePhaseFaultLib/Three-Phase Fault","FaultB","off"
"TransformerWithCTSaturation/Internal_Fault3","SubSystem","spsThreePhaseFaultLib/Three-Phase Fault","FaultC","on"
"TransformerWithCTSaturation/Internal_Fault3","SubSystem","spsThreePhaseFaultLib/Three-Phase Fault","GroundFault","off"
"TransformerWithCTSaturation/Internal_Fault3","SubSystem","spsThreePhaseFaultLib/Three-Phase Fault","SwitchTimes","[0.05 1]"
"TransformerWithCTSaturation/Internal_Fault3","SubSystem","spsThreePhaseFaultLib/Three-Phase Fault","External","on"
"TransformerWithCTSaturation/Internal_Fault3","SubSystem","spsThreePhaseFaultLib/Three-Phase Fault","SwitchStatus","NaN"
"TransformerWithCTSaturation/Internal_Fault3","SubSystem","spsThreePhaseFaultLib/Three-Phase Fault","FaultResistance","0.01"
"TransformerWithCTSaturation/Internal_Fault3","SubSystem","spsThreePhaseFaultLib/Three-Phase Fault","GroundResistance","0.01"
"TransformerWithCTSaturation/Internal_Fault3","SubSystem","spsThreePhaseFaultLib/Three-Phase Fault","SnubberResistance","1e6"
"TransformerWithCTSaturation/Internal_Fault3","SubSystem","spsThreePhaseFaultLib/Three-Phase Fault","SnubberCapacitance","inf"
"TransformerWithCTSaturation/Internal_Fault3","SubSystem","spsThreePhaseFaultLib/Three-Phase Fault","Measurements","None"
"TransformerWithCTSaturation/Mux","Mux","","Inputs","3"
"TransformerWithCTSaturation/Mux","Mux","","DisplayOption","bar"
"TransformerWithCTSaturation/Mux1","Mux","","Inputs","3"
"TransformerWithCTSaturation/Mux1","Mux","","DisplayOption","bar"
"TransformerWithCTSaturation/Noise Merging Unit","SubSystem","","ShowPortLabels","FromPortIcon"
"TransformerWithCTSaturation/Noise Merging Unit","SubSystem","","Permissions","ReadWrite"
"TransformerWithCTSaturation/Noise Merging Unit","SubSystem","","PermitHierarchicalResolution","All"
"TransformerWithCTSaturation/Noise Merging Unit","SubSystem","","TreatAsAtomicUnit","off"
"TransformerWithCTSaturation/Noise Merging Unit","SubSystem","","ShowSubsystemReinitializePorts","off"
"TransformerWithCTSaturation/Noise Merging Unit","SubSystem","","MinAlgLoopOccurrences","off"
"TransformerWithCTSaturation/Noise Merging Unit","SubSystem","","ScheduleAs","Sample time"
"TransformerWithCTSaturation/Noise Merging Unit","SubSystem","","SystemSampleTime","-1"
"TransformerWithCTSaturation/Noise Merging Unit","SubSystem","","SetExecutionDomain","off"
"TransformerWithCTSaturation/Noise Merging Unit","SubSystem","","ExecutionDomainType","Deduce"
"TransformerWithCTSaturation/Noise Merging Unit","SubSystem","","RTWSystemCode","Auto"
"TransformerWithCTSaturation/Noise Merging Unit","SubSystem","","RTWFcnNameOpts","Auto"
"TransformerWithCTSaturation/Noise Merging Unit","SubSystem","","RTWFileNameOpts","Auto"
"TransformerWithCTSaturation/Noise Merging Unit","SubSystem","","FunctionInterfaceSpec","void_void"
"TransformerWithCTSaturation/Noise Merging Unit","SubSystem","","FunctionWithSeparateData","off"
"TransformerWithCTSaturation/Noise Merging Unit","SubSystem","","RTWMemSecFuncInitTerm","Inherit from model"
"TransformerWithCTSaturation/Noise Merging Unit","SubSystem","","RTWMemSecFuncExecute","Inherit from model"
"TransformerWithCTSaturation/Noise Merging Unit","SubSystem","","RTWMemSecDataConstants","Inherit from model"
"TransformerWithCTSaturation/Noise Merging Unit","SubSystem","","RTWMemSecDataInternal","Inherit from model"
"TransformerWithCTSaturation/Noise Merging Unit","SubSystem","","RTWMemSecDataParameters","Inherit from model"
"TransformerWithCTSaturation/Noise Merging Unit","SubSystem","","IsSubsystemVirtual","on"
"TransformerWithCTSaturation/Noise Merging Unit","SubSystem","","Variant","off"
"TransformerWithCTSaturation/Noise Merging Unit","SubSystem","","VariantChoices","[]"
"TransformerWithCTSaturation/Noise Merging Unit","SubSystem","","VariantControlMode","expression"
"TransformerWithCTSaturation/Noise Merging Unit","SubSystem","","VariantActivationTime","update diagram"
"TransformerWithCTSaturation/Noise Merging Unit","SubSystem","","AllowZeroVariantControls","off"
"TransformerWithCTSaturation/Noise Merging Unit","SubSystem","","PropagateVariantConditions","off"
"TransformerWithCTSaturation/Noise Merging Unit","SubSystem","","TreatAsGroupedWhenPropagatingVariantConditions","on"
"TransformerWithCTSaturation/Noise Merging Unit","SubSystem","","Latency","0"
"TransformerWithCTSaturation/Noise Merging Unit","SubSystem","","AutoFrameSizeCalculation","off"
"TransformerWithCTSaturation/Noise Merging Unit","SubSystem","","CompiledVariantActivationTime","update diagram"
"TransformerWithCTSaturation/Noise Merging Unit/IA_Prim","Inport","","Port","1"
"TransformerWithCTSaturation/Noise Merging Unit/IA_Prim","Inport","","IconDisplay","Port number"
"TransformerWithCTSaturation/Noise Merging Unit/IA_Prim","Inport","","OutputFunctionCall","off"
"TransformerWithCTSaturation/Noise Merging Unit/IA_Prim","Inport","","OutMin","[]"
"TransformerWithCTSaturation/Noise Merging Unit/IA_Prim","Inport","","OutMax","[]"
"TransformerWithCTSaturation/Noise Merging Unit/IA_Prim","Inport","","OutDataTypeStr","Inherit: auto"
"TransformerWithCTSaturation/Noise Merging Unit/IA_Prim","Inport","","LockScale","off"
"TransformerWithCTSaturation/Noise Merging Unit/IA_Prim","Inport","","BusOutputAsStruct","off"
"TransformerWithCTSaturation/Noise Merging Unit/IA_Prim","Inport","","BusVirtuality","inherit"
"TransformerWithCTSaturation/Noise Merging Unit/IA_Prim","Inport","","Unit","inherit"
"TransformerWithCTSaturation/Noise Merging Unit/IA_Prim","Inport","","PortDimensions","-1"
"TransformerWithCTSaturation/Noise Merging Unit/IA_Prim","Inport","","VarSizeSig","Inherit"
"TransformerWithCTSaturation/Noise Merging Unit/IA_Prim","Inport","","SampleTime","-1"
"TransformerWithCTSaturation/Noise Merging Unit/IA_Prim","Inport","","SignalType","auto"
"TransformerWithCTSaturation/Noise Merging Unit/IA_Prim","Inport","","LatchByDelayingOutsideSignal","off"
"TransformerWithCTSaturation/Noise Merging Unit/IA_Prim","Inport","","LatchInputForFeedbackSignals","off"
"TransformerWithCTSaturation/Noise Merging Unit/IA_Prim","Inport","","Interpolate","on"
"TransformerWithCTSaturation/Noise Merging Unit/IA_Prim","Inport","","DataMode","inherit"
"TransformerWithCTSaturation/Noise Merging Unit/IA_Prim","Inport","","MessageQueueUseDefaultAttributes","on"
"TransformerWithCTSaturation/Noise Merging Unit/IA_Prim","Inport","","MessageQueueCapacity","1"
"TransformerWithCTSaturation/Noise Merging Unit/IA_Prim","Inport","","MessageQueueType","LIFO"
"TransformerWithCTSaturation/Noise Merging Unit/IA_Prim","Inport","","MessageQueueOverwriting","on"
"TransformerWithCTSaturation/Noise Merging Unit/IA_Prim","Inport","","EventTriggers","[]"
"TransformerWithCTSaturation/Noise Merging Unit/IB_Prim","Inport","","Port","2"
"TransformerWithCTSaturation/Noise Merging Unit/IB_Prim","Inport","","IconDisplay","Port number"
"TransformerWithCTSaturation/Noise Merging Unit/IB_Prim","Inport","","OutputFunctionCall","off"
"TransformerWithCTSaturation/Noise Merging Unit/IB_Prim","Inport","","OutMin","[]"
"TransformerWithCTSaturation/Noise Merging Unit/IB_Prim","Inport","","OutMax","[]"
"TransformerWithCTSaturation/Noise Merging Unit/IB_Prim","Inport","","OutDataTypeStr","Inherit: auto"
"TransformerWithCTSaturation/Noise Merging Unit/IB_Prim","Inport","","LockScale","off"
"TransformerWithCTSaturation/Noise Merging Unit/IB_Prim","Inport","","BusOutputAsStruct","off"
"TransformerWithCTSaturation/Noise Merging Unit/IB_Prim","Inport","","BusVirtuality","inherit"
"TransformerWithCTSaturation/Noise Merging Unit/IB_Prim","Inport","","Unit","inherit"
"TransformerWithCTSaturation/Noise Merging Unit/IB_Prim","Inport","","PortDimensions","-1"
"TransformerWithCTSaturation/Noise Merging Unit/IB_Prim","Inport","","VarSizeSig","Inherit"
"TransformerWithCTSaturation/Noise Merging Unit/IB_Prim","Inport","","SampleTime","-1"
"TransformerWithCTSaturation/Noise Merging Unit/IB_Prim","Inport","","SignalType","auto"
"TransformerWithCTSaturation/Noise Merging Unit/IB_Prim","Inport","","LatchByDelayingOutsideSignal","off"
"TransformerWithCTSaturation/Noise Merging Unit/IB_Prim","Inport","","LatchInputForFeedbackSignals","off"
"TransformerWithCTSaturation/Noise Merging Unit/IB_Prim","Inport","","Interpolate","on"
"TransformerWithCTSaturation/Noise Merging Unit/IB_Prim","Inport","","DataMode","inherit"
"TransformerWithCTSaturation/Noise Merging Unit/IB_Prim","Inport","","MessageQueueUseDefaultAttributes","on"
"TransformerWithCTSaturation/Noise Merging Unit/IB_Prim","Inport","","MessageQueueCapacity","1"
"TransformerWithCTSaturation/Noise Merging Unit/IB_Prim","Inport","","MessageQueueType","LIFO"
"TransformerWithCTSaturation/Noise Merging Unit/IB_Prim","Inport","","MessageQueueOverwriting","on"
"TransformerWithCTSaturation/Noise Merging Unit/IB_Prim","Inport","","EventTriggers","[]"
"TransformerWithCTSaturation/Noise Merging Unit/IC_Prim","Inport","","Port","3"
"TransformerWithCTSaturation/Noise Merging Unit/IC_Prim","Inport","","IconDisplay","Port number"
"TransformerWithCTSaturation/Noise Merging Unit/IC_Prim","Inport","","OutputFunctionCall","off"
"TransformerWithCTSaturation/Noise Merging Unit/IC_Prim","Inport","","OutMin","[]"
"TransformerWithCTSaturation/Noise Merging Unit/IC_Prim","Inport","","OutMax","[]"
"TransformerWithCTSaturation/Noise Merging Unit/IC_Prim","Inport","","OutDataTypeStr","Inherit: auto"
"TransformerWithCTSaturation/Noise Merging Unit/IC_Prim","Inport","","LockScale","off"
"TransformerWithCTSaturation/Noise Merging Unit/IC_Prim","Inport","","BusOutputAsStruct","off"
"TransformerWithCTSaturation/Noise Merging Unit/IC_Prim","Inport","","BusVirtuality","inherit"
"TransformerWithCTSaturation/Noise Merging Unit/IC_Prim","Inport","","Unit","inherit"
"TransformerWithCTSaturation/Noise Merging Unit/IC_Prim","Inport","","PortDimensions","-1"
"TransformerWithCTSaturation/Noise Merging Unit/IC_Prim","Inport","","VarSizeSig","Inherit"
"TransformerWithCTSaturation/Noise Merging Unit/IC_Prim","Inport","","SampleTime","-1"
"TransformerWithCTSaturation/Noise Merging Unit/IC_Prim","Inport","","SignalType","auto"
"TransformerWithCTSaturation/Noise Merging Unit/IC_Prim","Inport","","LatchByDelayingOutsideSignal","off"
"TransformerWithCTSaturation/Noise Merging Unit/IC_Prim","Inport","","LatchInputForFeedbackSignals","off"
"TransformerWithCTSaturation/Noise Merging Unit/IC_Prim","Inport","","Interpolate","on"
"TransformerWithCTSaturation/Noise Merging Unit/IC_Prim","Inport","","DataMode","inherit"
"TransformerWithCTSaturation/Noise Merging Unit/IC_Prim","Inport","","MessageQueueUseDefaultAttributes","on"
"TransformerWithCTSaturation/Noise Merging Unit/IC_Prim","Inport","","MessageQueueCapacity","1"
"TransformerWithCTSaturation/Noise Merging Unit/IC_Prim","Inport","","MessageQueueType","LIFO"
"TransformerWithCTSaturation/Noise Merging Unit/IC_Prim","Inport","","MessageQueueOverwriting","on"
"TransformerWithCTSaturation/Noise Merging Unit/IC_Prim","Inport","","EventTriggers","[]"
"TransformerWithCTSaturation/Noise Merging Unit/IA_Sec","Inport","","Port","4"
"TransformerWithCTSaturation/Noise Merging Unit/IA_Sec","Inport","","IconDisplay","Port number"
"TransformerWithCTSaturation/Noise Merging Unit/IA_Sec","Inport","","OutputFunctionCall","off"
"TransformerWithCTSaturation/Noise Merging Unit/IA_Sec","Inport","","OutMin","[]"
"TransformerWithCTSaturation/Noise Merging Unit/IA_Sec","Inport","","OutMax","[]"
"TransformerWithCTSaturation/Noise Merging Unit/IA_Sec","Inport","","OutDataTypeStr","Inherit: auto"
"TransformerWithCTSaturation/Noise Merging Unit/IA_Sec","Inport","","LockScale","off"
"TransformerWithCTSaturation/Noise Merging Unit/IA_Sec","Inport","","BusOutputAsStruct","off"
"TransformerWithCTSaturation/Noise Merging Unit/IA_Sec","Inport","","BusVirtuality","inherit"
"TransformerWithCTSaturation/Noise Merging Unit/IA_Sec","Inport","","Unit","inherit"
"TransformerWithCTSaturation/Noise Merging Unit/IA_Sec","Inport","","PortDimensions","-1"
"TransformerWithCTSaturation/Noise Merging Unit/IA_Sec","Inport","","VarSizeSig","Inherit"
"TransformerWithCTSaturation/Noise Merging Unit/IA_Sec","Inport","","SampleTime","-1"
"TransformerWithCTSaturation/Noise Merging Unit/IA_Sec","Inport","","SignalType","auto"
"TransformerWithCTSaturation/Noise Merging Unit/IA_Sec","Inport","","LatchByDelayingOutsideSignal","off"
"TransformerWithCTSaturation/Noise Merging Unit/IA_Sec","Inport","","LatchInputForFeedbackSignals","off"
"TransformerWithCTSaturation/Noise Merging Unit/IA_Sec","Inport","","Interpolate","on"
"TransformerWithCTSaturation/Noise Merging Unit/IA_Sec","Inport","","DataMode","inherit"
"TransformerWithCTSaturation/Noise Merging Unit/IA_Sec","Inport","","MessageQueueUseDefaultAttributes","on"
"TransformerWithCTSaturation/Noise Merging Unit/IA_Sec","Inport","","MessageQueueCapacity","1"
"TransformerWithCTSaturation/Noise Merging Unit/IA_Sec","Inport","","MessageQueueType","LIFO"
"TransformerWithCTSaturation/Noise Merging Unit/IA_Sec","Inport","","MessageQueueOverwriting","on"
"TransformerWithCTSaturation/Noise Merging Unit/IA_Sec","Inport","","EventTriggers","[]"
"TransformerWithCTSaturation/Noise Merging Unit/IB_Sec","Inport","","Port","5"
"TransformerWithCTSaturation/Noise Merging Unit/IB_Sec","Inport","","IconDisplay","Port number"
"TransformerWithCTSaturation/Noise Merging Unit/IB_Sec","Inport","","OutputFunctionCall","off"
"TransformerWithCTSaturation/Noise Merging Unit/IB_Sec","Inport","","OutMin","[]"
"TransformerWithCTSaturation/Noise Merging Unit/IB_Sec","Inport","","OutMax","[]"
"TransformerWithCTSaturation/Noise Merging Unit/IB_Sec","Inport","","OutDataTypeStr","Inherit: auto"
"TransformerWithCTSaturation/Noise Merging Unit/IB_Sec","Inport","","LockScale","off"
"TransformerWithCTSaturation/Noise Merging Unit/IB_Sec","Inport","","BusOutputAsStruct","off"
"TransformerWithCTSaturation/Noise Merging Unit/IB_Sec","Inport","","BusVirtuality","inherit"
"TransformerWithCTSaturation/Noise Merging Unit/IB_Sec","Inport","","Unit","inherit"
"TransformerWithCTSaturation/Noise Merging Unit/IB_Sec","Inport","","PortDimensions","-1"
"TransformerWithCTSaturation/Noise Merging Unit/IB_Sec","Inport","","VarSizeSig","Inherit"
"TransformerWithCTSaturation/Noise Merging Unit/IB_Sec","Inport","","SampleTime","-1"
"TransformerWithCTSaturation/Noise Merging Unit/IB_Sec","Inport","","SignalType","auto"
"TransformerWithCTSaturation/Noise Merging Unit/IB_Sec","Inport","","LatchByDelayingOutsideSignal","off"
"TransformerWithCTSaturation/Noise Merging Unit/IB_Sec","Inport","","LatchInputForFeedbackSignals","off"
"TransformerWithCTSaturation/Noise Merging Unit/IB_Sec","Inport","","Interpolate","on"
"TransformerWithCTSaturation/Noise Merging Unit/IB_Sec","Inport","","DataMode","inherit"
"TransformerWithCTSaturation/Noise Merging Unit/IB_Sec","Inport","","MessageQueueUseDefaultAttributes","on"
"TransformerWithCTSaturation/Noise Merging Unit/IB_Sec","Inport","","MessageQueueCapacity","1"
"TransformerWithCTSaturation/Noise Merging Unit/IB_Sec","Inport","","MessageQueueType","LIFO"
"TransformerWithCTSaturation/Noise Merging Unit/IB_Sec","Inport","","MessageQueueOverwriting","on"
"TransformerWithCTSaturation/Noise Merging Unit/IB_Sec","Inport","","EventTriggers","[]"
"TransformerWithCTSaturation/Noise Merging Unit/IC_Sec","Inport","","Port","6"
"TransformerWithCTSaturation/Noise Merging Unit/IC_Sec","Inport","","IconDisplay","Port number"
"TransformerWithCTSaturation/Noise Merging Unit/IC_Sec","Inport","","OutputFunctionCall","off"
"TransformerWithCTSaturation/Noise Merging Unit/IC_Sec","Inport","","OutMin","[]"
"TransformerWithCTSaturation/Noise Merging Unit/IC_Sec","Inport","","OutMax","[]"
"TransformerWithCTSaturation/Noise Merging Unit/IC_Sec","Inport","","OutDataTypeStr","Inherit: auto"
"TransformerWithCTSaturation/Noise Merging Unit/IC_Sec","Inport","","LockScale","off"
"TransformerWithCTSaturation/Noise Merging Unit/IC_Sec","Inport","","BusOutputAsStruct","off"
"TransformerWithCTSaturation/Noise Merging Unit/IC_Sec","Inport","","BusVirtuality","inherit"
"TransformerWithCTSaturation/Noise Merging Unit/IC_Sec","Inport","","Unit","inherit"
"TransformerWithCTSaturation/Noise Merging Unit/IC_Sec","Inport","","PortDimensions","-1"
"TransformerWithCTSaturation/Noise Merging Unit/IC_Sec","Inport","","VarSizeSig","Inherit"
"TransformerWithCTSaturation/Noise Merging Unit/IC_Sec","Inport","","SampleTime","-1"
"TransformerWithCTSaturation/Noise Merging Unit/IC_Sec","Inport","","SignalType","auto"
"TransformerWithCTSaturation/Noise Merging Unit/IC_Sec","Inport","","LatchByDelayingOutsideSignal","off"
"TransformerWithCTSaturation/Noise Merging Unit/IC_Sec","Inport","","LatchInputForFeedbackSignals","off"
"TransformerWithCTSaturation/Noise Merging Unit/IC_Sec","Inport","","Interpolate","on"
"TransformerWithCTSaturation/Noise Merging Unit/IC_Sec","Inport","","DataMode","inherit"
"TransformerWithCTSaturation/Noise Merging Unit/IC_Sec","Inport","","MessageQueueUseDefaultAttributes","on"
"TransformerWithCTSaturation/Noise Merging Unit/IC_Sec","Inport","","MessageQueueCapacity","1"
"TransformerWithCTSaturation/Noise Merging Unit/IC_Sec","Inport","","MessageQueueType","LIFO"
"TransformerWithCTSaturation/Noise Merging Unit/IC_Sec","Inport","","MessageQueueOverwriting","on"
"TransformerWithCTSaturation/Noise Merging Unit/IC_Sec","Inport","","EventTriggers","[]"
"TransformerWithCTSaturation/Noise Merging Unit/Add","Sum","","IconShape","rectangular"
"TransformerWithCTSaturation/Noise Merging Unit/Add","Sum","","Inputs","++"
"TransformerWithCTSaturation/Noise Merging Unit/Add","Sum","","CollapseMode","All dimensions"
"TransformerWithCTSaturation/Noise Merging Unit/Add","Sum","","CollapseDim","1"
"TransformerWithCTSaturation/Noise Merging Unit/Add","Sum","","InputSameDT","off"
"TransformerWithCTSaturation/Noise Merging Unit/Add","Sum","","AccumDataTypeStr","Inherit: Inherit via internal rule"
"TransformerWithCTSaturation/Noise Merging Unit/Add","Sum","","OutMin","[]"
"TransformerWithCTSaturation/Noise Merging Unit/Add","Sum","","OutMax","[]"
"TransformerWithCTSaturation/Noise Merging Unit/Add","Sum","","OutDataTypeStr","Inherit: Inherit via internal rule"
"TransformerWithCTSaturation/Noise Merging Unit/Add","Sum","","LockScale","off"
"TransformerWithCTSaturation/Noise Merging Unit/Add","Sum","","RndMeth","Floor"
"TransformerWithCTSaturation/Noise Merging Unit/Add","Sum","","SaturateOnIntegerOverflow","off"
"TransformerWithCTSaturation/Noise Merging Unit/Add","Sum","","SampleTime","-1"
"TransformerWithCTSaturation/Noise Merging Unit/Add1","Sum","","IconShape","rectangular"
"TransformerWithCTSaturation/Noise Merging Unit/Add1","Sum","","Inputs","++"
"TransformerWithCTSaturation/Noise Merging Unit/Add1","Sum","","CollapseMode","All dimensions"
"TransformerWithCTSaturation/Noise Merging Unit/Add1","Sum","","CollapseDim","1"
"TransformerWithCTSaturation/Noise Merging Unit/Add1","Sum","","InputSameDT","off"
"TransformerWithCTSaturation/Noise Merging Unit/Add1","Sum","","AccumDataTypeStr","Inherit: Inherit via internal rule"
"TransformerWithCTSaturation/Noise Merging Unit/Add1","Sum","","OutMin","[]"
"TransformerWithCTSaturation/Noise Merging Unit/Add1","Sum","","OutMax","[]"
"TransformerWithCTSaturation/Noise Merging Unit/Add1","Sum","","OutDataTypeStr","Inherit: Inherit via internal rule"
"TransformerWithCTSaturation/Noise Merging Unit/Add1","Sum","","LockScale","off"
"TransformerWithCTSaturation/Noise Merging Unit/Add1","Sum","","RndMeth","Floor"
"TransformerWithCTSaturation/Noise Merging Unit/Add1","Sum","","SaturateOnIntegerOverflow","off"
"TransformerWithCTSaturation/Noise Merging Unit/Add1","Sum","","SampleTime","-1"
"TransformerWithCTSaturation/Noise Merging Unit/Add2","Sum","","IconShape","rectangular"
"TransformerWithCTSaturation/Noise Merging Unit/Add2","Sum","","Inputs","++"
"TransformerWithCTSaturation/Noise Merging Unit/Add2","Sum","","CollapseMode","All dimensions"
"TransformerWithCTSaturation/Noise Merging Unit/Add2","Sum","","CollapseDim","1"
"TransformerWithCTSaturation/Noise Merging Unit/Add2","Sum","","InputSameDT","off"
"TransformerWithCTSaturation/Noise Merging Unit/Add2","Sum","","AccumDataTypeStr","Inherit: Inherit via internal rule"
"TransformerWithCTSaturation/Noise Merging Unit/Add2","Sum","","OutMin","[]"
"TransformerWithCTSaturation/Noise Merging Unit/Add2","Sum","","OutMax","[]"
"TransformerWithCTSaturation/Noise Merging Unit/Add2","Sum","","OutDataTypeStr","Inherit: Inherit via internal rule"
"TransformerWithCTSaturation/Noise Merging Unit/Add2","Sum","","LockScale","off"
"TransformerWithCTSaturation/Noise Merging Unit/Add2","Sum","","RndMeth","Floor"
"TransformerWithCTSaturation/Noise Merging Unit/Add2","Sum","","SaturateOnIntegerOverflow","off"
"TransformerWithCTSaturation/Noise Merging Unit/Add2","Sum","","SampleTime","-1"
"TransformerWithCTSaturation/Noise Merging Unit/Add3","Sum","","IconShape","rectangular"
"TransformerWithCTSaturation/Noise Merging Unit/Add3","Sum","","Inputs","++"
"TransformerWithCTSaturation/Noise Merging Unit/Add3","Sum","","CollapseMode","All dimensions"
"TransformerWithCTSaturation/Noise Merging Unit/Add3","Sum","","CollapseDim","1"
"TransformerWithCTSaturation/Noise Merging Unit/Add3","Sum","","InputSameDT","off"
"TransformerWithCTSaturation/Noise Merging Unit/Add3","Sum","","AccumDataTypeStr","Inherit: Inherit via internal rule"
"TransformerWithCTSaturation/Noise Merging Unit/Add3","Sum","","OutMin","[]"
"TransformerWithCTSaturation/Noise Merging Unit/Add3","Sum","","OutMax","[]"
"TransformerWithCTSaturation/Noise Merging Unit/Add3","Sum","","OutDataTypeStr","Inherit: Inherit via internal rule"
"TransformerWithCTSaturation/Noise Merging Unit/Add3","Sum","","LockScale","off"
"TransformerWithCTSaturation/Noise Merging Unit/Add3","Sum","","RndMeth","Floor"
"TransformerWithCTSaturation/Noise Merging Unit/Add3","Sum","","SaturateOnIntegerOverflow","off"
"TransformerWithCTSaturation/Noise Merging Unit/Add3","Sum","","SampleTime","-1"
"TransformerWithCTSaturation/Noise Merging Unit/Add4","Sum","","IconShape","rectangular"
"TransformerWithCTSaturation/Noise Merging Unit/Add4","Sum","","Inputs","++"
"TransformerWithCTSaturation/Noise Merging Unit/Add4","Sum","","CollapseMode","All dimensions"
"TransformerWithCTSaturation/Noise Merging Unit/Add4","Sum","","CollapseDim","1"
"TransformerWithCTSaturation/Noise Merging Unit/Add4","Sum","","InputSameDT","off"
"TransformerWithCTSaturation/Noise Merging Unit/Add4","Sum","","AccumDataTypeStr","Inherit: Inherit via internal rule"
"TransformerWithCTSaturation/Noise Merging Unit/Add4","Sum","","OutMin","[]"
"TransformerWithCTSaturation/Noise Merging Unit/Add4","Sum","","OutMax","[]"
"TransformerWithCTSaturation/Noise Merging Unit/Add4","Sum","","OutDataTypeStr","Inherit: Inherit via internal rule"
"TransformerWithCTSaturation/Noise Merging Unit/Add4","Sum","","LockScale","off"
"TransformerWithCTSaturation/Noise Merging Unit/Add4","Sum","","RndMeth","Floor"
"TransformerWithCTSaturation/Noise Merging Unit/Add4","Sum","","SaturateOnIntegerOverflow","off"
"TransformerWithCTSaturation/Noise Merging Unit/Add4","Sum","","SampleTime","-1"
"TransformerWithCTSaturation/Noise Merging Unit/Add5","Sum","","IconShape","rectangular"
"TransformerWithCTSaturation/Noise Merging Unit/Add5","Sum","","Inputs","++"
"TransformerWithCTSaturation/Noise Merging Unit/Add5","Sum","","CollapseMode","All dimensions"
"TransformerWithCTSaturation/Noise Merging Unit/Add5","Sum","","CollapseDim","1"
"TransformerWithCTSaturation/Noise Merging Unit/Add5","Sum","","InputSameDT","off"
"TransformerWithCTSaturation/Noise Merging Unit/Add5","Sum","","AccumDataTypeStr","Inherit: Inherit via internal rule"
"TransformerWithCTSaturation/Noise Merging Unit/Add5","Sum","","OutMin","[]"
"TransformerWithCTSaturation/Noise Merging Unit/Add5","Sum","","OutMax","[]"
"TransformerWithCTSaturation/Noise Merging Unit/Add5","Sum","","OutDataTypeStr","Inherit: Inherit via internal rule"
"TransformerWithCTSaturation/Noise Merging Unit/Add5","Sum","","LockScale","off"
"TransformerWithCTSaturation/Noise Merging Unit/Add5","Sum","","RndMeth","Floor"
"TransformerWithCTSaturation/Noise Merging Unit/Add5","Sum","","SaturateOnIntegerOverflow","off"
"TransformerWithCTSaturation/Noise Merging Unit/Add5","Sum","","SampleTime","-1"
"TransformerWithCTSaturation/Noise Merging Unit/Band-Limited
White Noise","SubSystem","simulink/Sources/Band-Limited
White Noise","Cov","[0.1]"
"TransformerWithCTSaturation/Noise Merging Unit/Band-Limited
White Noise","SubSystem","simulink/Sources/Band-Limited
White Noise","Ts","0.0001"
"TransformerWithCTSaturation/Noise Merging Unit/Band-Limited
White Noise","SubSystem","simulink/Sources/Band-Limited
White Noise","seed","[23341]"
"TransformerWithCTSaturation/Noise Merging Unit/Band-Limited
White Noise","SubSystem","simulink/Sources/Band-Limited
White Noise","VectorParams1D","on"
"TransformerWithCTSaturation/Noise Merging Unit/CT_Gain_Mismatch_1","Gain","","Gain","1.0093"
"TransformerWithCTSaturation/Noise Merging Unit/CT_Gain_Mismatch_1","Gain","","Multiplication","Element-wise(K.*u)"
"TransformerWithCTSaturation/Noise Merging Unit/CT_Gain_Mismatch_1","Gain","","ParamMin","[]"
"TransformerWithCTSaturation/Noise Merging Unit/CT_Gain_Mismatch_1","Gain","","ParamMax","[]"
"TransformerWithCTSaturation/Noise Merging Unit/CT_Gain_Mismatch_1","Gain","","ParamDataTypeStr","Inherit: Inherit via internal rule"
"TransformerWithCTSaturation/Noise Merging Unit/CT_Gain_Mismatch_1","Gain","","OutMin","[]"
"TransformerWithCTSaturation/Noise Merging Unit/CT_Gain_Mismatch_1","Gain","","OutMax","[]"
"TransformerWithCTSaturation/Noise Merging Unit/CT_Gain_Mismatch_1","Gain","","OutDataTypeStr","Inherit: Inherit via internal rule"
"TransformerWithCTSaturation/Noise Merging Unit/CT_Gain_Mismatch_1","Gain","","LockScale","off"
"TransformerWithCTSaturation/Noise Merging Unit/CT_Gain_Mismatch_1","Gain","","RndMeth","Floor"
"TransformerWithCTSaturation/Noise Merging Unit/CT_Gain_Mismatch_1","Gain","","SaturateOnIntegerOverflow","off"
"TransformerWithCTSaturation/Noise Merging Unit/CT_Gain_Mismatch_1","Gain","","SampleTime","-1"
"TransformerWithCTSaturation/Noise Merging Unit/CT_Gain_Mismatch_2","Gain","","Gain","0.98652"
"TransformerWithCTSaturation/Noise Merging Unit/CT_Gain_Mismatch_2","Gain","","Multiplication","Element-wise(K.*u)"
"TransformerWithCTSaturation/Noise Merging Unit/CT_Gain_Mismatch_2","Gain","","ParamMin","[]"
"TransformerWithCTSaturation/Noise Merging Unit/CT_Gain_Mismatch_2","Gain","","ParamMax","[]"
"TransformerWithCTSaturation/Noise Merging Unit/CT_Gain_Mismatch_2","Gain","","ParamDataTypeStr","Inherit: Inherit via internal rule"
"TransformerWithCTSaturation/Noise Merging Unit/CT_Gain_Mismatch_2","Gain","","OutMin","[]"
"TransformerWithCTSaturation/Noise Merging Unit/CT_Gain_Mismatch_2","Gain","","OutMax","[]"
"TransformerWithCTSaturation/Noise Merging Unit/CT_Gain_Mismatch_2","Gain","","OutDataTypeStr","Inherit: Inherit via internal rule"
"TransformerWithCTSaturation/Noise Merging Unit/CT_Gain_Mismatch_2","Gain","","LockScale","off"
"TransformerWithCTSaturation/Noise Merging Unit/CT_Gain_Mismatch_2","Gain","","RndMeth","Floor"
"TransformerWithCTSaturation/Noise Merging Unit/CT_Gain_Mismatch_2","Gain","","SaturateOnIntegerOverflow","off"
"TransformerWithCTSaturation/Noise Merging Unit/CT_Gain_Mismatch_2","Gain","","SampleTime","-1"
"TransformerWithCTSaturation/Noise Merging Unit/CT_Gain_Mismatch_3","Gain","","Gain","1.0168"
"TransformerWithCTSaturation/Noise Merging Unit/CT_Gain_Mismatch_3","Gain","","Multiplication","Element-wise(K.*u)"
"TransformerWithCTSaturation/Noise Merging Unit/CT_Gain_Mismatch_3","Gain","","ParamMin","[]"
"TransformerWithCTSaturation/Noise Merging Unit/CT_Gain_Mismatch_3","Gain","","ParamMax","[]"
"TransformerWithCTSaturation/Noise Merging Unit/CT_Gain_Mismatch_3","Gain","","ParamDataTypeStr","Inherit: Inherit via internal rule"
"TransformerWithCTSaturation/Noise Merging Unit/CT_Gain_Mismatch_3","Gain","","OutMin","[]"
"TransformerWithCTSaturation/Noise Merging Unit/CT_Gain_Mismatch_3","Gain","","OutMax","[]"
"TransformerWithCTSaturation/Noise Merging Unit/CT_Gain_Mismatch_3","Gain","","OutDataTypeStr","Inherit: Inherit via internal rule"
"TransformerWithCTSaturation/Noise Merging Unit/CT_Gain_Mismatch_3","Gain","","LockScale","off"
"TransformerWithCTSaturation/Noise Merging Unit/CT_Gain_Mismatch_3","Gain","","RndMeth","Floor"
"TransformerWithCTSaturation/Noise Merging Unit/CT_Gain_Mismatch_3","Gain","","SaturateOnIntegerOverflow","off"
"TransformerWithCTSaturation/Noise Merging Unit/CT_Gain_Mismatch_3","Gain","","SampleTime","-1"
"TransformerWithCTSaturation/Noise Merging Unit/CT_Gain_Mismatch_4","Gain","","Gain","0.98889"
"TransformerWithCTSaturation/Noise Merging Unit/CT_Gain_Mismatch_4","Gain","","Multiplication","Element-wise(K.*u)"
"TransformerWithCTSaturation/Noise Merging Unit/CT_Gain_Mismatch_4","Gain","","ParamMin","[]"
"TransformerWithCTSaturation/Noise Merging Unit/CT_Gain_Mismatch_4","Gain","","ParamMax","[]"
"TransformerWithCTSaturation/Noise Merging Unit/CT_Gain_Mismatch_4","Gain","","ParamDataTypeStr","Inherit: Inherit via internal rule"
"TransformerWithCTSaturation/Noise Merging Unit/CT_Gain_Mismatch_4","Gain","","OutMin","[]"
"TransformerWithCTSaturation/Noise Merging Unit/CT_Gain_Mismatch_4","Gain","","OutMax","[]"
"TransformerWithCTSaturation/Noise Merging Unit/CT_Gain_Mismatch_4","Gain","","OutDataTypeStr","Inherit: Inherit via internal rule"
"TransformerWithCTSaturation/Noise Merging Unit/CT_Gain_Mismatch_4","Gain","","LockScale","off"
"TransformerWithCTSaturation/Noise Merging Unit/CT_Gain_Mismatch_4","Gain","","RndMeth","Floor"
"TransformerWithCTSaturation/Noise Merging Unit/CT_Gain_Mismatch_4","Gain","","SaturateOnIntegerOverflow","off"
"TransformerWithCTSaturation/Noise Merging Unit/CT_Gain_Mismatch_4","Gain","","SampleTime","-1"
"TransformerWithCTSaturation/Noise Merging Unit/CT_Gain_Mismatch_5","Gain","","Gain","0.98334"
"TransformerWithCTSaturation/Noise Merging Unit/CT_Gain_Mismatch_5","Gain","","Multiplication","Element-wise(K.*u)"
"TransformerWithCTSaturation/Noise Merging Unit/CT_Gain_Mismatch_5","Gain","","ParamMin","[]"
"TransformerWithCTSaturation/Noise Merging Unit/CT_Gain_Mismatch_5","Gain","","ParamMax","[]"
"TransformerWithCTSaturation/Noise Merging Unit/CT_Gain_Mismatch_5","Gain","","ParamDataTypeStr","Inherit: Inherit via internal rule"
"TransformerWithCTSaturation/Noise Merging Unit/CT_Gain_Mismatch_5","Gain","","OutMin","[]"
"TransformerWithCTSaturation/Noise Merging Unit/CT_Gain_Mismatch_5","Gain","","OutMax","[]"
"TransformerWithCTSaturation/Noise Merging Unit/CT_Gain_Mismatch_5","Gain","","OutDataTypeStr","Inherit: Inherit via internal rule"
"TransformerWithCTSaturation/Noise Merging Unit/CT_Gain_Mismatch_5","Gain","","LockScale","off"
"TransformerWithCTSaturation/Noise Merging Unit/CT_Gain_Mismatch_5","Gain","","RndMeth","Floor"
"TransformerWithCTSaturation/Noise Merging Unit/CT_Gain_Mismatch_5","Gain","","SaturateOnIntegerOverflow","off"
"TransformerWithCTSaturation/Noise Merging Unit/CT_Gain_Mismatch_5","Gain","","SampleTime","-1"
"TransformerWithCTSaturation/Noise Merging Unit/CT_Gain_Mismatch_6","Gain","","Gain","0.98295"
"TransformerWithCTSaturation/Noise Merging Unit/CT_Gain_Mismatch_6","Gain","","Multiplication","Element-wise(K.*u)"
"TransformerWithCTSaturation/Noise Merging Unit/CT_Gain_Mismatch_6","Gain","","ParamMin","[]"
"TransformerWithCTSaturation/Noise Merging Unit/CT_Gain_Mismatch_6","Gain","","ParamMax","[]"
"TransformerWithCTSaturation/Noise Merging Unit/CT_Gain_Mismatch_6","Gain","","ParamDataTypeStr","Inherit: Inherit via internal rule"
"TransformerWithCTSaturation/Noise Merging Unit/CT_Gain_Mismatch_6","Gain","","OutMin","[]"
"TransformerWithCTSaturation/Noise Merging Unit/CT_Gain_Mismatch_6","Gain","","OutMax","[]"
"TransformerWithCTSaturation/Noise Merging Unit/CT_Gain_Mismatch_6","Gain","","OutDataTypeStr","Inherit: Inherit via internal rule"
"TransformerWithCTSaturation/Noise Merging Unit/CT_Gain_Mismatch_6","Gain","","LockScale","off"
"TransformerWithCTSaturation/Noise Merging Unit/CT_Gain_Mismatch_6","Gain","","RndMeth","Floor"
"TransformerWithCTSaturation/Noise Merging Unit/CT_Gain_Mismatch_6","Gain","","SaturateOnIntegerOverflow","off"
"TransformerWithCTSaturation/Noise Merging Unit/CT_Gain_Mismatch_6","Gain","","SampleTime","-1"
"TransformerWithCTSaturation/Noise Merging Unit/Noise_Gain_1","Gain","","Gain","0.02566"
"TransformerWithCTSaturation/Noise Merging Unit/Noise_Gain_1","Gain","","Multiplication","Element-wise(K.*u)"
"TransformerWithCTSaturation/Noise Merging Unit/Noise_Gain_1","Gain","","ParamMin","[]"
"TransformerWithCTSaturation/Noise Merging Unit/Noise_Gain_1","Gain","","ParamMax","[]"
"TransformerWithCTSaturation/Noise Merging Unit/Noise_Gain_1","Gain","","ParamDataTypeStr","Inherit: Inherit via internal rule"
"TransformerWithCTSaturation/Noise Merging Unit/Noise_Gain_1","Gain","","OutMin","[]"
"TransformerWithCTSaturation/Noise Merging Unit/Noise_Gain_1","Gain","","OutMax","[]"
"TransformerWithCTSaturation/Noise Merging Unit/Noise_Gain_1","Gain","","OutDataTypeStr","Inherit: Inherit via internal rule"
"TransformerWithCTSaturation/Noise Merging Unit/Noise_Gain_1","Gain","","LockScale","off"
"TransformerWithCTSaturation/Noise Merging Unit/Noise_Gain_1","Gain","","RndMeth","Floor"
"TransformerWithCTSaturation/Noise Merging Unit/Noise_Gain_1","Gain","","SaturateOnIntegerOverflow","off"
"TransformerWithCTSaturation/Noise Merging Unit/Noise_Gain_1","Gain","","SampleTime","-1"
"TransformerWithCTSaturation/Noise Merging Unit/Noise_Gain_2","Gain","","Gain","0.02566"
"TransformerWithCTSaturation/Noise Merging Unit/Noise_Gain_2","Gain","","Multiplication","Element-wise(K.*u)"
"TransformerWithCTSaturation/Noise Merging Unit/Noise_Gain_2","Gain","","ParamMin","[]"
"TransformerWithCTSaturation/Noise Merging Unit/Noise_Gain_2","Gain","","ParamMax","[]"
"TransformerWithCTSaturation/Noise Merging Unit/Noise_Gain_2","Gain","","ParamDataTypeStr","Inherit: Inherit via internal rule"
"TransformerWithCTSaturation/Noise Merging Unit/Noise_Gain_2","Gain","","OutMin","[]"
"TransformerWithCTSaturation/Noise Merging Unit/Noise_Gain_2","Gain","","OutMax","[]"
"TransformerWithCTSaturation/Noise Merging Unit/Noise_Gain_2","Gain","","OutDataTypeStr","Inherit: Inherit via internal rule"
"TransformerWithCTSaturation/Noise Merging Unit/Noise_Gain_2","Gain","","LockScale","off"
"TransformerWithCTSaturation/Noise Merging Unit/Noise_Gain_2","Gain","","RndMeth","Floor"
"TransformerWithCTSaturation/Noise Merging Unit/Noise_Gain_2","Gain","","SaturateOnIntegerOverflow","off"
"TransformerWithCTSaturation/Noise Merging Unit/Noise_Gain_2","Gain","","SampleTime","-1"
"TransformerWithCTSaturation/Noise Merging Unit/Noise_Gain_3","Gain","","Gain","0.02566"
"TransformerWithCTSaturation/Noise Merging Unit/Noise_Gain_3","Gain","","Multiplication","Element-wise(K.*u)"
"TransformerWithCTSaturation/Noise Merging Unit/Noise_Gain_3","Gain","","ParamMin","[]"
"TransformerWithCTSaturation/Noise Merging Unit/Noise_Gain_3","Gain","","ParamMax","[]"
"TransformerWithCTSaturation/Noise Merging Unit/Noise_Gain_3","Gain","","ParamDataTypeStr","Inherit: Inherit via internal rule"
"TransformerWithCTSaturation/Noise Merging Unit/Noise_Gain_3","Gain","","OutMin","[]"
"TransformerWithCTSaturation/Noise Merging Unit/Noise_Gain_3","Gain","","OutMax","[]"
"TransformerWithCTSaturation/Noise Merging Unit/Noise_Gain_3","Gain","","OutDataTypeStr","Inherit: Inherit via internal rule"
"TransformerWithCTSaturation/Noise Merging Unit/Noise_Gain_3","Gain","","LockScale","off"
"TransformerWithCTSaturation/Noise Merging Unit/Noise_Gain_3","Gain","","RndMeth","Floor"
"TransformerWithCTSaturation/Noise Merging Unit/Noise_Gain_3","Gain","","SaturateOnIntegerOverflow","off"
"TransformerWithCTSaturation/Noise Merging Unit/Noise_Gain_3","Gain","","SampleTime","-1"
"TransformerWithCTSaturation/Noise Merging Unit/Noise_Gain_4","Gain","","Gain","0.02566"
"TransformerWithCTSaturation/Noise Merging Unit/Noise_Gain_4","Gain","","Multiplication","Element-wise(K.*u)"
"TransformerWithCTSaturation/Noise Merging Unit/Noise_Gain_4","Gain","","ParamMin","[]"
"TransformerWithCTSaturation/Noise Merging Unit/Noise_Gain_4","Gain","","ParamMax","[]"
"TransformerWithCTSaturation/Noise Merging Unit/Noise_Gain_4","Gain","","ParamDataTypeStr","Inherit: Inherit via internal rule"
"TransformerWithCTSaturation/Noise Merging Unit/Noise_Gain_4","Gain","","OutMin","[]"
"TransformerWithCTSaturation/Noise Merging Unit/Noise_Gain_4","Gain","","OutMax","[]"
"TransformerWithCTSaturation/Noise Merging Unit/Noise_Gain_4","Gain","","OutDataTypeStr","Inherit: Inherit via internal rule"
"TransformerWithCTSaturation/Noise Merging Unit/Noise_Gain_4","Gain","","LockScale","off"
"TransformerWithCTSaturation/Noise Merging Unit/Noise_Gain_4","Gain","","RndMeth","Floor"
"TransformerWithCTSaturation/Noise Merging Unit/Noise_Gain_4","Gain","","SaturateOnIntegerOverflow","off"
"TransformerWithCTSaturation/Noise Merging Unit/Noise_Gain_4","Gain","","SampleTime","-1"
"TransformerWithCTSaturation/Noise Merging Unit/Noise_Gain_5","Gain","","Gain","0.02566"
"TransformerWithCTSaturation/Noise Merging Unit/Noise_Gain_5","Gain","","Multiplication","Element-wise(K.*u)"
"TransformerWithCTSaturation/Noise Merging Unit/Noise_Gain_5","Gain","","ParamMin","[]"
"TransformerWithCTSaturation/Noise Merging Unit/Noise_Gain_5","Gain","","ParamMax","[]"
"TransformerWithCTSaturation/Noise Merging Unit/Noise_Gain_5","Gain","","ParamDataTypeStr","Inherit: Inherit via internal rule"
"TransformerWithCTSaturation/Noise Merging Unit/Noise_Gain_5","Gain","","OutMin","[]"
"TransformerWithCTSaturation/Noise Merging Unit/Noise_Gain_5","Gain","","OutMax","[]"
"TransformerWithCTSaturation/Noise Merging Unit/Noise_Gain_5","Gain","","OutDataTypeStr","Inherit: Inherit via internal rule"
"TransformerWithCTSaturation/Noise Merging Unit/Noise_Gain_5","Gain","","LockScale","off"
"TransformerWithCTSaturation/Noise Merging Unit/Noise_Gain_5","Gain","","RndMeth","Floor"
"TransformerWithCTSaturation/Noise Merging Unit/Noise_Gain_5","Gain","","SaturateOnIntegerOverflow","off"
"TransformerWithCTSaturation/Noise Merging Unit/Noise_Gain_5","Gain","","SampleTime","-1"
"TransformerWithCTSaturation/Noise Merging Unit/Noise_Gain_6","Gain","","Gain","0.02566"
"TransformerWithCTSaturation/Noise Merging Unit/Noise_Gain_6","Gain","","Multiplication","Element-wise(K.*u)"
"TransformerWithCTSaturation/Noise Merging Unit/Noise_Gain_6","Gain","","ParamMin","[]"
"TransformerWithCTSaturation/Noise Merging Unit/Noise_Gain_6","Gain","","ParamMax","[]"
"TransformerWithCTSaturation/Noise Merging Unit/Noise_Gain_6","Gain","","ParamDataTypeStr","Inherit: Inherit via internal rule"
"TransformerWithCTSaturation/Noise Merging Unit/Noise_Gain_6","Gain","","OutMin","[]"
"TransformerWithCTSaturation/Noise Merging Unit/Noise_Gain_6","Gain","","OutMax","[]"
"TransformerWithCTSaturation/Noise Merging Unit/Noise_Gain_6","Gain","","OutDataTypeStr","Inherit: Inherit via internal rule"
"TransformerWithCTSaturation/Noise Merging Unit/Noise_Gain_6","Gain","","LockScale","off"
"TransformerWithCTSaturation/Noise Merging Unit/Noise_Gain_6","Gain","","RndMeth","Floor"
"TransformerWithCTSaturation/Noise Merging Unit/Noise_Gain_6","Gain","","SaturateOnIntegerOverflow","off"
"TransformerWithCTSaturation/Noise Merging Unit/Noise_Gain_6","Gain","","SampleTime","-1"
"TransformerWithCTSaturation/Noise Merging Unit/Quantizer","Quantizer","","QuantizationInterval","0.01"
"TransformerWithCTSaturation/Noise Merging Unit/Quantizer","Quantizer","","LinearizeAsGain","on"
"TransformerWithCTSaturation/Noise Merging Unit/Quantizer","Quantizer","","SampleTime","-1"
"TransformerWithCTSaturation/Noise Merging Unit/Quantizer1","Quantizer","","QuantizationInterval","0.01"
"TransformerWithCTSaturation/Noise Merging Unit/Quantizer1","Quantizer","","LinearizeAsGain","on"
"TransformerWithCTSaturation/Noise Merging Unit/Quantizer1","Quantizer","","SampleTime","-1"
"TransformerWithCTSaturation/Noise Merging Unit/Quantizer2","Quantizer","","QuantizationInterval","0.01"
"TransformerWithCTSaturation/Noise Merging Unit/Quantizer2","Quantizer","","LinearizeAsGain","on"
"TransformerWithCTSaturation/Noise Merging Unit/Quantizer2","Quantizer","","SampleTime","-1"
"TransformerWithCTSaturation/Noise Merging Unit/Quantizer3","Quantizer","","QuantizationInterval","0.01"
"TransformerWithCTSaturation/Noise Merging Unit/Quantizer3","Quantizer","","LinearizeAsGain","on"
"TransformerWithCTSaturation/Noise Merging Unit/Quantizer3","Quantizer","","SampleTime","-1"
"TransformerWithCTSaturation/Noise Merging Unit/Quantizer4","Quantizer","","QuantizationInterval","0.01"
"TransformerWithCTSaturation/Noise Merging Unit/Quantizer4","Quantizer","","LinearizeAsGain","on"
"TransformerWithCTSaturation/Noise Merging Unit/Quantizer4","Quantizer","","SampleTime","-1"
"TransformerWithCTSaturation/Noise Merging Unit/Quantizer5","Quantizer","","QuantizationInterval","0.01"
"TransformerWithCTSaturation/Noise Merging Unit/Quantizer5","Quantizer","","LinearizeAsGain","on"
"TransformerWithCTSaturation/Noise Merging Unit/Quantizer5","Quantizer","","SampleTime","-1"
"TransformerWithCTSaturation/Noise Merging Unit/Dig_IA_Prim","Outport","","Port","1"
"TransformerWithCTSaturation/Noise Merging Unit/Dig_IA_Prim","Outport","","SignalObject","[]"
"TransformerWithCTSaturation/Noise Merging Unit/Dig_IA_Prim","Outport","","StorageClass","Auto"
"TransformerWithCTSaturation/Noise Merging Unit/Dig_IA_Prim","Outport","","IconDisplay","Port number"
"TransformerWithCTSaturation/Noise Merging Unit/Dig_IA_Prim","Outport","","OutputFunctionCall","off"
"TransformerWithCTSaturation/Noise Merging Unit/Dig_IA_Prim","Outport","","OutMin","[]"
"TransformerWithCTSaturation/Noise Merging Unit/Dig_IA_Prim","Outport","","OutMax","[]"
"TransformerWithCTSaturation/Noise Merging Unit/Dig_IA_Prim","Outport","","OutDataTypeStr","Inherit: auto"
"TransformerWithCTSaturation/Noise Merging Unit/Dig_IA_Prim","Outport","","LockScale","off"
"TransformerWithCTSaturation/Noise Merging Unit/Dig_IA_Prim","Outport","","BusOutputAsStruct","off"
"TransformerWithCTSaturation/Noise Merging Unit/Dig_IA_Prim","Outport","","BusVirtuality","inherit"
"TransformerWithCTSaturation/Noise Merging Unit/Dig_IA_Prim","Outport","","DataMode","inherit"
"TransformerWithCTSaturation/Noise Merging Unit/Dig_IA_Prim","Outport","","Unit","inherit"
"TransformerWithCTSaturation/Noise Merging Unit/Dig_IA_Prim","Outport","","PortDimensions","-1"
"TransformerWithCTSaturation/Noise Merging Unit/Dig_IA_Prim","Outport","","VarSizeSig","Inherit"
"TransformerWithCTSaturation/Noise Merging Unit/Dig_IA_Prim","Outport","","SampleTime","-1"
"TransformerWithCTSaturation/Noise Merging Unit/Dig_IA_Prim","Outport","","SignalType","auto"
"TransformerWithCTSaturation/Noise Merging Unit/Dig_IA_Prim","Outport","","EnsureOutportIsVirtual","off"
"TransformerWithCTSaturation/Noise Merging Unit/Dig_IA_Prim","Outport","","SourceOfInitialOutputValue","Dialog"
"TransformerWithCTSaturation/Noise Merging Unit/Dig_IA_Prim","Outport","","OutputWhenDisabled","held"
"TransformerWithCTSaturation/Noise Merging Unit/Dig_IA_Prim","Outport","","InitialOutput","[]"
"TransformerWithCTSaturation/Noise Merging Unit/Dig_IA_Prim","Outport","","MustResolveToSignalObject","off"
"TransformerWithCTSaturation/Noise Merging Unit/Dig_IA_Prim","Outport","","OutputWhenUnConnected","off"
"TransformerWithCTSaturation/Noise Merging Unit/Dig_IA_Prim","Outport","","OutputWhenUnconnectedValue","0"
"TransformerWithCTSaturation/Noise Merging Unit/Dig_IA_Prim","Outport","","VectorParamsAs1DForOutWhenUnconnected","on"
"TransformerWithCTSaturation/Noise Merging Unit/Dig_IB_Prim","Outport","","Port","2"
"TransformerWithCTSaturation/Noise Merging Unit/Dig_IB_Prim","Outport","","SignalObject","[]"
"TransformerWithCTSaturation/Noise Merging Unit/Dig_IB_Prim","Outport","","StorageClass","Auto"
"TransformerWithCTSaturation/Noise Merging Unit/Dig_IB_Prim","Outport","","IconDisplay","Port number"
"TransformerWithCTSaturation/Noise Merging Unit/Dig_IB_Prim","Outport","","OutputFunctionCall","off"
"TransformerWithCTSaturation/Noise Merging Unit/Dig_IB_Prim","Outport","","OutMin","[]"
"TransformerWithCTSaturation/Noise Merging Unit/Dig_IB_Prim","Outport","","OutMax","[]"
"TransformerWithCTSaturation/Noise Merging Unit/Dig_IB_Prim","Outport","","OutDataTypeStr","Inherit: auto"
"TransformerWithCTSaturation/Noise Merging Unit/Dig_IB_Prim","Outport","","LockScale","off"
"TransformerWithCTSaturation/Noise Merging Unit/Dig_IB_Prim","Outport","","BusOutputAsStruct","off"
"TransformerWithCTSaturation/Noise Merging Unit/Dig_IB_Prim","Outport","","BusVirtuality","inherit"
"TransformerWithCTSaturation/Noise Merging Unit/Dig_IB_Prim","Outport","","DataMode","inherit"
"TransformerWithCTSaturation/Noise Merging Unit/Dig_IB_Prim","Outport","","Unit","inherit"
"TransformerWithCTSaturation/Noise Merging Unit/Dig_IB_Prim","Outport","","PortDimensions","-1"
"TransformerWithCTSaturation/Noise Merging Unit/Dig_IB_Prim","Outport","","VarSizeSig","Inherit"
"TransformerWithCTSaturation/Noise Merging Unit/Dig_IB_Prim","Outport","","SampleTime","-1"
"TransformerWithCTSaturation/Noise Merging Unit/Dig_IB_Prim","Outport","","SignalType","auto"
"TransformerWithCTSaturation/Noise Merging Unit/Dig_IB_Prim","Outport","","EnsureOutportIsVirtual","off"
"TransformerWithCTSaturation/Noise Merging Unit/Dig_IB_Prim","Outport","","SourceOfInitialOutputValue","Dialog"
"TransformerWithCTSaturation/Noise Merging Unit/Dig_IB_Prim","Outport","","OutputWhenDisabled","held"
"TransformerWithCTSaturation/Noise Merging Unit/Dig_IB_Prim","Outport","","InitialOutput","[]"
"TransformerWithCTSaturation/Noise Merging Unit/Dig_IB_Prim","Outport","","MustResolveToSignalObject","off"
"TransformerWithCTSaturation/Noise Merging Unit/Dig_IB_Prim","Outport","","OutputWhenUnConnected","off"
"TransformerWithCTSaturation/Noise Merging Unit/Dig_IB_Prim","Outport","","OutputWhenUnconnectedValue","0"
"TransformerWithCTSaturation/Noise Merging Unit/Dig_IB_Prim","Outport","","VectorParamsAs1DForOutWhenUnconnected","on"
"TransformerWithCTSaturation/Noise Merging Unit/Dig_IC_Prim","Outport","","Port","3"
"TransformerWithCTSaturation/Noise Merging Unit/Dig_IC_Prim","Outport","","SignalObject","[]"
"TransformerWithCTSaturation/Noise Merging Unit/Dig_IC_Prim","Outport","","StorageClass","Auto"
"TransformerWithCTSaturation/Noise Merging Unit/Dig_IC_Prim","Outport","","IconDisplay","Port number"
"TransformerWithCTSaturation/Noise Merging Unit/Dig_IC_Prim","Outport","","OutputFunctionCall","off"
"TransformerWithCTSaturation/Noise Merging Unit/Dig_IC_Prim","Outport","","OutMin","[]"
"TransformerWithCTSaturation/Noise Merging Unit/Dig_IC_Prim","Outport","","OutMax","[]"
"TransformerWithCTSaturation/Noise Merging Unit/Dig_IC_Prim","Outport","","OutDataTypeStr","Inherit: auto"
"TransformerWithCTSaturation/Noise Merging Unit/Dig_IC_Prim","Outport","","LockScale","off"
"TransformerWithCTSaturation/Noise Merging Unit/Dig_IC_Prim","Outport","","BusOutputAsStruct","off"
"TransformerWithCTSaturation/Noise Merging Unit/Dig_IC_Prim","Outport","","BusVirtuality","inherit"
"TransformerWithCTSaturation/Noise Merging Unit/Dig_IC_Prim","Outport","","DataMode","inherit"
"TransformerWithCTSaturation/Noise Merging Unit/Dig_IC_Prim","Outport","","Unit","inherit"
"TransformerWithCTSaturation/Noise Merging Unit/Dig_IC_Prim","Outport","","PortDimensions","-1"
"TransformerWithCTSaturation/Noise Merging Unit/Dig_IC_Prim","Outport","","VarSizeSig","Inherit"
"TransformerWithCTSaturation/Noise Merging Unit/Dig_IC_Prim","Outport","","SampleTime","-1"
"TransformerWithCTSaturation/Noise Merging Unit/Dig_IC_Prim","Outport","","SignalType","auto"
"TransformerWithCTSaturation/Noise Merging Unit/Dig_IC_Prim","Outport","","EnsureOutportIsVirtual","off"
"TransformerWithCTSaturation/Noise Merging Unit/Dig_IC_Prim","Outport","","SourceOfInitialOutputValue","Dialog"
"TransformerWithCTSaturation/Noise Merging Unit/Dig_IC_Prim","Outport","","OutputWhenDisabled","held"
"TransformerWithCTSaturation/Noise Merging Unit/Dig_IC_Prim","Outport","","InitialOutput","[]"
"TransformerWithCTSaturation/Noise Merging Unit/Dig_IC_Prim","Outport","","MustResolveToSignalObject","off"
"TransformerWithCTSaturation/Noise Merging Unit/Dig_IC_Prim","Outport","","OutputWhenUnConnected","off"
"TransformerWithCTSaturation/Noise Merging Unit/Dig_IC_Prim","Outport","","OutputWhenUnconnectedValue","0"
"TransformerWithCTSaturation/Noise Merging Unit/Dig_IC_Prim","Outport","","VectorParamsAs1DForOutWhenUnconnected","on"
"TransformerWithCTSaturation/Noise Merging Unit/Dig_IA_Sec","Outport","","Port","4"
"TransformerWithCTSaturation/Noise Merging Unit/Dig_IA_Sec","Outport","","SignalObject","[]"
"TransformerWithCTSaturation/Noise Merging Unit/Dig_IA_Sec","Outport","","StorageClass","Auto"
"TransformerWithCTSaturation/Noise Merging Unit/Dig_IA_Sec","Outport","","IconDisplay","Port number"
"TransformerWithCTSaturation/Noise Merging Unit/Dig_IA_Sec","Outport","","OutputFunctionCall","off"
"TransformerWithCTSaturation/Noise Merging Unit/Dig_IA_Sec","Outport","","OutMin","[]"
"TransformerWithCTSaturation/Noise Merging Unit/Dig_IA_Sec","Outport","","OutMax","[]"
"TransformerWithCTSaturation/Noise Merging Unit/Dig_IA_Sec","Outport","","OutDataTypeStr","Inherit: auto"
"TransformerWithCTSaturation/Noise Merging Unit/Dig_IA_Sec","Outport","","LockScale","off"
"TransformerWithCTSaturation/Noise Merging Unit/Dig_IA_Sec","Outport","","BusOutputAsStruct","off"
"TransformerWithCTSaturation/Noise Merging Unit/Dig_IA_Sec","Outport","","BusVirtuality","inherit"
"TransformerWithCTSaturation/Noise Merging Unit/Dig_IA_Sec","Outport","","DataMode","inherit"
"TransformerWithCTSaturation/Noise Merging Unit/Dig_IA_Sec","Outport","","Unit","inherit"
"TransformerWithCTSaturation/Noise Merging Unit/Dig_IA_Sec","Outport","","PortDimensions","-1"
"TransformerWithCTSaturation/Noise Merging Unit/Dig_IA_Sec","Outport","","VarSizeSig","Inherit"
"TransformerWithCTSaturation/Noise Merging Unit/Dig_IA_Sec","Outport","","SampleTime","-1"
"TransformerWithCTSaturation/Noise Merging Unit/Dig_IA_Sec","Outport","","SignalType","auto"
"TransformerWithCTSaturation/Noise Merging Unit/Dig_IA_Sec","Outport","","EnsureOutportIsVirtual","off"
"TransformerWithCTSaturation/Noise Merging Unit/Dig_IA_Sec","Outport","","SourceOfInitialOutputValue","Dialog"
"TransformerWithCTSaturation/Noise Merging Unit/Dig_IA_Sec","Outport","","OutputWhenDisabled","held"
"TransformerWithCTSaturation/Noise Merging Unit/Dig_IA_Sec","Outport","","InitialOutput","[]"
"TransformerWithCTSaturation/Noise Merging Unit/Dig_IA_Sec","Outport","","MustResolveToSignalObject","off"
"TransformerWithCTSaturation/Noise Merging Unit/Dig_IA_Sec","Outport","","OutputWhenUnConnected","off"
"TransformerWithCTSaturation/Noise Merging Unit/Dig_IA_Sec","Outport","","OutputWhenUnconnectedValue","0"
"TransformerWithCTSaturation/Noise Merging Unit/Dig_IA_Sec","Outport","","VectorParamsAs1DForOutWhenUnconnected","on"
"TransformerWithCTSaturation/Noise Merging Unit/Dig_IB_Sec","Outport","","Port","5"
"TransformerWithCTSaturation/Noise Merging Unit/Dig_IB_Sec","Outport","","SignalObject","[]"
"TransformerWithCTSaturation/Noise Merging Unit/Dig_IB_Sec","Outport","","StorageClass","Auto"
"TransformerWithCTSaturation/Noise Merging Unit/Dig_IB_Sec","Outport","","IconDisplay","Port number"
"TransformerWithCTSaturation/Noise Merging Unit/Dig_IB_Sec","Outport","","OutputFunctionCall","off"
"TransformerWithCTSaturation/Noise Merging Unit/Dig_IB_Sec","Outport","","OutMin","[]"
"TransformerWithCTSaturation/Noise Merging Unit/Dig_IB_Sec","Outport","","OutMax","[]"
"TransformerWithCTSaturation/Noise Merging Unit/Dig_IB_Sec","Outport","","OutDataTypeStr","Inherit: auto"
"TransformerWithCTSaturation/Noise Merging Unit/Dig_IB_Sec","Outport","","LockScale","off"
"TransformerWithCTSaturation/Noise Merging Unit/Dig_IB_Sec","Outport","","BusOutputAsStruct","off"
"TransformerWithCTSaturation/Noise Merging Unit/Dig_IB_Sec","Outport","","BusVirtuality","inherit"
"TransformerWithCTSaturation/Noise Merging Unit/Dig_IB_Sec","Outport","","DataMode","inherit"
"TransformerWithCTSaturation/Noise Merging Unit/Dig_IB_Sec","Outport","","Unit","inherit"
"TransformerWithCTSaturation/Noise Merging Unit/Dig_IB_Sec","Outport","","PortDimensions","-1"
"TransformerWithCTSaturation/Noise Merging Unit/Dig_IB_Sec","Outport","","VarSizeSig","Inherit"
"TransformerWithCTSaturation/Noise Merging Unit/Dig_IB_Sec","Outport","","SampleTime","-1"
"TransformerWithCTSaturation/Noise Merging Unit/Dig_IB_Sec","Outport","","SignalType","auto"
"TransformerWithCTSaturation/Noise Merging Unit/Dig_IB_Sec","Outport","","EnsureOutportIsVirtual","off"
"TransformerWithCTSaturation/Noise Merging Unit/Dig_IB_Sec","Outport","","SourceOfInitialOutputValue","Dialog"
"TransformerWithCTSaturation/Noise Merging Unit/Dig_IB_Sec","Outport","","OutputWhenDisabled","held"
"TransformerWithCTSaturation/Noise Merging Unit/Dig_IB_Sec","Outport","","InitialOutput","[]"
"TransformerWithCTSaturation/Noise Merging Unit/Dig_IB_Sec","Outport","","MustResolveToSignalObject","off"
"TransformerWithCTSaturation/Noise Merging Unit/Dig_IB_Sec","Outport","","OutputWhenUnConnected","off"
"TransformerWithCTSaturation/Noise Merging Unit/Dig_IB_Sec","Outport","","OutputWhenUnconnectedValue","0"
"TransformerWithCTSaturation/Noise Merging Unit/Dig_IB_Sec","Outport","","VectorParamsAs1DForOutWhenUnconnected","on"
"TransformerWithCTSaturation/Noise Merging Unit/Dig_IC_Sec","Outport","","Port","6"
"TransformerWithCTSaturation/Noise Merging Unit/Dig_IC_Sec","Outport","","SignalObject","[]"
"TransformerWithCTSaturation/Noise Merging Unit/Dig_IC_Sec","Outport","","StorageClass","Auto"
"TransformerWithCTSaturation/Noise Merging Unit/Dig_IC_Sec","Outport","","IconDisplay","Port number"
"TransformerWithCTSaturation/Noise Merging Unit/Dig_IC_Sec","Outport","","OutputFunctionCall","off"
"TransformerWithCTSaturation/Noise Merging Unit/Dig_IC_Sec","Outport","","OutMin","[]"
"TransformerWithCTSaturation/Noise Merging Unit/Dig_IC_Sec","Outport","","OutMax","[]"
"TransformerWithCTSaturation/Noise Merging Unit/Dig_IC_Sec","Outport","","OutDataTypeStr","Inherit: auto"
"TransformerWithCTSaturation/Noise Merging Unit/Dig_IC_Sec","Outport","","LockScale","off"
"TransformerWithCTSaturation/Noise Merging Unit/Dig_IC_Sec","Outport","","BusOutputAsStruct","off"
"TransformerWithCTSaturation/Noise Merging Unit/Dig_IC_Sec","Outport","","BusVirtuality","inherit"
"TransformerWithCTSaturation/Noise Merging Unit/Dig_IC_Sec","Outport","","DataMode","inherit"
"TransformerWithCTSaturation/Noise Merging Unit/Dig_IC_Sec","Outport","","Unit","inherit"
"TransformerWithCTSaturation/Noise Merging Unit/Dig_IC_Sec","Outport","","PortDimensions","-1"
"TransformerWithCTSaturation/Noise Merging Unit/Dig_IC_Sec","Outport","","VarSizeSig","Inherit"
"TransformerWithCTSaturation/Noise Merging Unit/Dig_IC_Sec","Outport","","SampleTime","-1"
"TransformerWithCTSaturation/Noise Merging Unit/Dig_IC_Sec","Outport","","SignalType","auto"
"TransformerWithCTSaturation/Noise Merging Unit/Dig_IC_Sec","Outport","","EnsureOutportIsVirtual","off"
"TransformerWithCTSaturation/Noise Merging Unit/Dig_IC_Sec","Outport","","SourceOfInitialOutputValue","Dialog"
"TransformerWithCTSaturation/Noise Merging Unit/Dig_IC_Sec","Outport","","OutputWhenDisabled","held"
"TransformerWithCTSaturation/Noise Merging Unit/Dig_IC_Sec","Outport","","InitialOutput","[]"
"TransformerWithCTSaturation/Noise Merging Unit/Dig_IC_Sec","Outport","","MustResolveToSignalObject","off"
"TransformerWithCTSaturation/Noise Merging Unit/Dig_IC_Sec","Outport","","OutputWhenUnConnected","off"
"TransformerWithCTSaturation/Noise Merging Unit/Dig_IC_Sec","Outport","","OutputWhenUnconnectedValue","0"
"TransformerWithCTSaturation/Noise Merging Unit/Dig_IC_Sec","Outport","","VectorParamsAs1DForOutWhenUnconnected","on"
"TransformerWithCTSaturation/Primary Current Scope","Scope","","OpenAtSimulationStart","off"
"TransformerWithCTSaturation/Primary Current Scope","Scope","","DisplayFullPath","off"
"TransformerWithCTSaturation/Primary Current Scope","Scope","","NumInputPorts","3"
"TransformerWithCTSaturation/Primary Current Scope","Scope","","LayoutDimensionsString","[3 1]"
"TransformerWithCTSaturation/Primary Current Scope","Scope","","SampleTime","-1"
"TransformerWithCTSaturation/Primary Current Scope","Scope","","FrameBasedProcessingString","Elements as channels (sample based)"
"TransformerWithCTSaturation/Primary Current Scope","Scope","","MaximizeAxes","Off"
"TransformerWithCTSaturation/Primary Current Scope","Scope","","AxesScaling","Manual"
"TransformerWithCTSaturation/Primary Current Scope","Scope","","AxesScalingNumUpdates","10"
"TransformerWithCTSaturation/Primary Current Scope","Scope","","TimeSpan","Auto"
"TransformerWithCTSaturation/Primary Current Scope","Scope","","TimeSpanOverrunAction","Wrap"
"TransformerWithCTSaturation/Primary Current Scope","Scope","","TimeUnits","None"
"TransformerWithCTSaturation/Primary Current Scope","Scope","","TimeDisplayOffset","0"
"TransformerWithCTSaturation/Primary Current Scope","Scope","","TimeAxisLabels","Bottom displays only"
"TransformerWithCTSaturation/Primary Current Scope","Scope","","ShowTimeAxisLabel","off"
"TransformerWithCTSaturation/Primary Current Scope","Scope","","ActiveDisplayString","1"
"TransformerWithCTSaturation/Primary Current Scope","Scope","","Title","%<SignalLabel>"
"TransformerWithCTSaturation/Primary Current Scope","Scope","","ShowLegend","on"
"TransformerWithCTSaturation/Primary Current Scope","Scope","","ShowGrid","on"
"TransformerWithCTSaturation/Primary Current Scope","Scope","","PlotAsMagnitudePhase","off"
"TransformerWithCTSaturation/Primary Current Scope","Scope","","ActiveDisplayYMinimum","-4.7862"
"TransformerWithCTSaturation/Primary Current Scope","Scope","","ActiveDisplayYMaximum","4.5762"
"TransformerWithCTSaturation/Primary Current Scope","Scope","","DataLoggingLimitDataPoints","off"
"TransformerWithCTSaturation/Primary Current Scope","Scope","","DataLoggingMaxPoints","5000"
"TransformerWithCTSaturation/Primary Current Scope","Scope","","DataLoggingDecimateData","off"
"TransformerWithCTSaturation/Primary Current Scope","Scope","","DataLoggingDecimation","2"
"TransformerWithCTSaturation/Primary Current Scope","Scope","","DataLogging","off"
"TransformerWithCTSaturation/Primary Current Scope","Scope","","DataLoggingVariableName","ScopeData1"
"TransformerWithCTSaturation/Primary Current Scope","Scope","","DataLoggingSaveFormat","Dataset"
"TransformerWithCTSaturation/Primary_side","SubSystem","spsThreePhaseVIMeasurementLib/Three-Phase
V-I Measurement","VoltageMeasurement","phase-to-phase"
"TransformerWithCTSaturation/Primary_side","SubSystem","spsThreePhaseVIMeasurementLib/Three-Phase
V-I Measurement","SetLabelV","off"
"TransformerWithCTSaturation/Primary_side","SubSystem","spsThreePhaseVIMeasurementLib/Three-Phase
V-I Measurement","LabelV","Vabc"
"TransformerWithCTSaturation/Primary_side","SubSystem","spsThreePhaseVIMeasurementLib/Three-Phase
V-I Measurement","Vpu","off"
"TransformerWithCTSaturation/Primary_side","SubSystem","spsThreePhaseVIMeasurementLib/Three-Phase
V-I Measurement","VpuLL","off"
"TransformerWithCTSaturation/Primary_side","SubSystem","spsThreePhaseVIMeasurementLib/Three-Phase
V-I Measurement","CurrentMeasurement","yes"
"TransformerWithCTSaturation/Primary_side","SubSystem","spsThreePhaseVIMeasurementLib/Three-Phase
V-I Measurement","SetLabelI","off"
"TransformerWithCTSaturation/Primary_side","SubSystem","spsThreePhaseVIMeasurementLib/Three-Phase
V-I Measurement","LabelI","Iabc"
"TransformerWithCTSaturation/Primary_side","SubSystem","spsThreePhaseVIMeasurementLib/Three-Phase
V-I Measurement","Ipu","off"
"TransformerWithCTSaturation/Primary_side","SubSystem","spsThreePhaseVIMeasurementLib/Three-Phase
V-I Measurement","Pbase","100e6"
"TransformerWithCTSaturation/Primary_side","SubSystem","spsThreePhaseVIMeasurementLib/Three-Phase
V-I Measurement","Vbase","500e3"
"TransformerWithCTSaturation/Primary_side","SubSystem","spsThreePhaseVIMeasurementLib/Three-Phase
V-I Measurement","OutputType","Complex"
"TransformerWithCTSaturation/Primary_side","SubSystem","spsThreePhaseVIMeasurementLib/Three-Phase
V-I Measurement","PhasorSimulation","off"
"TransformerWithCTSaturation/Primary_side","SubSystem","spsThreePhaseVIMeasurementLib/Three-Phase
V-I Measurement","PSBequivalent","0"
"TransformerWithCTSaturation/RMS3","S-Function","dspstat3/RMS","run","off"
"TransformerWithCTSaturation/RMS3","S-Function","dspstat3/RMS","directionMode","Each column"
"TransformerWithCTSaturation/RMS3","S-Function","dspstat3/RMS","dimension","1"
"TransformerWithCTSaturation/RMS3","S-Function","dspstat3/RMS","InputProcessing","Columns as channels (frame based)"
"TransformerWithCTSaturation/RMS3","S-Function","dspstat3/RMS","reset_popup","None"
"TransformerWithCTSaturation/RMS5","S-Function","dspstat3/RMS","run","on"
"TransformerWithCTSaturation/RMS5","S-Function","dspstat3/RMS","directionMode","Each column"
"TransformerWithCTSaturation/RMS5","S-Function","dspstat3/RMS","dimension","1"
"TransformerWithCTSaturation/RMS5","S-Function","dspstat3/RMS","InputProcessing","Columns as channels (frame based)"
"TransformerWithCTSaturation/RMS5","S-Function","dspstat3/RMS","reset_popup","None"
"TransformerWithCTSaturation/RMS6","S-Function","dspstat3/RMS","run","on"
"TransformerWithCTSaturation/RMS6","S-Function","dspstat3/RMS","directionMode","Each column"
"TransformerWithCTSaturation/RMS6","S-Function","dspstat3/RMS","dimension","1"
"TransformerWithCTSaturation/RMS6","S-Function","dspstat3/RMS","InputProcessing","Columns as channels (frame based)"
"TransformerWithCTSaturation/RMS6","S-Function","dspstat3/RMS","reset_popup","None"
"TransformerWithCTSaturation/RMS7","S-Function","dspstat3/RMS","run","on"
"TransformerWithCTSaturation/RMS7","S-Function","dspstat3/RMS","directionMode","Each column"
"TransformerWithCTSaturation/RMS7","S-Function","dspstat3/RMS","dimension","1"
"TransformerWithCTSaturation/RMS7","S-Function","dspstat3/RMS","InputProcessing","Columns as channels (frame based)"
"TransformerWithCTSaturation/RMS7","S-Function","dspstat3/RMS","reset_popup","None"
"TransformerWithCTSaturation/RMS8","S-Function","dspstat3/RMS","run","on"
"TransformerWithCTSaturation/RMS8","S-Function","dspstat3/RMS","directionMode","Each column"
"TransformerWithCTSaturation/RMS8","S-Function","dspstat3/RMS","dimension","1"
"TransformerWithCTSaturation/RMS8","S-Function","dspstat3/RMS","InputProcessing","Columns as channels (frame based)"
"TransformerWithCTSaturation/RMS8","S-Function","dspstat3/RMS","reset_popup","None"
"TransformerWithCTSaturation/Scope13","Scope","","OpenAtSimulationStart","off"
"TransformerWithCTSaturation/Scope13","Scope","","DisplayFullPath","off"
"TransformerWithCTSaturation/Scope13","Scope","","NumInputPorts","3"
"TransformerWithCTSaturation/Scope13","Scope","","LayoutDimensionsString","[3 1]"
"TransformerWithCTSaturation/Scope13","Scope","","SampleTime","-1"
"TransformerWithCTSaturation/Scope13","Scope","","FrameBasedProcessingString","Elements as channels (sample based)"
"TransformerWithCTSaturation/Scope13","Scope","","MaximizeAxes","Off"
"TransformerWithCTSaturation/Scope13","Scope","","AxesScaling","Manual"
"TransformerWithCTSaturation/Scope13","Scope","","AxesScalingNumUpdates","10"
"TransformerWithCTSaturation/Scope13","Scope","","TimeSpan","Auto"
"TransformerWithCTSaturation/Scope13","Scope","","TimeSpanOverrunAction","Wrap"
"TransformerWithCTSaturation/Scope13","Scope","","TimeUnits","None"
"TransformerWithCTSaturation/Scope13","Scope","","TimeDisplayOffset","0"
"TransformerWithCTSaturation/Scope13","Scope","","TimeAxisLabels","Bottom displays only"
"TransformerWithCTSaturation/Scope13","Scope","","ShowTimeAxisLabel","off"
"TransformerWithCTSaturation/Scope13","Scope","","ActiveDisplayString","1"
"TransformerWithCTSaturation/Scope13","Scope","","Title","%<SignalLabel>"
"TransformerWithCTSaturation/Scope13","Scope","","ShowLegend","off"
"TransformerWithCTSaturation/Scope13","Scope","","ShowGrid","on"
"TransformerWithCTSaturation/Scope13","Scope","","PlotAsMagnitudePhase","off"
"TransformerWithCTSaturation/Scope13","Scope","","ActiveDisplayYMinimum","-19046.4059"
"TransformerWithCTSaturation/Scope13","Scope","","ActiveDisplayYMaximum","19046.406"
"TransformerWithCTSaturation/Scope13","Scope","","DataLoggingLimitDataPoints","on"
"TransformerWithCTSaturation/Scope13","Scope","","DataLoggingMaxPoints","5000"
"TransformerWithCTSaturation/Scope13","Scope","","DataLoggingDecimateData","on"
"TransformerWithCTSaturation/Scope13","Scope","","DataLoggingDecimation","1"
"TransformerWithCTSaturation/Scope13","Scope","","DataLogging","off"
"TransformerWithCTSaturation/Scope13","Scope","","DataLoggingVariableName","ScopeData"
"TransformerWithCTSaturation/Scope13","Scope","","DataLoggingSaveFormat","Array"
"TransformerWithCTSaturation/Scope15","Scope","","OpenAtSimulationStart","off"
"TransformerWithCTSaturation/Scope15","Scope","","DisplayFullPath","off"
"TransformerWithCTSaturation/Scope15","Scope","","NumInputPorts","3"
"TransformerWithCTSaturation/Scope15","Scope","","LayoutDimensionsString","[3 1]"
"TransformerWithCTSaturation/Scope15","Scope","","SampleTime","-1"
"TransformerWithCTSaturation/Scope15","Scope","","FrameBasedProcessingString","Elements as channels (sample based)"
"TransformerWithCTSaturation/Scope15","Scope","","MaximizeAxes","Off"
"TransformerWithCTSaturation/Scope15","Scope","","AxesScaling","Manual"
"TransformerWithCTSaturation/Scope15","Scope","","AxesScalingNumUpdates","10"
"TransformerWithCTSaturation/Scope15","Scope","","TimeSpan","Auto"
"TransformerWithCTSaturation/Scope15","Scope","","TimeSpanOverrunAction","Wrap"
"TransformerWithCTSaturation/Scope15","Scope","","TimeUnits","None"
"TransformerWithCTSaturation/Scope15","Scope","","TimeDisplayOffset","0"
"TransformerWithCTSaturation/Scope15","Scope","","TimeAxisLabels","Bottom displays only"
"TransformerWithCTSaturation/Scope15","Scope","","ShowTimeAxisLabel","off"
"TransformerWithCTSaturation/Scope15","Scope","","ActiveDisplayString","1"
"TransformerWithCTSaturation/Scope15","Scope","","Title","%<SignalLabel>"
"TransformerWithCTSaturation/Scope15","Scope","","ShowLegend","off"
"TransformerWithCTSaturation/Scope15","Scope","","ShowGrid","on"
"TransformerWithCTSaturation/Scope15","Scope","","PlotAsMagnitudePhase","off"
"TransformerWithCTSaturation/Scope15","Scope","","ActiveDisplayYMinimum","-406551.6856"
"TransformerWithCTSaturation/Scope15","Scope","","ActiveDisplayYMaximum","406551.6858"
"TransformerWithCTSaturation/Scope15","Scope","","DataLoggingLimitDataPoints","on"
"TransformerWithCTSaturation/Scope15","Scope","","DataLoggingMaxPoints","5000"
"TransformerWithCTSaturation/Scope15","Scope","","DataLoggingDecimateData","on"
"TransformerWithCTSaturation/Scope15","Scope","","DataLoggingDecimation","1"
"TransformerWithCTSaturation/Scope15","Scope","","DataLogging","off"
"TransformerWithCTSaturation/Scope15","Scope","","DataLoggingVariableName","ScopeData"
"TransformerWithCTSaturation/Scope15","Scope","","DataLoggingSaveFormat","Array"
"TransformerWithCTSaturation/Scope3","Scope","","OpenAtSimulationStart","off"
"TransformerWithCTSaturation/Scope3","Scope","","DisplayFullPath","off"
"TransformerWithCTSaturation/Scope3","Scope","","NumInputPorts","3"
"TransformerWithCTSaturation/Scope3","Scope","","LayoutDimensionsString","[3 1]"
"TransformerWithCTSaturation/Scope3","Scope","","SampleTime","-1"
"TransformerWithCTSaturation/Scope3","Scope","","FrameBasedProcessingString","Elements as channels (sample based)"
"TransformerWithCTSaturation/Scope3","Scope","","MaximizeAxes","Off"
"TransformerWithCTSaturation/Scope3","Scope","","AxesScaling","Auto"
"TransformerWithCTSaturation/Scope3","Scope","","AxesScalingNumUpdates","10"
"TransformerWithCTSaturation/Scope3","Scope","","TimeSpan","Auto"
"TransformerWithCTSaturation/Scope3","Scope","","TimeSpanOverrunAction","Wrap"
"TransformerWithCTSaturation/Scope3","Scope","","TimeUnits","None"
"TransformerWithCTSaturation/Scope3","Scope","","TimeDisplayOffset","0"
"TransformerWithCTSaturation/Scope3","Scope","","TimeAxisLabels","Bottom displays only"
"TransformerWithCTSaturation/Scope3","Scope","","ShowTimeAxisLabel","off"
"TransformerWithCTSaturation/Scope3","Scope","","ActiveDisplayString","1"
"TransformerWithCTSaturation/Scope3","Scope","","Title","%<SignalLabel>"
"TransformerWithCTSaturation/Scope3","Scope","","ShowLegend","off"
"TransformerWithCTSaturation/Scope3","Scope","","ShowGrid","on"
"TransformerWithCTSaturation/Scope3","Scope","","PlotAsMagnitudePhase","off"
"TransformerWithCTSaturation/Scope3","Scope","","ActiveDisplayYMinimum","-46.4172"
"TransformerWithCTSaturation/Scope3","Scope","","ActiveDisplayYMaximum","46.4162"
"TransformerWithCTSaturation/Scope3","Scope","","DataLoggingLimitDataPoints","on"
"TransformerWithCTSaturation/Scope3","Scope","","DataLoggingMaxPoints","5000"
"TransformerWithCTSaturation/Scope3","Scope","","DataLoggingDecimateData","on"
"TransformerWithCTSaturation/Scope3","Scope","","DataLoggingDecimation","1"
"TransformerWithCTSaturation/Scope3","Scope","","DataLogging","off"
"TransformerWithCTSaturation/Scope3","Scope","","DataLoggingVariableName","ScopeData"
"TransformerWithCTSaturation/Scope3","Scope","","DataLoggingSaveFormat","Array"
"TransformerWithCTSaturation/Scope9","Scope","","OpenAtSimulationStart","off"
"TransformerWithCTSaturation/Scope9","Scope","","DisplayFullPath","off"
"TransformerWithCTSaturation/Scope9","Scope","","NumInputPorts","3"
"TransformerWithCTSaturation/Scope9","Scope","","LayoutDimensionsString","[3 1]"
"TransformerWithCTSaturation/Scope9","Scope","","SampleTime","-1"
"TransformerWithCTSaturation/Scope9","Scope","","FrameBasedProcessingString","Elements as channels (sample based)"
"TransformerWithCTSaturation/Scope9","Scope","","MaximizeAxes","Off"
"TransformerWithCTSaturation/Scope9","Scope","","AxesScaling","Manual"
"TransformerWithCTSaturation/Scope9","Scope","","AxesScalingNumUpdates","10"
"TransformerWithCTSaturation/Scope9","Scope","","TimeSpan","Auto"
"TransformerWithCTSaturation/Scope9","Scope","","TimeSpanOverrunAction","Wrap"
"TransformerWithCTSaturation/Scope9","Scope","","TimeUnits","None"
"TransformerWithCTSaturation/Scope9","Scope","","TimeDisplayOffset","0"
"TransformerWithCTSaturation/Scope9","Scope","","TimeAxisLabels","Bottom displays only"
"TransformerWithCTSaturation/Scope9","Scope","","ShowTimeAxisLabel","off"
"TransformerWithCTSaturation/Scope9","Scope","","ActiveDisplayString","1"
"TransformerWithCTSaturation/Scope9","Scope","","Title","%<SignalLabel>"
"TransformerWithCTSaturation/Scope9","Scope","","ShowLegend","off"
"TransformerWithCTSaturation/Scope9","Scope","","ShowGrid","on"
"TransformerWithCTSaturation/Scope9","Scope","","PlotAsMagnitudePhase","off"
"TransformerWithCTSaturation/Scope9","Scope","","ActiveDisplayYMinimum","-908.0148"
"TransformerWithCTSaturation/Scope9","Scope","","ActiveDisplayYMaximum","908.0148"
"TransformerWithCTSaturation/Scope9","Scope","","DataLoggingLimitDataPoints","on"
"TransformerWithCTSaturation/Scope9","Scope","","DataLoggingMaxPoints","5000"
"TransformerWithCTSaturation/Scope9","Scope","","DataLoggingDecimateData","on"
"TransformerWithCTSaturation/Scope9","Scope","","DataLoggingDecimation","1"
"TransformerWithCTSaturation/Scope9","Scope","","DataLogging","off"
"TransformerWithCTSaturation/Scope9","Scope","","DataLoggingVariableName","ScopeData"
"TransformerWithCTSaturation/Scope9","Scope","","DataLoggingSaveFormat","Array"
"TransformerWithCTSaturation/Secondary Current Scope","Scope","","OpenAtSimulationStart","off"
"TransformerWithCTSaturation/Secondary Current Scope","Scope","","DisplayFullPath","off"
"TransformerWithCTSaturation/Secondary Current Scope","Scope","","NumInputPorts","3"
"TransformerWithCTSaturation/Secondary Current Scope","Scope","","LayoutDimensionsString","[3 1]"
"TransformerWithCTSaturation/Secondary Current Scope","Scope","","SampleTime","-1"
"TransformerWithCTSaturation/Secondary Current Scope","Scope","","FrameBasedProcessingString","Elements as channels (sample based)"
"TransformerWithCTSaturation/Secondary Current Scope","Scope","","MaximizeAxes","Off"
"TransformerWithCTSaturation/Secondary Current Scope","Scope","","AxesScaling","Manual"
"TransformerWithCTSaturation/Secondary Current Scope","Scope","","AxesScalingNumUpdates","10"
"TransformerWithCTSaturation/Secondary Current Scope","Scope","","TimeSpan","Auto"
"TransformerWithCTSaturation/Secondary Current Scope","Scope","","TimeSpanOverrunAction","Wrap"
"TransformerWithCTSaturation/Secondary Current Scope","Scope","","TimeUnits","None"
"TransformerWithCTSaturation/Secondary Current Scope","Scope","","TimeDisplayOffset","0"
"TransformerWithCTSaturation/Secondary Current Scope","Scope","","TimeAxisLabels","Bottom displays only"
"TransformerWithCTSaturation/Secondary Current Scope","Scope","","ShowTimeAxisLabel","off"
"TransformerWithCTSaturation/Secondary Current Scope","Scope","","ActiveDisplayString","1"
"TransformerWithCTSaturation/Secondary Current Scope","Scope","","Title","%<SignalLabel>"
"TransformerWithCTSaturation/Secondary Current Scope","Scope","","ShowLegend","on"
"TransformerWithCTSaturation/Secondary Current Scope","Scope","","ShowGrid","on"
"TransformerWithCTSaturation/Secondary Current Scope","Scope","","PlotAsMagnitudePhase","off"
"TransformerWithCTSaturation/Secondary Current Scope","Scope","","ActiveDisplayYMinimum","-3.7637"
"TransformerWithCTSaturation/Secondary Current Scope","Scope","","ActiveDisplayYMaximum","3.9737"
"TransformerWithCTSaturation/Secondary Current Scope","Scope","","DataLoggingLimitDataPoints","off"
"TransformerWithCTSaturation/Secondary Current Scope","Scope","","DataLoggingMaxPoints","5000"
"TransformerWithCTSaturation/Secondary Current Scope","Scope","","DataLoggingDecimateData","off"
"TransformerWithCTSaturation/Secondary Current Scope","Scope","","DataLoggingDecimation","2"
"TransformerWithCTSaturation/Secondary Current Scope","Scope","","DataLogging","off"
"TransformerWithCTSaturation/Secondary Current Scope","Scope","","DataLoggingVariableName","ScopeData2"
"TransformerWithCTSaturation/Secondary Current Scope","Scope","","DataLoggingSaveFormat","Dataset"
"TransformerWithCTSaturation/Secondary_side","SubSystem","spsThreePhaseVIMeasurementLib/Three-Phase
V-I Measurement","VoltageMeasurement","phase-to-phase"
"TransformerWithCTSaturation/Secondary_side","SubSystem","spsThreePhaseVIMeasurementLib/Three-Phase
V-I Measurement","SetLabelV","off"
"TransformerWithCTSaturation/Secondary_side","SubSystem","spsThreePhaseVIMeasurementLib/Three-Phase
V-I Measurement","LabelV","Vabc"
"TransformerWithCTSaturation/Secondary_side","SubSystem","spsThreePhaseVIMeasurementLib/Three-Phase
V-I Measurement","Vpu","off"
"TransformerWithCTSaturation/Secondary_side","SubSystem","spsThreePhaseVIMeasurementLib/Three-Phase
V-I Measurement","VpuLL","off"
"TransformerWithCTSaturation/Secondary_side","SubSystem","spsThreePhaseVIMeasurementLib/Three-Phase
V-I Measurement","CurrentMeasurement","yes"
"TransformerWithCTSaturation/Secondary_side","SubSystem","spsThreePhaseVIMeasurementLib/Three-Phase
V-I Measurement","SetLabelI","off"
"TransformerWithCTSaturation/Secondary_side","SubSystem","spsThreePhaseVIMeasurementLib/Three-Phase
V-I Measurement","LabelI","Iabc"
"TransformerWithCTSaturation/Secondary_side","SubSystem","spsThreePhaseVIMeasurementLib/Three-Phase
V-I Measurement","Ipu","off"
"TransformerWithCTSaturation/Secondary_side","SubSystem","spsThreePhaseVIMeasurementLib/Three-Phase
V-I Measurement","Pbase","100e6"
"TransformerWithCTSaturation/Secondary_side","SubSystem","spsThreePhaseVIMeasurementLib/Three-Phase
V-I Measurement","Vbase","500e3"
"TransformerWithCTSaturation/Secondary_side","SubSystem","spsThreePhaseVIMeasurementLib/Three-Phase
V-I Measurement","OutputType","Complex"
"TransformerWithCTSaturation/Secondary_side","SubSystem","spsThreePhaseVIMeasurementLib/Three-Phase
V-I Measurement","PhasorSimulation","off"
"TransformerWithCTSaturation/Secondary_side","SubSystem","spsThreePhaseVIMeasurementLib/Three-Phase
V-I Measurement","PSBequivalent","0"
"TransformerWithCTSaturation/Series RLC Branch","PMComponent","spsSeriesRLCBranchLib/Series RLC Branch","BranchType","R"
"TransformerWithCTSaturation/Series RLC Branch","PMComponent","spsSeriesRLCBranchLib/Series RLC Branch","Resistance","0.5"
"TransformerWithCTSaturation/Series RLC Branch","PMComponent","spsSeriesRLCBranchLib/Series RLC Branch","Inductance","1e-3"
"TransformerWithCTSaturation/Series RLC Branch","PMComponent","spsSeriesRLCBranchLib/Series RLC Branch","SetiL0","off"
"TransformerWithCTSaturation/Series RLC Branch","PMComponent","spsSeriesRLCBranchLib/Series RLC Branch","InitialCurrent","0"
"TransformerWithCTSaturation/Series RLC Branch","PMComponent","spsSeriesRLCBranchLib/Series RLC Branch","Capacitance","1e-6"
"TransformerWithCTSaturation/Series RLC Branch","PMComponent","spsSeriesRLCBranchLib/Series RLC Branch","Setx0","off"
"TransformerWithCTSaturation/Series RLC Branch","PMComponent","spsSeriesRLCBranchLib/Series RLC Branch","InitialVoltage","0"
"TransformerWithCTSaturation/Series RLC Branch","PMComponent","spsSeriesRLCBranchLib/Series RLC Branch","Measurements","None"
"TransformerWithCTSaturation/Series RLC Branch1","PMComponent","spsSeriesRLCBranchLib/Series RLC Branch","BranchType","R"
"TransformerWithCTSaturation/Series RLC Branch1","PMComponent","spsSeriesRLCBranchLib/Series RLC Branch","Resistance","0.5"
"TransformerWithCTSaturation/Series RLC Branch1","PMComponent","spsSeriesRLCBranchLib/Series RLC Branch","Inductance","1e-3"
"TransformerWithCTSaturation/Series RLC Branch1","PMComponent","spsSeriesRLCBranchLib/Series RLC Branch","SetiL0","off"
"TransformerWithCTSaturation/Series RLC Branch1","PMComponent","spsSeriesRLCBranchLib/Series RLC Branch","InitialCurrent","0"
"TransformerWithCTSaturation/Series RLC Branch1","PMComponent","spsSeriesRLCBranchLib/Series RLC Branch","Capacitance","1e-6"
"TransformerWithCTSaturation/Series RLC Branch1","PMComponent","spsSeriesRLCBranchLib/Series RLC Branch","Setx0","off"
"TransformerWithCTSaturation/Series RLC Branch1","PMComponent","spsSeriesRLCBranchLib/Series RLC Branch","InitialVoltage","0"
"TransformerWithCTSaturation/Series RLC Branch1","PMComponent","spsSeriesRLCBranchLib/Series RLC Branch","Measurements","None"
"TransformerWithCTSaturation/Series RLC Branch10","PMComponent","spsSeriesRLCBranchLib/Series RLC Branch","BranchType","R"
"TransformerWithCTSaturation/Series RLC Branch10","PMComponent","spsSeriesRLCBranchLib/Series RLC Branch","Resistance","0.5"
"TransformerWithCTSaturation/Series RLC Branch10","PMComponent","spsSeriesRLCBranchLib/Series RLC Branch","Inductance","1e-3"
"TransformerWithCTSaturation/Series RLC Branch10","PMComponent","spsSeriesRLCBranchLib/Series RLC Branch","SetiL0","off"
"TransformerWithCTSaturation/Series RLC Branch10","PMComponent","spsSeriesRLCBranchLib/Series RLC Branch","InitialCurrent","0"
"TransformerWithCTSaturation/Series RLC Branch10","PMComponent","spsSeriesRLCBranchLib/Series RLC Branch","Capacitance","1e-6"
"TransformerWithCTSaturation/Series RLC Branch10","PMComponent","spsSeriesRLCBranchLib/Series RLC Branch","Setx0","off"
"TransformerWithCTSaturation/Series RLC Branch10","PMComponent","spsSeriesRLCBranchLib/Series RLC Branch","InitialVoltage","0"
"TransformerWithCTSaturation/Series RLC Branch10","PMComponent","spsSeriesRLCBranchLib/Series RLC Branch","Measurements","None"
"TransformerWithCTSaturation/Series RLC Branch11","PMComponent","spsSeriesRLCBranchLib/Series RLC Branch","BranchType","R"
"TransformerWithCTSaturation/Series RLC Branch11","PMComponent","spsSeriesRLCBranchLib/Series RLC Branch","Resistance","0.5"
"TransformerWithCTSaturation/Series RLC Branch11","PMComponent","spsSeriesRLCBranchLib/Series RLC Branch","Inductance","1e-3"
"TransformerWithCTSaturation/Series RLC Branch11","PMComponent","spsSeriesRLCBranchLib/Series RLC Branch","SetiL0","off"
"TransformerWithCTSaturation/Series RLC Branch11","PMComponent","spsSeriesRLCBranchLib/Series RLC Branch","InitialCurrent","0"
"TransformerWithCTSaturation/Series RLC Branch11","PMComponent","spsSeriesRLCBranchLib/Series RLC Branch","Capacitance","1e-6"
"TransformerWithCTSaturation/Series RLC Branch11","PMComponent","spsSeriesRLCBranchLib/Series RLC Branch","Setx0","off"
"TransformerWithCTSaturation/Series RLC Branch11","PMComponent","spsSeriesRLCBranchLib/Series RLC Branch","InitialVoltage","0"
"TransformerWithCTSaturation/Series RLC Branch11","PMComponent","spsSeriesRLCBranchLib/Series RLC Branch","Measurements","None"
"TransformerWithCTSaturation/Series RLC Branch12","PMComponent","spsSeriesRLCBranchLib/Series RLC Branch","BranchType","C"
"TransformerWithCTSaturation/Series RLC Branch12","PMComponent","spsSeriesRLCBranchLib/Series RLC Branch","Resistance","0.5"
"TransformerWithCTSaturation/Series RLC Branch12","PMComponent","spsSeriesRLCBranchLib/Series RLC Branch","Inductance","1e-3"
"TransformerWithCTSaturation/Series RLC Branch12","PMComponent","spsSeriesRLCBranchLib/Series RLC Branch","SetiL0","off"
"TransformerWithCTSaturation/Series RLC Branch12","PMComponent","spsSeriesRLCBranchLib/Series RLC Branch","InitialCurrent","0"
"TransformerWithCTSaturation/Series RLC Branch12","PMComponent","spsSeriesRLCBranchLib/Series RLC Branch","Capacitance","1e-9"
"TransformerWithCTSaturation/Series RLC Branch12","PMComponent","spsSeriesRLCBranchLib/Series RLC Branch","Setx0","off"
"TransformerWithCTSaturation/Series RLC Branch12","PMComponent","spsSeriesRLCBranchLib/Series RLC Branch","InitialVoltage","0"
"TransformerWithCTSaturation/Series RLC Branch12","PMComponent","spsSeriesRLCBranchLib/Series RLC Branch","Measurements","None"
"TransformerWithCTSaturation/Series RLC Branch13","PMComponent","spsSeriesRLCBranchLib/Series RLC Branch","BranchType","C"
"TransformerWithCTSaturation/Series RLC Branch13","PMComponent","spsSeriesRLCBranchLib/Series RLC Branch","Resistance","0.5"
"TransformerWithCTSaturation/Series RLC Branch13","PMComponent","spsSeriesRLCBranchLib/Series RLC Branch","Inductance","1e-3"
"TransformerWithCTSaturation/Series RLC Branch13","PMComponent","spsSeriesRLCBranchLib/Series RLC Branch","SetiL0","off"
"TransformerWithCTSaturation/Series RLC Branch13","PMComponent","spsSeriesRLCBranchLib/Series RLC Branch","InitialCurrent","0"
"TransformerWithCTSaturation/Series RLC Branch13","PMComponent","spsSeriesRLCBranchLib/Series RLC Branch","Capacitance","1e-9"
"TransformerWithCTSaturation/Series RLC Branch13","PMComponent","spsSeriesRLCBranchLib/Series RLC Branch","Setx0","off"
"TransformerWithCTSaturation/Series RLC Branch13","PMComponent","spsSeriesRLCBranchLib/Series RLC Branch","InitialVoltage","0"
"TransformerWithCTSaturation/Series RLC Branch13","PMComponent","spsSeriesRLCBranchLib/Series RLC Branch","Measurements","None"
"TransformerWithCTSaturation/Series RLC Branch14","PMComponent","spsSeriesRLCBranchLib/Series RLC Branch","BranchType","C"
"TransformerWithCTSaturation/Series RLC Branch14","PMComponent","spsSeriesRLCBranchLib/Series RLC Branch","Resistance","0.5"
"TransformerWithCTSaturation/Series RLC Branch14","PMComponent","spsSeriesRLCBranchLib/Series RLC Branch","Inductance","1e-3"
"TransformerWithCTSaturation/Series RLC Branch14","PMComponent","spsSeriesRLCBranchLib/Series RLC Branch","SetiL0","off"
"TransformerWithCTSaturation/Series RLC Branch14","PMComponent","spsSeriesRLCBranchLib/Series RLC Branch","InitialCurrent","0"
"TransformerWithCTSaturation/Series RLC Branch14","PMComponent","spsSeriesRLCBranchLib/Series RLC Branch","Capacitance","1e-9"
"TransformerWithCTSaturation/Series RLC Branch14","PMComponent","spsSeriesRLCBranchLib/Series RLC Branch","Setx0","off"
"TransformerWithCTSaturation/Series RLC Branch14","PMComponent","spsSeriesRLCBranchLib/Series RLC Branch","InitialVoltage","0"
"TransformerWithCTSaturation/Series RLC Branch14","PMComponent","spsSeriesRLCBranchLib/Series RLC Branch","Measurements","None"
"TransformerWithCTSaturation/Series RLC Branch15","PMComponent","spsSeriesRLCBranchLib/Series RLC Branch","BranchType","C"
"TransformerWithCTSaturation/Series RLC Branch15","PMComponent","spsSeriesRLCBranchLib/Series RLC Branch","Resistance","0.5"
"TransformerWithCTSaturation/Series RLC Branch15","PMComponent","spsSeriesRLCBranchLib/Series RLC Branch","Inductance","1e-3"
"TransformerWithCTSaturation/Series RLC Branch15","PMComponent","spsSeriesRLCBranchLib/Series RLC Branch","SetiL0","off"
"TransformerWithCTSaturation/Series RLC Branch15","PMComponent","spsSeriesRLCBranchLib/Series RLC Branch","InitialCurrent","0"
"TransformerWithCTSaturation/Series RLC Branch15","PMComponent","spsSeriesRLCBranchLib/Series RLC Branch","Capacitance","1e-9"
"TransformerWithCTSaturation/Series RLC Branch15","PMComponent","spsSeriesRLCBranchLib/Series RLC Branch","Setx0","off"
"TransformerWithCTSaturation/Series RLC Branch15","PMComponent","spsSeriesRLCBranchLib/Series RLC Branch","InitialVoltage","0"
"TransformerWithCTSaturation/Series RLC Branch15","PMComponent","spsSeriesRLCBranchLib/Series RLC Branch","Measurements","None"
"TransformerWithCTSaturation/Series RLC Branch16","PMComponent","spsSeriesRLCBranchLib/Series RLC Branch","BranchType","C"
"TransformerWithCTSaturation/Series RLC Branch16","PMComponent","spsSeriesRLCBranchLib/Series RLC Branch","Resistance","0.5"
"TransformerWithCTSaturation/Series RLC Branch16","PMComponent","spsSeriesRLCBranchLib/Series RLC Branch","Inductance","1e-3"
"TransformerWithCTSaturation/Series RLC Branch16","PMComponent","spsSeriesRLCBranchLib/Series RLC Branch","SetiL0","off"
"TransformerWithCTSaturation/Series RLC Branch16","PMComponent","spsSeriesRLCBranchLib/Series RLC Branch","InitialCurrent","0"
"TransformerWithCTSaturation/Series RLC Branch16","PMComponent","spsSeriesRLCBranchLib/Series RLC Branch","Capacitance","1e-9"
"TransformerWithCTSaturation/Series RLC Branch16","PMComponent","spsSeriesRLCBranchLib/Series RLC Branch","Setx0","off"
"TransformerWithCTSaturation/Series RLC Branch16","PMComponent","spsSeriesRLCBranchLib/Series RLC Branch","InitialVoltage","0"
"TransformerWithCTSaturation/Series RLC Branch16","PMComponent","spsSeriesRLCBranchLib/Series RLC Branch","Measurements","None"
"TransformerWithCTSaturation/Series RLC Branch17","PMComponent","spsSeriesRLCBranchLib/Series RLC Branch","BranchType","C"
"TransformerWithCTSaturation/Series RLC Branch17","PMComponent","spsSeriesRLCBranchLib/Series RLC Branch","Resistance","0.5"
"TransformerWithCTSaturation/Series RLC Branch17","PMComponent","spsSeriesRLCBranchLib/Series RLC Branch","Inductance","1e-3"
"TransformerWithCTSaturation/Series RLC Branch17","PMComponent","spsSeriesRLCBranchLib/Series RLC Branch","SetiL0","off"
"TransformerWithCTSaturation/Series RLC Branch17","PMComponent","spsSeriesRLCBranchLib/Series RLC Branch","InitialCurrent","0"
"TransformerWithCTSaturation/Series RLC Branch17","PMComponent","spsSeriesRLCBranchLib/Series RLC Branch","Capacitance","1e-9"
"TransformerWithCTSaturation/Series RLC Branch17","PMComponent","spsSeriesRLCBranchLib/Series RLC Branch","Setx0","off"
"TransformerWithCTSaturation/Series RLC Branch17","PMComponent","spsSeriesRLCBranchLib/Series RLC Branch","InitialVoltage","0"
"TransformerWithCTSaturation/Series RLC Branch17","PMComponent","spsSeriesRLCBranchLib/Series RLC Branch","Measurements","None"
"TransformerWithCTSaturation/Series RLC Branch2","PMComponent","spsSeriesRLCBranchLib/Series RLC Branch","BranchType","R"
"TransformerWithCTSaturation/Series RLC Branch2","PMComponent","spsSeriesRLCBranchLib/Series RLC Branch","Resistance","0.5"
"TransformerWithCTSaturation/Series RLC Branch2","PMComponent","spsSeriesRLCBranchLib/Series RLC Branch","Inductance","1e-3"
"TransformerWithCTSaturation/Series RLC Branch2","PMComponent","spsSeriesRLCBranchLib/Series RLC Branch","SetiL0","off"
"TransformerWithCTSaturation/Series RLC Branch2","PMComponent","spsSeriesRLCBranchLib/Series RLC Branch","InitialCurrent","0"
"TransformerWithCTSaturation/Series RLC Branch2","PMComponent","spsSeriesRLCBranchLib/Series RLC Branch","Capacitance","1e-6"
"TransformerWithCTSaturation/Series RLC Branch2","PMComponent","spsSeriesRLCBranchLib/Series RLC Branch","Setx0","off"
"TransformerWithCTSaturation/Series RLC Branch2","PMComponent","spsSeriesRLCBranchLib/Series RLC Branch","InitialVoltage","0"
"TransformerWithCTSaturation/Series RLC Branch2","PMComponent","spsSeriesRLCBranchLib/Series RLC Branch","Measurements","None"
"TransformerWithCTSaturation/Series RLC Branch3","PMComponent","spsSeriesRLCBranchLib/Series RLC Branch","BranchType","R"
"TransformerWithCTSaturation/Series RLC Branch3","PMComponent","spsSeriesRLCBranchLib/Series RLC Branch","Resistance","0.5"
"TransformerWithCTSaturation/Series RLC Branch3","PMComponent","spsSeriesRLCBranchLib/Series RLC Branch","Inductance","1e-3"
"TransformerWithCTSaturation/Series RLC Branch3","PMComponent","spsSeriesRLCBranchLib/Series RLC Branch","SetiL0","off"
"TransformerWithCTSaturation/Series RLC Branch3","PMComponent","spsSeriesRLCBranchLib/Series RLC Branch","InitialCurrent","0"
"TransformerWithCTSaturation/Series RLC Branch3","PMComponent","spsSeriesRLCBranchLib/Series RLC Branch","Capacitance","1e-6"
"TransformerWithCTSaturation/Series RLC Branch3","PMComponent","spsSeriesRLCBranchLib/Series RLC Branch","Setx0","off"
"TransformerWithCTSaturation/Series RLC Branch3","PMComponent","spsSeriesRLCBranchLib/Series RLC Branch","InitialVoltage","0"
"TransformerWithCTSaturation/Series RLC Branch3","PMComponent","spsSeriesRLCBranchLib/Series RLC Branch","Measurements","None"
"TransformerWithCTSaturation/Series RLC Branch4","PMComponent","spsSeriesRLCBranchLib/Series RLC Branch","BranchType","R"
"TransformerWithCTSaturation/Series RLC Branch4","PMComponent","spsSeriesRLCBranchLib/Series RLC Branch","Resistance","0.5"
"TransformerWithCTSaturation/Series RLC Branch4","PMComponent","spsSeriesRLCBranchLib/Series RLC Branch","Inductance","1e-3"
"TransformerWithCTSaturation/Series RLC Branch4","PMComponent","spsSeriesRLCBranchLib/Series RLC Branch","SetiL0","off"
"TransformerWithCTSaturation/Series RLC Branch4","PMComponent","spsSeriesRLCBranchLib/Series RLC Branch","InitialCurrent","0"
"TransformerWithCTSaturation/Series RLC Branch4","PMComponent","spsSeriesRLCBranchLib/Series RLC Branch","Capacitance","1e-6"
"TransformerWithCTSaturation/Series RLC Branch4","PMComponent","spsSeriesRLCBranchLib/Series RLC Branch","Setx0","off"
"TransformerWithCTSaturation/Series RLC Branch4","PMComponent","spsSeriesRLCBranchLib/Series RLC Branch","InitialVoltage","0"
"TransformerWithCTSaturation/Series RLC Branch4","PMComponent","spsSeriesRLCBranchLib/Series RLC Branch","Measurements","None"
"TransformerWithCTSaturation/Series RLC Branch5","PMComponent","spsSeriesRLCBranchLib/Series RLC Branch","BranchType","R"
"TransformerWithCTSaturation/Series RLC Branch5","PMComponent","spsSeriesRLCBranchLib/Series RLC Branch","Resistance","0.5"
"TransformerWithCTSaturation/Series RLC Branch5","PMComponent","spsSeriesRLCBranchLib/Series RLC Branch","Inductance","1e-3"
"TransformerWithCTSaturation/Series RLC Branch5","PMComponent","spsSeriesRLCBranchLib/Series RLC Branch","SetiL0","off"
"TransformerWithCTSaturation/Series RLC Branch5","PMComponent","spsSeriesRLCBranchLib/Series RLC Branch","InitialCurrent","0"
"TransformerWithCTSaturation/Series RLC Branch5","PMComponent","spsSeriesRLCBranchLib/Series RLC Branch","Capacitance","1e-6"
"TransformerWithCTSaturation/Series RLC Branch5","PMComponent","spsSeriesRLCBranchLib/Series RLC Branch","Setx0","off"
"TransformerWithCTSaturation/Series RLC Branch5","PMComponent","spsSeriesRLCBranchLib/Series RLC Branch","InitialVoltage","0"
"TransformerWithCTSaturation/Series RLC Branch5","PMComponent","spsSeriesRLCBranchLib/Series RLC Branch","Measurements","None"
"TransformerWithCTSaturation/Series RLC Branch6","PMComponent","spsSeriesRLCBranchLib/Series RLC Branch","BranchType","R"
"TransformerWithCTSaturation/Series RLC Branch6","PMComponent","spsSeriesRLCBranchLib/Series RLC Branch","Resistance","0.5"
"TransformerWithCTSaturation/Series RLC Branch6","PMComponent","spsSeriesRLCBranchLib/Series RLC Branch","Inductance","1e-3"
"TransformerWithCTSaturation/Series RLC Branch6","PMComponent","spsSeriesRLCBranchLib/Series RLC Branch","SetiL0","off"
"TransformerWithCTSaturation/Series RLC Branch6","PMComponent","spsSeriesRLCBranchLib/Series RLC Branch","InitialCurrent","0"
"TransformerWithCTSaturation/Series RLC Branch6","PMComponent","spsSeriesRLCBranchLib/Series RLC Branch","Capacitance","1e-6"
"TransformerWithCTSaturation/Series RLC Branch6","PMComponent","spsSeriesRLCBranchLib/Series RLC Branch","Setx0","off"
"TransformerWithCTSaturation/Series RLC Branch6","PMComponent","spsSeriesRLCBranchLib/Series RLC Branch","InitialVoltage","0"
"TransformerWithCTSaturation/Series RLC Branch6","PMComponent","spsSeriesRLCBranchLib/Series RLC Branch","Measurements","None"
"TransformerWithCTSaturation/Series RLC Branch7","PMComponent","spsSeriesRLCBranchLib/Series RLC Branch","BranchType","R"
"TransformerWithCTSaturation/Series RLC Branch7","PMComponent","spsSeriesRLCBranchLib/Series RLC Branch","Resistance","0.5"
"TransformerWithCTSaturation/Series RLC Branch7","PMComponent","spsSeriesRLCBranchLib/Series RLC Branch","Inductance","1e-3"
"TransformerWithCTSaturation/Series RLC Branch7","PMComponent","spsSeriesRLCBranchLib/Series RLC Branch","SetiL0","off"
"TransformerWithCTSaturation/Series RLC Branch7","PMComponent","spsSeriesRLCBranchLib/Series RLC Branch","InitialCurrent","0"
"TransformerWithCTSaturation/Series RLC Branch7","PMComponent","spsSeriesRLCBranchLib/Series RLC Branch","Capacitance","1e-6"
"TransformerWithCTSaturation/Series RLC Branch7","PMComponent","spsSeriesRLCBranchLib/Series RLC Branch","Setx0","off"
"TransformerWithCTSaturation/Series RLC Branch7","PMComponent","spsSeriesRLCBranchLib/Series RLC Branch","InitialVoltage","0"
"TransformerWithCTSaturation/Series RLC Branch7","PMComponent","spsSeriesRLCBranchLib/Series RLC Branch","Measurements","None"
"TransformerWithCTSaturation/Series RLC Branch8","PMComponent","spsSeriesRLCBranchLib/Series RLC Branch","BranchType","R"
"TransformerWithCTSaturation/Series RLC Branch8","PMComponent","spsSeriesRLCBranchLib/Series RLC Branch","Resistance","0.5"
"TransformerWithCTSaturation/Series RLC Branch8","PMComponent","spsSeriesRLCBranchLib/Series RLC Branch","Inductance","1e-3"
"TransformerWithCTSaturation/Series RLC Branch8","PMComponent","spsSeriesRLCBranchLib/Series RLC Branch","SetiL0","off"
"TransformerWithCTSaturation/Series RLC Branch8","PMComponent","spsSeriesRLCBranchLib/Series RLC Branch","InitialCurrent","0"
"TransformerWithCTSaturation/Series RLC Branch8","PMComponent","spsSeriesRLCBranchLib/Series RLC Branch","Capacitance","1e-6"
"TransformerWithCTSaturation/Series RLC Branch8","PMComponent","spsSeriesRLCBranchLib/Series RLC Branch","Setx0","off"
"TransformerWithCTSaturation/Series RLC Branch8","PMComponent","spsSeriesRLCBranchLib/Series RLC Branch","InitialVoltage","0"
"TransformerWithCTSaturation/Series RLC Branch8","PMComponent","spsSeriesRLCBranchLib/Series RLC Branch","Measurements","None"
"TransformerWithCTSaturation/Series RLC Branch9","PMComponent","spsSeriesRLCBranchLib/Series RLC Branch","BranchType","R"
"TransformerWithCTSaturation/Series RLC Branch9","PMComponent","spsSeriesRLCBranchLib/Series RLC Branch","Resistance","0.5"
"TransformerWithCTSaturation/Series RLC Branch9","PMComponent","spsSeriesRLCBranchLib/Series RLC Branch","Inductance","1e-3"
"TransformerWithCTSaturation/Series RLC Branch9","PMComponent","spsSeriesRLCBranchLib/Series RLC Branch","SetiL0","off"
"TransformerWithCTSaturation/Series RLC Branch9","PMComponent","spsSeriesRLCBranchLib/Series RLC Branch","InitialCurrent","0"
"TransformerWithCTSaturation/Series RLC Branch9","PMComponent","spsSeriesRLCBranchLib/Series RLC Branch","Capacitance","1e-6"
"TransformerWithCTSaturation/Series RLC Branch9","PMComponent","spsSeriesRLCBranchLib/Series RLC Branch","Setx0","off"
"TransformerWithCTSaturation/Series RLC Branch9","PMComponent","spsSeriesRLCBranchLib/Series RLC Branch","InitialVoltage","0"
"TransformerWithCTSaturation/Series RLC Branch9","PMComponent","spsSeriesRLCBranchLib/Series RLC Branch","Measurements","None"
"TransformerWithCTSaturation/Step3","Step","","Time","0.05"
"TransformerWithCTSaturation/Step3","Step","","Before","0"
"TransformerWithCTSaturation/Step3","Step","","After","1"
"TransformerWithCTSaturation/Step3","Step","","OutDataTypeStr","double"
"TransformerWithCTSaturation/Step3","Step","","SampleTime","0"
"TransformerWithCTSaturation/Step3","Step","","VectorParams1D","on"
"TransformerWithCTSaturation/Step3","Step","","ZeroCross","on"
"TransformerWithCTSaturation/Step4","Step","","Time","10"
"TransformerWithCTSaturation/Step4","Step","","Before","0"
"TransformerWithCTSaturation/Step4","Step","","After","1"
"TransformerWithCTSaturation/Step4","Step","","OutDataTypeStr","double"
"TransformerWithCTSaturation/Step4","Step","","SampleTime","0"
"TransformerWithCTSaturation/Step4","Step","","VectorParams1D","on"
"TransformerWithCTSaturation/Step4","Step","","ZeroCross","on"
"TransformerWithCTSaturation/Step_Evolve2","Step","","Time","0.05"
"TransformerWithCTSaturation/Step_Evolve2","Step","","Before","0"
"TransformerWithCTSaturation/Step_Evolve2","Step","","After","1"
"TransformerWithCTSaturation/Step_Evolve2","Step","","OutDataTypeStr","double"
"TransformerWithCTSaturation/Step_Evolve2","Step","","SampleTime","0"
"TransformerWithCTSaturation/Step_Evolve2","Step","","VectorParams1D","on"
"TransformerWithCTSaturation/Step_Evolve2","Step","","ZeroCross","on"
"TransformerWithCTSaturation/Step_Evolve3","Step","","Time","0.05"
"TransformerWithCTSaturation/Step_Evolve3","Step","","Before","0"
"TransformerWithCTSaturation/Step_Evolve3","Step","","After","1"
"TransformerWithCTSaturation/Step_Evolve3","Step","","OutDataTypeStr","double"
"TransformerWithCTSaturation/Step_Evolve3","Step","","SampleTime","0"
"TransformerWithCTSaturation/Step_Evolve3","Step","","VectorParams1D","on"
"TransformerWithCTSaturation/Step_Evolve3","Step","","ZeroCross","on"
"TransformerWithCTSaturation/Step_down_Transformer","SubSystem","spsThreePhaseTransformerTwoWindingsLib/Three-Phase
Transformer
(Two Windings)","Winding1Connection","Y"
"TransformerWithCTSaturation/Step_down_Transformer","SubSystem","spsThreePhaseTransformerTwoWindingsLib/Three-Phase
Transformer
(Two Windings)","Winding2Connection","Delta (D1)"
"TransformerWithCTSaturation/Step_down_Transformer","SubSystem","spsThreePhaseTransformerTwoWindingsLib/Three-Phase
Transformer
(Two Windings)","CoreType","Three single-phase transformers"
"TransformerWithCTSaturation/Step_down_Transformer","SubSystem","spsThreePhaseTransformerTwoWindingsLib/Three-Phase
Transformer
(Two Windings)","SetSaturation","on"
"TransformerWithCTSaturation/Step_down_Transformer","SubSystem","spsThreePhaseTransformerTwoWindingsLib/Three-Phase
Transformer
(Two Windings)","Hysteresis","off"
"TransformerWithCTSaturation/Step_down_Transformer","SubSystem","spsThreePhaseTransformerTwoWindingsLib/Three-Phase
Transformer
(Two Windings)","DataFile","'hysteresis'"
"TransformerWithCTSaturation/Step_down_Transformer","SubSystem","spsThreePhaseTransformerTwoWindingsLib/Three-Phase
Transformer
(Two Windings)","SetInitialFlux","off"
"TransformerWithCTSaturation/Step_down_Transformer","SubSystem","spsThreePhaseTransformerTwoWindingsLib/Three-Phase
Transformer
(Two Windings)","Measurements","Winding voltages"
"TransformerWithCTSaturation/Step_down_Transformer","SubSystem","spsThreePhaseTransformerTwoWindingsLib/Three-Phase
Transformer
(Two Windings)","UNITS","pu"
"TransformerWithCTSaturation/Step_down_Transformer","SubSystem","spsThreePhaseTransformerTwoWindingsLib/Three-Phase
Transformer
(Two Windings)","NominalPower","[ 300e6 50 ]"
"TransformerWithCTSaturation/Step_down_Transformer","SubSystem","spsThreePhaseTransformerTwoWindingsLib/Three-Phase
Transformer
(Two Windings)","Winding1","[ 230e3 0.0025  0.01 ]"
"TransformerWithCTSaturation/Step_down_Transformer","SubSystem","spsThreePhaseTransformerTwoWindingsLib/Three-Phase
Transformer
(Two Windings)","Winding2","[ 11e3 0.0025 0.01]"
"TransformerWithCTSaturation/Step_down_Transformer","SubSystem","spsThreePhaseTransformerTwoWindingsLib/Three-Phase
Transformer
(Two Windings)","Rm","500"
"TransformerWithCTSaturation/Step_down_Transformer","SubSystem","spsThreePhaseTransformerTwoWindingsLib/Three-Phase
Transformer
(Two Windings)","Lm","inf"
"TransformerWithCTSaturation/Step_down_Transformer","SubSystem","spsThreePhaseTransformerTwoWindingsLib/Three-Phase
Transformer
(Two Windings)","L0","0.5"
"TransformerWithCTSaturation/Step_down_Transformer","SubSystem","spsThreePhaseTransformerTwoWindingsLib/Three-Phase
Transformer
(Two Windings)","Saturation","[0 0 ; 0.005 1.2 ; 5.0 1.8]"
"TransformerWithCTSaturation/Step_down_Transformer","SubSystem","spsThreePhaseTransformerTwoWindingsLib/Three-Phase
Transformer
(Two Windings)","InitialFluxes","[-0.999842552609464 0.500274559411087 0.499567993198381]"
"TransformerWithCTSaturation/Step_down_Transformer","SubSystem","spsThreePhaseTransformerTwoWindingsLib/Three-Phase
Transformer
(Two Windings)","BreakLoop","off"
"TransformerWithCTSaturation/Step_down_Transformer","SubSystem","spsThreePhaseTransformerTwoWindingsLib/Three-Phase
Transformer
(Two Windings)","DiscreteSolver","Trapezoidal iterative"
"TransformerWithCTSaturation/Step_down_Transformer","SubSystem","spsThreePhaseTransformerTwoWindingsLib/Three-Phase
Transformer
(Two Windings)","DataType","off"
"TransformerWithCTSaturation/Step_down_Transformer","SubSystem","spsThreePhaseTransformerTwoWindingsLib/Three-Phase
Transformer
(Two Windings)","TransfoNumber","1"
"TransformerWithCTSaturation/Three-Phase
Series RLC Branch ","PMComponent","spsThreePhaseSeriesRLCBranchLib/Three-Phase
Series RLC Branch","BranchType","RLC"
"TransformerWithCTSaturation/Three-Phase
Series RLC Branch ","PMComponent","spsThreePhaseSeriesRLCBranchLib/Three-Phase
Series RLC Branch","Resistance","0.1"
"TransformerWithCTSaturation/Three-Phase
Series RLC Branch ","PMComponent","spsThreePhaseSeriesRLCBranchLib/Three-Phase
Series RLC Branch","Inductance","1e-3"
"TransformerWithCTSaturation/Three-Phase
Series RLC Branch ","PMComponent","spsThreePhaseSeriesRLCBranchLib/Three-Phase
Series RLC Branch","Capacitance","inf"
"TransformerWithCTSaturation/Three-Phase
Series RLC Branch ","PMComponent","spsThreePhaseSeriesRLCBranchLib/Three-Phase
Series RLC Branch","Measurements","None"
"TransformerWithCTSaturation/Three-Phase
Series RLC Load ","PMComponent","spsThreePhaseSeriesRLCLoadLib/Three-Phase
Series RLC Load","Configuration","Y (grounded)"
"TransformerWithCTSaturation/Three-Phase
Series RLC Load ","PMComponent","spsThreePhaseSeriesRLCLoadLib/Three-Phase
Series RLC Load","NominalVoltage","11e3"
"TransformerWithCTSaturation/Three-Phase
Series RLC Load ","PMComponent","spsThreePhaseSeriesRLCLoadLib/Three-Phase
Series RLC Load","Vabc","[1e3 1e3 1e3]"
"TransformerWithCTSaturation/Three-Phase
Series RLC Load ","PMComponent","spsThreePhaseSeriesRLCLoadLib/Three-Phase
Series RLC Load","Vabcp","[1e3 1e3 1e3]"
"TransformerWithCTSaturation/Three-Phase
Series RLC Load ","PMComponent","spsThreePhaseSeriesRLCLoadLib/Three-Phase
Series RLC Load","NominalFrequency","50"
"TransformerWithCTSaturation/Three-Phase
Series RLC Load ","PMComponent","spsThreePhaseSeriesRLCLoadLib/Three-Phase
Series RLC Load","UnbalancedPower","off"
"TransformerWithCTSaturation/Three-Phase
Series RLC Load ","PMComponent","spsThreePhaseSeriesRLCLoadLib/Three-Phase
Series RLC Load","ActivePower","10e6"
"TransformerWithCTSaturation/Three-Phase
Series RLC Load ","PMComponent","spsThreePhaseSeriesRLCLoadLib/Three-Phase
Series RLC Load","InductivePower","100"
"TransformerWithCTSaturation/Three-Phase
Series RLC Load ","PMComponent","spsThreePhaseSeriesRLCLoadLib/Three-Phase
Series RLC Load","CapacitivePower","0"
"TransformerWithCTSaturation/Three-Phase
Series RLC Load ","PMComponent","spsThreePhaseSeriesRLCLoadLib/Three-Phase
Series RLC Load","Pabc","[10e3 9e3 11e3]"
"TransformerWithCTSaturation/Three-Phase
Series RLC Load ","PMComponent","spsThreePhaseSeriesRLCLoadLib/Three-Phase
Series RLC Load","QLabc","[100 90 110]"
"TransformerWithCTSaturation/Three-Phase
Series RLC Load ","PMComponent","spsThreePhaseSeriesRLCLoadLib/Three-Phase
Series RLC Load","QCabc","[100 90 110]"
"TransformerWithCTSaturation/Three-Phase
Series RLC Load ","PMComponent","spsThreePhaseSeriesRLCLoadLib/Three-Phase
Series RLC Load","Pabcp","[10e3 9e3 11e3]"
"TransformerWithCTSaturation/Three-Phase
Series RLC Load ","PMComponent","spsThreePhaseSeriesRLCLoadLib/Three-Phase
Series RLC Load","QLabcp","[100 90 110]"
"TransformerWithCTSaturation/Three-Phase
Series RLC Load ","PMComponent","spsThreePhaseSeriesRLCLoadLib/Three-Phase
Series RLC Load","QCabcp","[100 90 110]"
"TransformerWithCTSaturation/Three-Phase
Series RLC Load ","PMComponent","spsThreePhaseSeriesRLCLoadLib/Three-Phase
Series RLC Load","Measurements","None"
"TransformerWithCTSaturation/Three-Phase
Series RLC Load ","PMComponent","spsThreePhaseSeriesRLCLoadLib/Three-Phase
Series RLC Load","LoadType","constant Z"
"TransformerWithCTSaturation/Three-Phase Breaker ","SubSystem","spsThreePhaseBreakerLib/Three-Phase Breaker","InitialState","closed"
"TransformerWithCTSaturation/Three-Phase Breaker ","SubSystem","spsThreePhaseBreakerLib/Three-Phase Breaker","SwitchA","on"
"TransformerWithCTSaturation/Three-Phase Breaker ","SubSystem","spsThreePhaseBreakerLib/Three-Phase Breaker","SwitchB","on"
"TransformerWithCTSaturation/Three-Phase Breaker ","SubSystem","spsThreePhaseBreakerLib/Three-Phase Breaker","SwitchC","on"
"TransformerWithCTSaturation/Three-Phase Breaker ","SubSystem","spsThreePhaseBreakerLib/Three-Phase Breaker","SwitchTimes","[1/60  5/60]"
"TransformerWithCTSaturation/Three-Phase Breaker ","SubSystem","spsThreePhaseBreakerLib/Three-Phase Breaker","External","on"
"TransformerWithCTSaturation/Three-Phase Breaker ","SubSystem","spsThreePhaseBreakerLib/Three-Phase Breaker","BreakerResistance","0.01"
"TransformerWithCTSaturation/Three-Phase Breaker ","SubSystem","spsThreePhaseBreakerLib/Three-Phase Breaker","SnubberResistance","1e6"
"TransformerWithCTSaturation/Three-Phase Breaker ","SubSystem","spsThreePhaseBreakerLib/Three-Phase Breaker","SnubberCapacitance","inf"
"TransformerWithCTSaturation/Three-Phase Breaker ","SubSystem","spsThreePhaseBreakerLib/Three-Phase Breaker","Measurements","Breaker voltages and currents"
"TransformerWithCTSaturation/Three-Phase Breaker1 ","SubSystem","spsThreePhaseBreakerLib/Three-Phase Breaker","InitialState","closed"
"TransformerWithCTSaturation/Three-Phase Breaker1 ","SubSystem","spsThreePhaseBreakerLib/Three-Phase Breaker","SwitchA","on"
"TransformerWithCTSaturation/Three-Phase Breaker1 ","SubSystem","spsThreePhaseBreakerLib/Three-Phase Breaker","SwitchB","on"
"TransformerWithCTSaturation/Three-Phase Breaker1 ","SubSystem","spsThreePhaseBreakerLib/Three-Phase Breaker","SwitchC","on"
"TransformerWithCTSaturation/Three-Phase Breaker1 ","SubSystem","spsThreePhaseBreakerLib/Three-Phase Breaker","SwitchTimes","[1/60  5/60]"
"TransformerWithCTSaturation/Three-Phase Breaker1 ","SubSystem","spsThreePhaseBreakerLib/Three-Phase Breaker","External","on"
"TransformerWithCTSaturation/Three-Phase Breaker1 ","SubSystem","spsThreePhaseBreakerLib/Three-Phase Breaker","BreakerResistance","0.01"
"TransformerWithCTSaturation/Three-Phase Breaker1 ","SubSystem","spsThreePhaseBreakerLib/Three-Phase Breaker","SnubberResistance","1e6"
"TransformerWithCTSaturation/Three-Phase Breaker1 ","SubSystem","spsThreePhaseBreakerLib/Three-Phase Breaker","SnubberCapacitance","inf"
"TransformerWithCTSaturation/Three-Phase Breaker1 ","SubSystem","spsThreePhaseBreakerLib/Three-Phase Breaker","Measurements","None"
"TransformerWithCTSaturation/To Workspace","ToWorkspace","","VariableName","I_primary_abc"
"TransformerWithCTSaturation/To Workspace","ToWorkspace","","MaxDataPoints","inf"
"TransformerWithCTSaturation/To Workspace","ToWorkspace","","Decimation","1"
"TransformerWithCTSaturation/To Workspace","ToWorkspace","","SaveFormat","Array"
"TransformerWithCTSaturation/To Workspace","ToWorkspace","","Save2DSignal","3-D array (concatenate along third dimension)"
"TransformerWithCTSaturation/To Workspace","ToWorkspace","","FixptAsFi","on"
"TransformerWithCTSaturation/To Workspace","ToWorkspace","","SampleTime","6.25e-4"
"TransformerWithCTSaturation/To Workspace1","ToWorkspace","","VariableName","I_secondary_abc"
"TransformerWithCTSaturation/To Workspace1","ToWorkspace","","MaxDataPoints","inf"
"TransformerWithCTSaturation/To Workspace1","ToWorkspace","","Decimation","1"
"TransformerWithCTSaturation/To Workspace1","ToWorkspace","","SaveFormat","Array"
"TransformerWithCTSaturation/To Workspace1","ToWorkspace","","Save2DSignal","3-D array (concatenate along third dimension)"
"TransformerWithCTSaturation/To Workspace1","ToWorkspace","","FixptAsFi","on"
"TransformerWithCTSaturation/To Workspace1","ToWorkspace","","SampleTime","6.25e-4"
"TransformerWithCTSaturation/VS","Display","","Format","short"
"TransformerWithCTSaturation/VS","Display","","Decimation","1"
"TransformerWithCTSaturation/VS","Display","","Floating","off"
"TransformerWithCTSaturation/VSa","SubSystem","spsACVoltageSourceLib/AC Voltage Source","Amplitude","(230e3*sqrt(2))/(sqrt(3))"
"TransformerWithCTSaturation/VSa","SubSystem","spsACVoltageSourceLib/AC Voltage Source","Phase","0"
"TransformerWithCTSaturation/VSa","SubSystem","spsACVoltageSourceLib/AC Voltage Source","Frequency","50"
"TransformerWithCTSaturation/VSa","SubSystem","spsACVoltageSourceLib/AC Voltage Source","SampleTime","0"
"TransformerWithCTSaturation/VSa","SubSystem","spsACVoltageSourceLib/AC Voltage Source","Measurements","None"
"TransformerWithCTSaturation/VSa","SubSystem","spsACVoltageSourceLib/AC Voltage Source","BusType","swing"
"TransformerWithCTSaturation/VSa","SubSystem","spsACVoltageSourceLib/AC Voltage Source","Pref","10e3"
"TransformerWithCTSaturation/VSa","SubSystem","spsACVoltageSourceLib/AC Voltage Source","Qref","0"
"TransformerWithCTSaturation/VSa","SubSystem","spsACVoltageSourceLib/AC Voltage Source","Qmin","-inf"
"TransformerWithCTSaturation/VSa","SubSystem","spsACVoltageSourceLib/AC Voltage Source","Qmax","+inf"
"TransformerWithCTSaturation/VSb","SubSystem","spsACVoltageSourceLib/AC Voltage Source","Amplitude","(230e3*sqrt(2))/(sqrt(3))"
"TransformerWithCTSaturation/VSb","SubSystem","spsACVoltageSourceLib/AC Voltage Source","Phase","-120"
"TransformerWithCTSaturation/VSb","SubSystem","spsACVoltageSourceLib/AC Voltage Source","Frequency","50"
"TransformerWithCTSaturation/VSb","SubSystem","spsACVoltageSourceLib/AC Voltage Source","SampleTime","0"
"TransformerWithCTSaturation/VSb","SubSystem","spsACVoltageSourceLib/AC Voltage Source","Measurements","None"
"TransformerWithCTSaturation/VSb","SubSystem","spsACVoltageSourceLib/AC Voltage Source","BusType","swing"
"TransformerWithCTSaturation/VSb","SubSystem","spsACVoltageSourceLib/AC Voltage Source","Pref","10e3"
"TransformerWithCTSaturation/VSb","SubSystem","spsACVoltageSourceLib/AC Voltage Source","Qref","0"
"TransformerWithCTSaturation/VSb","SubSystem","spsACVoltageSourceLib/AC Voltage Source","Qmin","-inf"
"TransformerWithCTSaturation/VSb","SubSystem","spsACVoltageSourceLib/AC Voltage Source","Qmax","+inf"
"TransformerWithCTSaturation/VSc","SubSystem","spsACVoltageSourceLib/AC Voltage Source","Amplitude","(230e3*sqrt(2))/(sqrt(3))"
"TransformerWithCTSaturation/VSc","SubSystem","spsACVoltageSourceLib/AC Voltage Source","Phase","120"
"TransformerWithCTSaturation/VSc","SubSystem","spsACVoltageSourceLib/AC Voltage Source","Frequency","50"
"TransformerWithCTSaturation/VSc","SubSystem","spsACVoltageSourceLib/AC Voltage Source","SampleTime","0"
"TransformerWithCTSaturation/VSc","SubSystem","spsACVoltageSourceLib/AC Voltage Source","Measurements","None"
"TransformerWithCTSaturation/VSc","SubSystem","spsACVoltageSourceLib/AC Voltage Source","BusType","swing"
"TransformerWithCTSaturation/VSc","SubSystem","spsACVoltageSourceLib/AC Voltage Source","Pref","10e3"
"TransformerWithCTSaturation/VSc","SubSystem","spsACVoltageSourceLib/AC Voltage Source","Qref","0"
"TransformerWithCTSaturation/VSc","SubSystem","spsACVoltageSourceLib/AC Voltage Source","Qmin","-inf"
"TransformerWithCTSaturation/VSc","SubSystem","spsACVoltageSourceLib/AC Voltage Source","Qmax","+inf"
"TransformerWithCTSaturation/powergui","SubSystem","spspowerguiLib/powergui","SimulationMode","Discrete"
"TransformerWithCTSaturation/powergui","SubSystem","spspowerguiLib/powergui","SampleTime","10e-5"
"TransformerWithCTSaturation/powergui","SubSystem","spspowerguiLib/powergui","frequency","60"
"TransformerWithCTSaturation/powergui","SubSystem","spspowerguiLib/powergui","Iterations","50"
"TransformerWithCTSaturation/powergui","SubSystem","spspowerguiLib/powergui","frequencyindice","50"
"TransformerWithCTSaturation/powergui","SubSystem","spspowerguiLib/powergui","Pbase","100e6"
"TransformerWithCTSaturation/powergui","SubSystem","spspowerguiLib/powergui","ErrMax","1e-4"
"TransformerWithCTSaturation/powergui","SubSystem","spspowerguiLib/powergui","UnitsV","kV"
"TransformerWithCTSaturation/powergui","SubSystem","spspowerguiLib/powergui","UnitsW","MW"
"TransformerWithCTSaturation/powergui","SubSystem","spspowerguiLib/powergui","buscounter","0"
"TransformerWithCTSaturation/powergui","SubSystem","spspowerguiLib/powergui","FunctionMessages","off"
"TransformerWithCTSaturation/powergui","SubSystem","spspowerguiLib/powergui","echomessages","off"
"TransformerWithCTSaturation/powergui","SubSystem","spspowerguiLib/powergui","EnableUseOfTLC","off"
"TransformerWithCTSaturation/powergui","SubSystem","spspowerguiLib/powergui","CurrentSourceSwitches","off"
"TransformerWithCTSaturation/powergui","SubSystem","spspowerguiLib/powergui","DisableSnubberDevices","off"
"TransformerWithCTSaturation/powergui","SubSystem","spspowerguiLib/powergui","DisableRonSwitches","off"
"TransformerWithCTSaturation/powergui","SubSystem","spspowerguiLib/powergui","DisableVfSwitches","off"
"TransformerWithCTSaturation/powergui","SubSystem","spspowerguiLib/powergui","DisplayEquations","off"
"TransformerWithCTSaturation/powergui","SubSystem","spspowerguiLib/powergui","AutomaticDiscreteSolvers","off"
"TransformerWithCTSaturation/powergui","SubSystem","spspowerguiLib/powergui","SolverType","Backward Euler"
"TransformerWithCTSaturation/powergui","SubSystem","spspowerguiLib/powergui","Interpol","off"
"TransformerWithCTSaturation/powergui","SubSystem","spspowerguiLib/powergui","ExternalGateDelay","off"
"TransformerWithCTSaturation/powergui","SubSystem","spspowerguiLib/powergui","methode","off"
"TransformerWithCTSaturation/powergui","SubSystem","spspowerguiLib/powergui","Ts","0"
"TransformerWithCTSaturation/powergui","SubSystem","spspowerguiLib/powergui","x0status","blocks"
"TransformerWithCTSaturation/powergui","SubSystem","spspowerguiLib/powergui","SPID","off"
"TransformerWithCTSaturation/powergui","SubSystem","spspowerguiLib/powergui","SwTol","0"
"TransformerWithCTSaturation/powergui","SubSystem","spspowerguiLib/powergui","HookPort","off"
"TransformerWithCTSaturation/powergui","SubSystem","spspowerguiLib/powergui","NonlinearTolerance","1e-4"
"TransformerWithCTSaturation/powergui","SubSystem","spspowerguiLib/powergui","nMaxIteration","100"
"TransformerWithCTSaturation/powergui","SubSystem","spspowerguiLib/powergui","ContinueOnMaxIteration","off"
"TransformerWithCTSaturation/powergui","SubSystem","spspowerguiLib/powergui","RestoreLinks","warning"
"TransformerWithCTSaturation/powergui","SubSystem","spspowerguiLib/powergui","ResistiveCurrentMeasurement","off"
"TransformerWithCTSaturation/powergui","SubSystem","spspowerguiLib/powergui","Frange","[0:2:500]"
"TransformerWithCTSaturation/powergui","SubSystem","spspowerguiLib/powergui","Ylog","off"
"TransformerWithCTSaturation/powergui","SubSystem","spspowerguiLib/powergui","Xlog","on"
"TransformerWithCTSaturation/powergui","SubSystem","spspowerguiLib/powergui","ShowGrid","off"
"TransformerWithCTSaturation/powergui","SubSystem","spspowerguiLib/powergui","save","off"
"TransformerWithCTSaturation/powergui","SubSystem","spspowerguiLib/powergui","variable","ZData"
"TransformerWithCTSaturation/powergui","SubSystem","spspowerguiLib/powergui","structure","0"
"TransformerWithCTSaturation/powergui","SubSystem","spspowerguiLib/powergui","ZoomFFT","on"
"TransformerWithCTSaturation/powergui","SubSystem","spspowerguiLib/powergui","StartTime","0.0"
"TransformerWithCTSaturation/powergui","SubSystem","spspowerguiLib/powergui","cycles","1"
"TransformerWithCTSaturation/powergui","SubSystem","spspowerguiLib/powergui","DisplayStyle","1"
"TransformerWithCTSaturation/powergui","SubSystem","spspowerguiLib/powergui","fundamental","60"
"TransformerWithCTSaturation/powergui","SubSystem","spspowerguiLib/powergui","FreqAxis","off"
"TransformerWithCTSaturation/powergui","SubSystem","spspowerguiLib/powergui","MaxFrequency","1000"
"TransformerWithCTSaturation/powergui","SubSystem","spspowerguiLib/powergui","frequencyindicesteady","1"
"TransformerWithCTSaturation/powergui","SubSystem","spspowerguiLib/powergui","RmsSteady","1"
"TransformerWithCTSaturation/powergui","SubSystem","spspowerguiLib/powergui","display","off"
