BlockPath,BlockType,LibraryLink,Parameter,Value
"TransformerWithCTSaturationz_DISCONNECTED/Before Noise PrimCurr","Scope","","OpenAtSimulationStart","off"
"TransformerWithCTSaturationz_DISCONNECTED/Before Noise PrimCurr","Scope","","DisplayFullPath","off"
"TransformerWithCTSaturationz_DISCONNECTED/Before Noise PrimCurr","Scope","","NumInputPorts","3"
"TransformerWithCTSaturationz_DISCONNECTED/Before Noise PrimCurr","Scope","","LayoutDimensionsString","[3 1]"
"TransformerWithCTSaturationz_DISCONNECTED/Before Noise PrimCurr","Scope","","SampleTime","-1"
"TransformerWithCTSaturationz_DISCONNECTED/Before Noise PrimCurr","Scope","","FrameBasedProcessingString","Elements as channels (sample based)"
"TransformerWithCTSaturationz_DISCONNECTED/Before Noise PrimCurr","Scope","","MaximizeAxes","Off"
"TransformerWithCTSaturationz_DISCONNECTED/Before Noise PrimCurr","Scope","","AxesScaling","Manual"
"TransformerWithCTSaturationz_DISCONNECTED/Before Noise PrimCurr","Scope","","AxesScalingNumUpdates","10"
"TransformerWithCTSaturationz_DISCONNECTED/Before Noise PrimCurr","Scope","","TimeSpan","Auto"
"TransformerWithCTSaturationz_DISCONNECTED/Before Noise PrimCurr","Scope","","TimeSpanOverrunAction","Wrap"
"TransformerWithCTSaturationz_DISCONNECTED/Before Noise PrimCurr","Scope","","TimeUnits","None"
"TransformerWithCTSaturationz_DISCONNECTED/Before Noise PrimCurr","Scope","","TimeDisplayOffset","0"
"TransformerWithCTSaturationz_DISCONNECTED/Before Noise PrimCurr","Scope","","TimeAxisLabels","Bottom displays only"
"TransformerWithCTSaturationz_DISCONNECTED/Before Noise PrimCurr","Scope","","ShowTimeAxisLabel","off"
"TransformerWithCTSaturationz_DISCONNECTED/Before Noise PrimCurr","Scope","","ActiveDisplayString","1"
"TransformerWithCTSaturationz_DISCONNECTED/Before Noise PrimCurr","Scope","","Title","%<SignalLabel>"
"TransformerWithCTSaturationz_DISCONNECTED/Before Noise PrimCurr","Scope","","ShowLegend","on"
"TransformerWithCTSaturationz_DISCONNECTED/Before Noise PrimCurr","Scope","","ShowGrid","on"
"TransformerWithCTSaturationz_DISCONNECTED/Before Noise PrimCurr","Scope","","PlotAsMagnitudePhase","off"
"TransformerWithCTSaturationz_DISCONNECTED/Before Noise PrimCurr","Scope","","ActiveDisplayYMinimum","-124.7577"
"TransformerWithCTSaturationz_DISCONNECTED/Before Noise PrimCurr","Scope","","ActiveDisplayYMaximum","64.701"
"TransformerWithCTSaturationz_DISCONNECTED/Before Noise PrimCurr","Scope","","DataLoggingLimitDataPoints","off"
"TransformerWithCTSaturationz_DISCONNECTED/Before Noise PrimCurr","Scope","","DataLoggingMaxPoints","5000"
"TransformerWithCTSaturationz_DISCONNECTED/Before Noise PrimCurr","Scope","","DataLoggingDecimateData","off"
"TransformerWithCTSaturationz_DISCONNECTED/Before Noise PrimCurr","Scope","","DataLoggingDecimation","2"
"TransformerWithCTSaturationz_DISCONNECTED/Before Noise PrimCurr","Scope","","DataLogging","off"
"TransformerWithCTSaturationz_DISCONNECTED/Before Noise PrimCurr","Scope","","DataLoggingVariableName","ScopeData2"
"TransformerWithCTSaturationz_DISCONNECTED/Before Noise PrimCurr","Scope","","DataLoggingSaveFormat","Dataset"
"TransformerWithCTSaturationz_DISCONNECTED/Before Noise SecCurr","Scope","","OpenAtSimulationStart","off"
"TransformerWithCTSaturationz_DISCONNECTED/Before Noise SecCurr","Scope","","DisplayFullPath","off"
"TransformerWithCTSaturationz_DISCONNECTED/Before Noise SecCurr","Scope","","NumInputPorts","3"
"TransformerWithCTSaturationz_DISCONNECTED/Before Noise SecCurr","Scope","","LayoutDimensionsString","[3 1]"
"TransformerWithCTSaturationz_DISCONNECTED/Before Noise SecCurr","Scope","","SampleTime","-1"
"TransformerWithCTSaturationz_DISCONNECTED/Before Noise SecCurr","Scope","","FrameBasedProcessingString","Elements as channels (sample based)"
"TransformerWithCTSaturationz_DISCONNECTED/Before Noise SecCurr","Scope","","MaximizeAxes","Off"
"TransformerWithCTSaturationz_DISCONNECTED/Before Noise SecCurr","Scope","","AxesScaling","Manual"
"TransformerWithCTSaturationz_DISCONNECTED/Before Noise SecCurr","Scope","","AxesScalingNumUpdates","10"
"TransformerWithCTSaturationz_DISCONNECTED/Before Noise SecCurr","Scope","","TimeSpan","Auto"
"TransformerWithCTSaturationz_DISCONNECTED/Before Noise SecCurr","Scope","","TimeSpanOverrunAction","Wrap"
"TransformerWithCTSaturationz_DISCONNECTED/Before Noise SecCurr","Scope","","TimeUnits","None"
"TransformerWithCTSaturationz_DISCONNECTED/Before Noise SecCurr","Scope","","TimeDisplayOffset","0"
"TransformerWithCTSaturationz_DISCONNECTED/Before Noise SecCurr","Scope","","TimeAxisLabels","Bottom displays only"
"TransformerWithCTSaturationz_DISCONNECTED/Before Noise SecCurr","Scope","","ShowTimeAxisLabel","off"
"TransformerWithCTSaturationz_DISCONNECTED/Before Noise SecCurr","Scope","","ActiveDisplayString","1"
"TransformerWithCTSaturationz_DISCONNECTED/Before Noise SecCurr","Scope","","Title","%<SignalLabel>"
"TransformerWithCTSaturationz_DISCONNECTED/Before Noise SecCurr","Scope","","ShowLegend","on"
"TransformerWithCTSaturationz_DISCONNECTED/Before Noise SecCurr","Scope","","ShowGrid","on"
"TransformerWithCTSaturationz_DISCONNECTED/Before Noise SecCurr","Scope","","PlotAsMagnitudePhase","off"
"TransformerWithCTSaturationz_DISCONNECTED/Before Noise SecCurr","Scope","","ActiveDisplayYMinimum","-0.89868"
"TransformerWithCTSaturationz_DISCONNECTED/Before Noise SecCurr","Scope","","ActiveDisplayYMaximum","0.89964"
"TransformerWithCTSaturationz_DISCONNECTED/Before Noise SecCurr","Scope","","DataLoggingLimitDataPoints","off"
"TransformerWithCTSaturationz_DISCONNECTED/Before Noise SecCurr","Scope","","DataLoggingMaxPoints","5000"
"TransformerWithCTSaturationz_DISCONNECTED/Before Noise SecCurr","Scope","","DataLoggingDecimateData","off"
"TransformerWithCTSaturationz_DISCONNECTED/Before Noise SecCurr","Scope","","DataLoggingDecimation","2"
"TransformerWithCTSaturationz_DISCONNECTED/Before Noise SecCurr","Scope","","DataLogging","off"
"TransformerWithCTSaturationz_DISCONNECTED/Before Noise SecCurr","Scope","","DataLoggingVariableName","ScopeData3"
"TransformerWithCTSaturationz_DISCONNECTED/Before Noise SecCurr","Scope","","DataLoggingSaveFormat","Dataset"
"TransformerWithCTSaturationz_DISCONNECTED/CT","SubSystem","","ShowPortLabels","FromPortIcon"
"TransformerWithCTSaturationz_DISCONNECTED/CT","SubSystem","","Permissions","ReadWrite"
"TransformerWithCTSaturationz_DISCONNECTED/CT","SubSystem","","PermitHierarchicalResolution","All"
"TransformerWithCTSaturationz_DISCONNECTED/CT","SubSystem","","TreatAsAtomicUnit","off"
"TransformerWithCTSaturationz_DISCONNECTED/CT","SubSystem","","ShowSubsystemReinitializePorts","off"
"TransformerWithCTSaturationz_DISCONNECTED/CT","SubSystem","","MinAlgLoopOccurrences","off"
"TransformerWithCTSaturationz_DISCONNECTED/CT","SubSystem","","ScheduleAs","Sample time"
"TransformerWithCTSaturationz_DISCONNECTED/CT","SubSystem","","SystemSampleTime","-1"
"TransformerWithCTSaturationz_DISCONNECTED/CT","SubSystem","","SetExecutionDomain","off"
"TransformerWithCTSaturationz_DISCONNECTED/CT","SubSystem","","ExecutionDomainType","Deduce"
"TransformerWithCTSaturationz_DISCONNECTED/CT","SubSystem","","RTWSystemCode","Auto"
"TransformerWithCTSaturationz_DISCONNECTED/CT","SubSystem","","RTWFcnNameOpts","Auto"
"TransformerWithCTSaturationz_DISCONNECTED/CT","SubSystem","","RTWFileNameOpts","Auto"
"TransformerWithCTSaturationz_DISCONNECTED/CT","SubSystem","","FunctionInterfaceSpec","void_void"
"TransformerWithCTSaturationz_DISCONNECTED/CT","SubSystem","","FunctionWithSeparateData","off"
"TransformerWithCTSaturationz_DISCONNECTED/CT","SubSystem","","RTWMemSecFuncInitTerm","Inherit from model"
"TransformerWithCTSaturationz_DISCONNECTED/CT","SubSystem","","RTWMemSecFuncExecute","Inherit from model"
"TransformerWithCTSaturationz_DISCONNECTED/CT","SubSystem","","RTWMemSecDataConstants","Inherit from model"
"TransformerWithCTSaturationz_DISCONNECTED/CT","SubSystem","","RTWMemSecDataInternal","Inherit from model"
"TransformerWithCTSaturationz_DISCONNECTED/CT","SubSystem","","RTWMemSecDataParameters","Inherit from model"
"TransformerWithCTSaturationz_DISCONNECTED/CT","SubSystem","","IsSubsystemVirtual","on"
"TransformerWithCTSaturationz_DISCONNECTED/CT","SubSystem","","Variant","off"
"TransformerWithCTSaturationz_DISCONNECTED/CT","SubSystem","","VariantChoices","[]"
"TransformerWithCTSaturationz_DISCONNECTED/CT","SubSystem","","VariantControlMode","expression"
"TransformerWithCTSaturationz_DISCONNECTED/CT","SubSystem","","VariantActivationTime","update diagram"
"TransformerWithCTSaturationz_DISCONNECTED/CT","SubSystem","","AllowZeroVariantControls","off"
"TransformerWithCTSaturationz_DISCONNECTED/CT","SubSystem","","PropagateVariantConditions","off"
"TransformerWithCTSaturationz_DISCONNECTED/CT","SubSystem","","TreatAsGroupedWhenPropagatingVariantConditions","on"
"TransformerWithCTSaturationz_DISCONNECTED/CT","SubSystem","","Latency","0"
"TransformerWithCTSaturationz_DISCONNECTED/CT","SubSystem","","AutoFrameSizeCalculation","off"
"TransformerWithCTSaturationz_DISCONNECTED/CT","SubSystem","","CompiledVariantActivationTime","update diagram"
"TransformerWithCTSaturationz_DISCONNECTED/CT/1ohm","PMComponent","spsSeriesRLCBranchLib/Series RLC Branch","BranchType","R"
"TransformerWithCTSaturationz_DISCONNECTED/CT/1ohm","PMComponent","spsSeriesRLCBranchLib/Series RLC Branch","Resistance","1"
"TransformerWithCTSaturationz_DISCONNECTED/CT/1ohm","PMComponent","spsSeriesRLCBranchLib/Series RLC Branch","Inductance","[]"
"TransformerWithCTSaturationz_DISCONNECTED/CT/1ohm","PMComponent","spsSeriesRLCBranchLib/Series RLC Branch","SetiL0","off"
"TransformerWithCTSaturationz_DISCONNECTED/CT/1ohm","PMComponent","spsSeriesRLCBranchLib/Series RLC Branch","InitialCurrent","0"
"TransformerWithCTSaturationz_DISCONNECTED/CT/1ohm","PMComponent","spsSeriesRLCBranchLib/Series RLC Branch","Capacitance","[]"
"TransformerWithCTSaturationz_DISCONNECTED/CT/1ohm","PMComponent","spsSeriesRLCBranchLib/Series RLC Branch","Setx0","off"
"TransformerWithCTSaturationz_DISCONNECTED/CT/1ohm","PMComponent","spsSeriesRLCBranchLib/Series RLC Branch","InitialVoltage","0"
"TransformerWithCTSaturationz_DISCONNECTED/CT/1ohm","PMComponent","spsSeriesRLCBranchLib/Series RLC Branch","Measurements","None"
"TransformerWithCTSaturationz_DISCONNECTED/CT/CT 2000//5 A
25 VA","SubSystem","spsSaturableTransformerLib/Saturable Transformer","ThreeWindings","off"
"TransformerWithCTSaturationz_DISCONNECTED/CT/CT 2000//5 A
25 VA","SubSystem","spsSaturableTransformerLib/Saturable Transformer","Hysteresis","off"
"TransformerWithCTSaturationz_DISCONNECTED/CT/CT 2000//5 A
25 VA","SubSystem","spsSaturableTransformerLib/Saturable Transformer","DataFile","'hysteresis'"
"TransformerWithCTSaturationz_DISCONNECTED/CT/CT 2000//5 A
25 VA","SubSystem","spsSaturableTransformerLib/Saturable Transformer","Measurements","Flux and magnetization current ( Imag )"
"TransformerWithCTSaturationz_DISCONNECTED/CT/CT 2000//5 A
25 VA","SubSystem","spsSaturableTransformerLib/Saturable Transformer","UNITS","pu"
"TransformerWithCTSaturationz_DISCONNECTED/CT/CT 2000//5 A
25 VA","SubSystem","spsSaturableTransformerLib/Saturable Transformer","NominalPower","[25 50]"
"TransformerWithCTSaturationz_DISCONNECTED/CT/CT 2000//5 A
25 VA","SubSystem","spsSaturableTransformerLib/Saturable Transformer","Winding1","[5*1/20 0.001 0.04]"
"TransformerWithCTSaturationz_DISCONNECTED/CT/CT 2000//5 A
25 VA","SubSystem","spsSaturableTransformerLib/Saturable Transformer","Winding2","[5 0.001 0.04 ]"
"TransformerWithCTSaturationz_DISCONNECTED/CT/CT 2000//5 A
25 VA","SubSystem","spsSaturableTransformerLib/Saturable Transformer","Winding3","[5 0.001 0.04 ]"
"TransformerWithCTSaturationz_DISCONNECTED/CT/CT 2000//5 A
25 VA","SubSystem","spsSaturableTransformerLib/Saturable Transformer","Saturation","[0 0 ; 0.01 10 ; 1 10.5]"
"TransformerWithCTSaturationz_DISCONNECTED/CT/CT 2000//5 A
25 VA","SubSystem","spsSaturableTransformerLib/Saturable Transformer","CoreLoss","[100]"
"TransformerWithCTSaturationz_DISCONNECTED/CT/CT 2000//5 A
25 VA","SubSystem","spsSaturableTransformerLib/Saturable Transformer","BreakLoop","off"
"TransformerWithCTSaturationz_DISCONNECTED/CT/CT 2000//5 A
25 VA","SubSystem","spsSaturableTransformerLib/Saturable Transformer","DiscreteSolver","Trapezoidal iterative"
"TransformerWithCTSaturationz_DISCONNECTED/CT/CT 2000//5 A
25 VA","SubSystem","spsSaturableTransformerLib/Saturable Transformer","DataType","off"
"TransformerWithCTSaturationz_DISCONNECTED/CT/CT 2000//5 A
25 VA","SubSystem","spsSaturableTransformerLib/Saturable Transformer","InitialFlux","-0.000145051785515922"
"TransformerWithCTSaturationz_DISCONNECTED/CT/CT 2000//5 A
25 VA","SubSystem","spsSaturableTransformerLib/Saturable Transformer","TransfoNumber","1"
"TransformerWithCTSaturationz_DISCONNECTED/CT/I2","SubSystem","spsCurrentMeasurementLib/Current Measurement","PhasorSimulation","off"
"TransformerWithCTSaturationz_DISCONNECTED/CT/I2","SubSystem","spsCurrentMeasurementLib/Current Measurement","OutputType","Magnitude"
"TransformerWithCTSaturationz_DISCONNECTED/CT/I2","SubSystem","spsCurrentMeasurementLib/Current Measurement","PSBequivalent","0"
"TransformerWithCTSaturationz_DISCONNECTED/CT/Conn1","PMIOPort","","Port","1"
"TransformerWithCTSaturationz_DISCONNECTED/CT/Conn1","PMIOPort","","Side","Left"
"TransformerWithCTSaturationz_DISCONNECTED/CT/Conn1","PMIOPort","","ConnectionType","Inherit: auto"
"TransformerWithCTSaturationz_DISCONNECTED/CT/Conn2","PMIOPort","","Port","2"
"TransformerWithCTSaturationz_DISCONNECTED/CT/Conn2","PMIOPort","","Side","Right"
"TransformerWithCTSaturationz_DISCONNECTED/CT/Conn2","PMIOPort","","ConnectionType","Inherit: auto"
"TransformerWithCTSaturationz_DISCONNECTED/CT/Out1","Outport","","Port","1"
"TransformerWithCTSaturationz_DISCONNECTED/CT/Out1","Outport","","SignalObject","[]"
"TransformerWithCTSaturationz_DISCONNECTED/CT/Out1","Outport","","StorageClass","Auto"
"TransformerWithCTSaturationz_DISCONNECTED/CT/Out1","Outport","","IconDisplay","Port number"
"TransformerWithCTSaturationz_DISCONNECTED/CT/Out1","Outport","","OutputFunctionCall","off"
"TransformerWithCTSaturationz_DISCONNECTED/CT/Out1","Outport","","OutMin","[]"
"TransformerWithCTSaturationz_DISCONNECTED/CT/Out1","Outport","","OutMax","[]"
"TransformerWithCTSaturationz_DISCONNECTED/CT/Out1","Outport","","OutDataTypeStr","Inherit: auto"
"TransformerWithCTSaturationz_DISCONNECTED/CT/Out1","Outport","","LockScale","off"
"TransformerWithCTSaturationz_DISCONNECTED/CT/Out1","Outport","","BusOutputAsStruct","off"
"TransformerWithCTSaturationz_DISCONNECTED/CT/Out1","Outport","","BusVirtuality","inherit"
"TransformerWithCTSaturationz_DISCONNECTED/CT/Out1","Outport","","DataMode","inherit"
"TransformerWithCTSaturationz_DISCONNECTED/CT/Out1","Outport","","Unit","inherit"
"TransformerWithCTSaturationz_DISCONNECTED/CT/Out1","Outport","","PortDimensions","-1"
"TransformerWithCTSaturationz_DISCONNECTED/CT/Out1","Outport","","VarSizeSig","Inherit"
"TransformerWithCTSaturationz_DISCONNECTED/CT/Out1","Outport","","SampleTime","-1"
"TransformerWithCTSaturationz_DISCONNECTED/CT/Out1","Outport","","SignalType","auto"
"TransformerWithCTSaturationz_DISCONNECTED/CT/Out1","Outport","","EnsureOutportIsVirtual","off"
"TransformerWithCTSaturationz_DISCONNECTED/CT/Out1","Outport","","SourceOfInitialOutputValue","Dialog"
"TransformerWithCTSaturationz_DISCONNECTED/CT/Out1","Outport","","OutputWhenDisabled","held"
"TransformerWithCTSaturationz_DISCONNECTED/CT/Out1","Outport","","InitialOutput","[]"
"TransformerWithCTSaturationz_DISCONNECTED/CT/Out1","Outport","","MustResolveToSignalObject","off"
"TransformerWithCTSaturationz_DISCONNECTED/CT/Out1","Outport","","OutputWhenUnConnected","off"
"TransformerWithCTSaturationz_DISCONNECTED/CT/Out1","Outport","","OutputWhenUnconnectedValue","0"
"TransformerWithCTSaturationz_DISCONNECTED/CT/Out1","Outport","","VectorParamsAs1DForOutWhenUnconnected","on"
"TransformerWithCTSaturationz_DISCONNECTED/CT1","SubSystem","","ShowPortLabels","FromPortIcon"
"TransformerWithCTSaturationz_DISCONNECTED/CT1","SubSystem","","Permissions","ReadWrite"
"TransformerWithCTSaturationz_DISCONNECTED/CT1","SubSystem","","PermitHierarchicalResolution","All"
"TransformerWithCTSaturationz_DISCONNECTED/CT1","SubSystem","","TreatAsAtomicUnit","off"
"TransformerWithCTSaturationz_DISCONNECTED/CT1","SubSystem","","ShowSubsystemReinitializePorts","off"
"TransformerWithCTSaturationz_DISCONNECTED/CT1","SubSystem","","MinAlgLoopOccurrences","off"
"TransformerWithCTSaturationz_DISCONNECTED/CT1","SubSystem","","ScheduleAs","Sample time"
"TransformerWithCTSaturationz_DISCONNECTED/CT1","SubSystem","","SystemSampleTime","-1"
"TransformerWithCTSaturationz_DISCONNECTED/CT1","SubSystem","","SetExecutionDomain","off"
"TransformerWithCTSaturationz_DISCONNECTED/CT1","SubSystem","","ExecutionDomainType","Deduce"
"TransformerWithCTSaturationz_DISCONNECTED/CT1","SubSystem","","RTWSystemCode","Auto"
"TransformerWithCTSaturationz_DISCONNECTED/CT1","SubSystem","","RTWFcnNameOpts","Auto"
"TransformerWithCTSaturationz_DISCONNECTED/CT1","SubSystem","","RTWFileNameOpts","Auto"
"TransformerWithCTSaturationz_DISCONNECTED/CT1","SubSystem","","FunctionInterfaceSpec","void_void"
"TransformerWithCTSaturationz_DISCONNECTED/CT1","SubSystem","","FunctionWithSeparateData","off"
"TransformerWithCTSaturationz_DISCONNECTED/CT1","SubSystem","","RTWMemSecFuncInitTerm","Inherit from model"
"TransformerWithCTSaturationz_DISCONNECTED/CT1","SubSystem","","RTWMemSecFuncExecute","Inherit from model"
"TransformerWithCTSaturationz_DISCONNECTED/CT1","SubSystem","","RTWMemSecDataConstants","Inherit from model"
"TransformerWithCTSaturationz_DISCONNECTED/CT1","SubSystem","","RTWMemSecDataInternal","Inherit from model"
"TransformerWithCTSaturationz_DISCONNECTED/CT1","SubSystem","","RTWMemSecDataParameters","Inherit from model"
"TransformerWithCTSaturationz_DISCONNECTED/CT1","SubSystem","","IsSubsystemVirtual","on"
"TransformerWithCTSaturationz_DISCONNECTED/CT1","SubSystem","","Variant","off"
"TransformerWithCTSaturationz_DISCONNECTED/CT1","SubSystem","","VariantChoices","[]"
"TransformerWithCTSaturationz_DISCONNECTED/CT1","SubSystem","","VariantControlMode","expression"
"TransformerWithCTSaturationz_DISCONNECTED/CT1","SubSystem","","VariantActivationTime","update diagram"
"TransformerWithCTSaturationz_DISCONNECTED/CT1","SubSystem","","AllowZeroVariantControls","off"
"TransformerWithCTSaturationz_DISCONNECTED/CT1","SubSystem","","PropagateVariantConditions","off"
"TransformerWithCTSaturationz_DISCONNECTED/CT1","SubSystem","","TreatAsGroupedWhenPropagatingVariantConditions","on"
"TransformerWithCTSaturationz_DISCONNECTED/CT1","SubSystem","","Latency","0"
"TransformerWithCTSaturationz_DISCONNECTED/CT1","SubSystem","","AutoFrameSizeCalculation","off"
"TransformerWithCTSaturationz_DISCONNECTED/CT1","SubSystem","","CompiledVariantActivationTime","update diagram"
"TransformerWithCTSaturationz_DISCONNECTED/CT1/1ohm","PMComponent","spsSeriesRLCBranchLib/Series RLC Branch","BranchType","R"
"TransformerWithCTSaturationz_DISCONNECTED/CT1/1ohm","PMComponent","spsSeriesRLCBranchLib/Series RLC Branch","Resistance","1"
"TransformerWithCTSaturationz_DISCONNECTED/CT1/1ohm","PMComponent","spsSeriesRLCBranchLib/Series RLC Branch","Inductance","[]"
"TransformerWithCTSaturationz_DISCONNECTED/CT1/1ohm","PMComponent","spsSeriesRLCBranchLib/Series RLC Branch","SetiL0","off"
"TransformerWithCTSaturationz_DISCONNECTED/CT1/1ohm","PMComponent","spsSeriesRLCBranchLib/Series RLC Branch","InitialCurrent","0"
"TransformerWithCTSaturationz_DISCONNECTED/CT1/1ohm","PMComponent","spsSeriesRLCBranchLib/Series RLC Branch","Capacitance","[]"
"TransformerWithCTSaturationz_DISCONNECTED/CT1/1ohm","PMComponent","spsSeriesRLCBranchLib/Series RLC Branch","Setx0","off"
"TransformerWithCTSaturationz_DISCONNECTED/CT1/1ohm","PMComponent","spsSeriesRLCBranchLib/Series RLC Branch","InitialVoltage","0"
"TransformerWithCTSaturationz_DISCONNECTED/CT1/1ohm","PMComponent","spsSeriesRLCBranchLib/Series RLC Branch","Measurements","None"
"TransformerWithCTSaturationz_DISCONNECTED/CT1/CT 2000//5 A
25 VA","SubSystem","spsSaturableTransformerLib/Saturable Transformer","ThreeWindings","on"
"TransformerWithCTSaturationz_DISCONNECTED/CT1/CT 2000//5 A
25 VA","SubSystem","spsSaturableTransformerLib/Saturable Transformer","Hysteresis","off"
"TransformerWithCTSaturationz_DISCONNECTED/CT1/CT 2000//5 A
25 VA","SubSystem","spsSaturableTransformerLib/Saturable Transformer","DataFile","'hysteresis'"
"TransformerWithCTSaturationz_DISCONNECTED/CT1/CT 2000//5 A
25 VA","SubSystem","spsSaturableTransformerLib/Saturable Transformer","Measurements","Flux and magnetization current ( Imag )"
"TransformerWithCTSaturationz_DISCONNECTED/CT1/CT 2000//5 A
25 VA","SubSystem","spsSaturableTransformerLib/Saturable Transformer","UNITS","pu"
"TransformerWithCTSaturationz_DISCONNECTED/CT1/CT 2000//5 A
25 VA","SubSystem","spsSaturableTransformerLib/Saturable Transformer","NominalPower","[25 50]"
"TransformerWithCTSaturationz_DISCONNECTED/CT1/CT 2000//5 A
25 VA","SubSystem","spsSaturableTransformerLib/Saturable Transformer","Winding1","[5*1/20 0.001 0.04]"
"TransformerWithCTSaturationz_DISCONNECTED/CT1/CT 2000//5 A
25 VA","SubSystem","spsSaturableTransformerLib/Saturable Transformer","Winding2","[5 0.001 0.04 ]"
"TransformerWithCTSaturationz_DISCONNECTED/CT1/CT 2000//5 A
25 VA","SubSystem","spsSaturableTransformerLib/Saturable Transformer","Winding3","[5 0.001 0.04 ]"
"TransformerWithCTSaturationz_DISCONNECTED/CT1/CT 2000//5 A
25 VA","SubSystem","spsSaturableTransformerLib/Saturable Transformer","Saturation","[0 0 ; 0.01 10 ; 1 10.5]"
"TransformerWithCTSaturationz_DISCONNECTED/CT1/CT 2000//5 A
25 VA","SubSystem","spsSaturableTransformerLib/Saturable Transformer","CoreLoss","[100]"
"TransformerWithCTSaturationz_DISCONNECTED/CT1/CT 2000//5 A
25 VA","SubSystem","spsSaturableTransformerLib/Saturable Transformer","BreakLoop","off"
"TransformerWithCTSaturationz_DISCONNECTED/CT1/CT 2000//5 A
25 VA","SubSystem","spsSaturableTransformerLib/Saturable Transformer","DiscreteSolver","Trapezoidal iterative"
"TransformerWithCTSaturationz_DISCONNECTED/CT1/CT 2000//5 A
25 VA","SubSystem","spsSaturableTransformerLib/Saturable Transformer","DataType","off"
"TransformerWithCTSaturationz_DISCONNECTED/CT1/CT 2000//5 A
25 VA","SubSystem","spsSaturableTransformerLib/Saturable Transformer","InitialFlux","6.74702885714095e-05"
"TransformerWithCTSaturationz_DISCONNECTED/CT1/CT 2000//5 A
25 VA","SubSystem","spsSaturableTransformerLib/Saturable Transformer","TransfoNumber","1"
"TransformerWithCTSaturationz_DISCONNECTED/CT1/I2","SubSystem","spsCurrentMeasurementLib/Current Measurement","PhasorSimulation","off"
"TransformerWithCTSaturationz_DISCONNECTED/CT1/I2","SubSystem","spsCurrentMeasurementLib/Current Measurement","OutputType","Magnitude"
"TransformerWithCTSaturationz_DISCONNECTED/CT1/I2","SubSystem","spsCurrentMeasurementLib/Current Measurement","PSBequivalent","0"
"TransformerWithCTSaturationz_DISCONNECTED/CT1/Conn1","PMIOPort","","Port","1"
"TransformerWithCTSaturationz_DISCONNECTED/CT1/Conn1","PMIOPort","","Side","Left"
"TransformerWithCTSaturationz_DISCONNECTED/CT1/Conn1","PMIOPort","","ConnectionType","Inherit: auto"
"TransformerWithCTSaturationz_DISCONNECTED/CT1/Conn2","PMIOPort","","Port","2"
"TransformerWithCTSaturationz_DISCONNECTED/CT1/Conn2","PMIOPort","","Side","Right"
"TransformerWithCTSaturationz_DISCONNECTED/CT1/Conn2","PMIOPort","","ConnectionType","Inherit: auto"
"TransformerWithCTSaturationz_DISCONNECTED/CT1/Out1","Outport","","Port","1"
"TransformerWithCTSaturationz_DISCONNECTED/CT1/Out1","Outport","","SignalObject","[]"
"TransformerWithCTSaturationz_DISCONNECTED/CT1/Out1","Outport","","StorageClass","Auto"
"TransformerWithCTSaturationz_DISCONNECTED/CT1/Out1","Outport","","IconDisplay","Port number"
"TransformerWithCTSaturationz_DISCONNECTED/CT1/Out1","Outport","","OutputFunctionCall","off"
"TransformerWithCTSaturationz_DISCONNECTED/CT1/Out1","Outport","","OutMin","[]"
"TransformerWithCTSaturationz_DISCONNECTED/CT1/Out1","Outport","","OutMax","[]"
"TransformerWithCTSaturationz_DISCONNECTED/CT1/Out1","Outport","","OutDataTypeStr","Inherit: auto"
"TransformerWithCTSaturationz_DISCONNECTED/CT1/Out1","Outport","","LockScale","off"
"TransformerWithCTSaturationz_DISCONNECTED/CT1/Out1","Outport","","BusOutputAsStruct","off"
"TransformerWithCTSaturationz_DISCONNECTED/CT1/Out1","Outport","","BusVirtuality","inherit"
"TransformerWithCTSaturationz_DISCONNECTED/CT1/Out1","Outport","","DataMode","inherit"
"TransformerWithCTSaturationz_DISCONNECTED/CT1/Out1","Outport","","Unit","inherit"
"TransformerWithCTSaturationz_DISCONNECTED/CT1/Out1","Outport","","PortDimensions","-1"
"TransformerWithCTSaturationz_DISCONNECTED/CT1/Out1","Outport","","VarSizeSig","Inherit"
"TransformerWithCTSaturationz_DISCONNECTED/CT1/Out1","Outport","","SampleTime","-1"
"TransformerWithCTSaturationz_DISCONNECTED/CT1/Out1","Outport","","SignalType","auto"
"TransformerWithCTSaturationz_DISCONNECTED/CT1/Out1","Outport","","EnsureOutportIsVirtual","off"
"TransformerWithCTSaturationz_DISCONNECTED/CT1/Out1","Outport","","SourceOfInitialOutputValue","Dialog"
"TransformerWithCTSaturationz_DISCONNECTED/CT1/Out1","Outport","","OutputWhenDisabled","held"
"TransformerWithCTSaturationz_DISCONNECTED/CT1/Out1","Outport","","InitialOutput","[]"
"TransformerWithCTSaturationz_DISCONNECTED/CT1/Out1","Outport","","MustResolveToSignalObject","off"
"TransformerWithCTSaturationz_DISCONNECTED/CT1/Out1","Outport","","OutputWhenUnConnected","off"
"TransformerWithCTSaturationz_DISCONNECTED/CT1/Out1","Outport","","OutputWhenUnconnectedValue","0"
"TransformerWithCTSaturationz_DISCONNECTED/CT1/Out1","Outport","","VectorParamsAs1DForOutWhenUnconnected","on"
"TransformerWithCTSaturationz_DISCONNECTED/CT2","SubSystem","","ShowPortLabels","FromPortIcon"
"TransformerWithCTSaturationz_DISCONNECTED/CT2","SubSystem","","Permissions","ReadWrite"
"TransformerWithCTSaturationz_DISCONNECTED/CT2","SubSystem","","PermitHierarchicalResolution","All"
"TransformerWithCTSaturationz_DISCONNECTED/CT2","SubSystem","","TreatAsAtomicUnit","off"
"TransformerWithCTSaturationz_DISCONNECTED/CT2","SubSystem","","ShowSubsystemReinitializePorts","off"
"TransformerWithCTSaturationz_DISCONNECTED/CT2","SubSystem","","MinAlgLoopOccurrences","off"
"TransformerWithCTSaturationz_DISCONNECTED/CT2","SubSystem","","ScheduleAs","Sample time"
"TransformerWithCTSaturationz_DISCONNECTED/CT2","SubSystem","","SystemSampleTime","-1"
"TransformerWithCTSaturationz_DISCONNECTED/CT2","SubSystem","","SetExecutionDomain","off"
"TransformerWithCTSaturationz_DISCONNECTED/CT2","SubSystem","","ExecutionDomainType","Deduce"
"TransformerWithCTSaturationz_DISCONNECTED/CT2","SubSystem","","RTWSystemCode","Auto"
"TransformerWithCTSaturationz_DISCONNECTED/CT2","SubSystem","","RTWFcnNameOpts","Auto"
"TransformerWithCTSaturationz_DISCONNECTED/CT2","SubSystem","","RTWFileNameOpts","Auto"
"TransformerWithCTSaturationz_DISCONNECTED/CT2","SubSystem","","FunctionInterfaceSpec","void_void"
"TransformerWithCTSaturationz_DISCONNECTED/CT2","SubSystem","","FunctionWithSeparateData","off"
"TransformerWithCTSaturationz_DISCONNECTED/CT2","SubSystem","","RTWMemSecFuncInitTerm","Inherit from model"
"TransformerWithCTSaturationz_DISCONNECTED/CT2","SubSystem","","RTWMemSecFuncExecute","Inherit from model"
"TransformerWithCTSaturationz_DISCONNECTED/CT2","SubSystem","","RTWMemSecDataConstants","Inherit from model"
"TransformerWithCTSaturationz_DISCONNECTED/CT2","SubSystem","","RTWMemSecDataInternal","Inherit from model"
"TransformerWithCTSaturationz_DISCONNECTED/CT2","SubSystem","","RTWMemSecDataParameters","Inherit from model"
"TransformerWithCTSaturationz_DISCONNECTED/CT2","SubSystem","","IsSubsystemVirtual","on"
"TransformerWithCTSaturationz_DISCONNECTED/CT2","SubSystem","","Variant","off"
"TransformerWithCTSaturationz_DISCONNECTED/CT2","SubSystem","","VariantChoices","[]"
"TransformerWithCTSaturationz_DISCONNECTED/CT2","SubSystem","","VariantControlMode","expression"
"TransformerWithCTSaturationz_DISCONNECTED/CT2","SubSystem","","VariantActivationTime","update diagram"
"TransformerWithCTSaturationz_DISCONNECTED/CT2","SubSystem","","AllowZeroVariantControls","off"
"TransformerWithCTSaturationz_DISCONNECTED/CT2","SubSystem","","PropagateVariantConditions","off"
"TransformerWithCTSaturationz_DISCONNECTED/CT2","SubSystem","","TreatAsGroupedWhenPropagatingVariantConditions","on"
"TransformerWithCTSaturationz_DISCONNECTED/CT2","SubSystem","","Latency","0"
"TransformerWithCTSaturationz_DISCONNECTED/CT2","SubSystem","","AutoFrameSizeCalculation","off"
"TransformerWithCTSaturationz_DISCONNECTED/CT2","SubSystem","","CompiledVariantActivationTime","update diagram"
"TransformerWithCTSaturationz_DISCONNECTED/CT2/1ohm","PMComponent","spsSeriesRLCBranchLib/Series RLC Branch","BranchType","R"
"TransformerWithCTSaturationz_DISCONNECTED/CT2/1ohm","PMComponent","spsSeriesRLCBranchLib/Series RLC Branch","Resistance","1"
"TransformerWithCTSaturationz_DISCONNECTED/CT2/1ohm","PMComponent","spsSeriesRLCBranchLib/Series RLC Branch","Inductance","[]"
"TransformerWithCTSaturationz_DISCONNECTED/CT2/1ohm","PMComponent","spsSeriesRLCBranchLib/Series RLC Branch","SetiL0","off"
"TransformerWithCTSaturationz_DISCONNECTED/CT2/1ohm","PMComponent","spsSeriesRLCBranchLib/Series RLC Branch","InitialCurrent","0"
"TransformerWithCTSaturationz_DISCONNECTED/CT2/1ohm","PMComponent","spsSeriesRLCBranchLib/Series RLC Branch","Capacitance","[]"
"TransformerWithCTSaturationz_DISCONNECTED/CT2/1ohm","PMComponent","spsSeriesRLCBranchLib/Series RLC Branch","Setx0","off"
"TransformerWithCTSaturationz_DISCONNECTED/CT2/1ohm","PMComponent","spsSeriesRLCBranchLib/Series RLC Branch","InitialVoltage","0"
"TransformerWithCTSaturationz_DISCONNECTED/CT2/1ohm","PMComponent","spsSeriesRLCBranchLib/Series RLC Branch","Measurements","None"
"TransformerWithCTSaturationz_DISCONNECTED/CT2/CT 2000//5 A
25 VA","SubSystem","spsSaturableTransformerLib/Saturable Transformer","ThreeWindings","off"
"TransformerWithCTSaturationz_DISCONNECTED/CT2/CT 2000//5 A
25 VA","SubSystem","spsSaturableTransformerLib/Saturable Transformer","Hysteresis","off"
"TransformerWithCTSaturationz_DISCONNECTED/CT2/CT 2000//5 A
25 VA","SubSystem","spsSaturableTransformerLib/Saturable Transformer","DataFile","'hysteresis'"
"TransformerWithCTSaturationz_DISCONNECTED/CT2/CT 2000//5 A
25 VA","SubSystem","spsSaturableTransformerLib/Saturable Transformer","Measurements","Flux and magnetization current ( Imag )"
"TransformerWithCTSaturationz_DISCONNECTED/CT2/CT 2000//5 A
25 VA","SubSystem","spsSaturableTransformerLib/Saturable Transformer","UNITS","pu"
"TransformerWithCTSaturationz_DISCONNECTED/CT2/CT 2000//5 A
25 VA","SubSystem","spsSaturableTransformerLib/Saturable Transformer","NominalPower","[25 50]"
"TransformerWithCTSaturationz_DISCONNECTED/CT2/CT 2000//5 A
25 VA","SubSystem","spsSaturableTransformerLib/Saturable Transformer","Winding1","[5*1/20 0.001 0.04]"
"TransformerWithCTSaturationz_DISCONNECTED/CT2/CT 2000//5 A
25 VA","SubSystem","spsSaturableTransformerLib/Saturable Transformer","Winding2","[5 0.001 0.04 ]"
"TransformerWithCTSaturationz_DISCONNECTED/CT2/CT 2000//5 A
25 VA","SubSystem","spsSaturableTransformerLib/Saturable Transformer","Winding3","[5 0.001 0.04 ]"
"TransformerWithCTSaturationz_DISCONNECTED/CT2/CT 2000//5 A
25 VA","SubSystem","spsSaturableTransformerLib/Saturable Transformer","Saturation","[0 0 ; 0.01 10 ; 1 10.5]"
"TransformerWithCTSaturationz_DISCONNECTED/CT2/CT 2000//5 A
25 VA","SubSystem","spsSaturableTransformerLib/Saturable Transformer","CoreLoss","[100]"
"TransformerWithCTSaturationz_DISCONNECTED/CT2/CT 2000//5 A
25 VA","SubSystem","spsSaturableTransformerLib/Saturable Transformer","BreakLoop","off"
"TransformerWithCTSaturationz_DISCONNECTED/CT2/CT 2000//5 A
25 VA","SubSystem","spsSaturableTransformerLib/Saturable Transformer","DiscreteSolver","Trapezoidal iterative"
"TransformerWithCTSaturationz_DISCONNECTED/CT2/CT 2000//5 A
25 VA","SubSystem","spsSaturableTransformerLib/Saturable Transformer","DataType","off"
"TransformerWithCTSaturationz_DISCONNECTED/CT2/CT 2000//5 A
25 VA","SubSystem","spsSaturableTransformerLib/Saturable Transformer","InitialFlux","7.75814969445124e-05"
"TransformerWithCTSaturationz_DISCONNECTED/CT2/CT 2000//5 A
25 VA","SubSystem","spsSaturableTransformerLib/Saturable Transformer","TransfoNumber","1"
"TransformerWithCTSaturationz_DISCONNECTED/CT2/I2","SubSystem","spsCurrentMeasurementLib/Current Measurement","PhasorSimulation","off"
"TransformerWithCTSaturationz_DISCONNECTED/CT2/I2","SubSystem","spsCurrentMeasurementLib/Current Measurement","OutputType","Magnitude"
"TransformerWithCTSaturationz_DISCONNECTED/CT2/I2","SubSystem","spsCurrentMeasurementLib/Current Measurement","PSBequivalent","0"
"TransformerWithCTSaturationz_DISCONNECTED/CT2/Conn1","PMIOPort","","Port","1"
"TransformerWithCTSaturationz_DISCONNECTED/CT2/Conn1","PMIOPort","","Side","Left"
"TransformerWithCTSaturationz_DISCONNECTED/CT2/Conn1","PMIOPort","","ConnectionType","Inherit: auto"
"TransformerWithCTSaturationz_DISCONNECTED/CT2/Conn2","PMIOPort","","Port","2"
"TransformerWithCTSaturationz_DISCONNECTED/CT2/Conn2","PMIOPort","","Side","Right"
"TransformerWithCTSaturationz_DISCONNECTED/CT2/Conn2","PMIOPort","","ConnectionType","Inherit: auto"
"TransformerWithCTSaturationz_DISCONNECTED/CT2/Out1","Outport","","Port","1"
"TransformerWithCTSaturationz_DISCONNECTED/CT2/Out1","Outport","","SignalObject","[]"
"TransformerWithCTSaturationz_DISCONNECTED/CT2/Out1","Outport","","StorageClass","Auto"
"TransformerWithCTSaturationz_DISCONNECTED/CT2/Out1","Outport","","IconDisplay","Port number"
"TransformerWithCTSaturationz_DISCONNECTED/CT2/Out1","Outport","","OutputFunctionCall","off"
"TransformerWithCTSaturationz_DISCONNECTED/CT2/Out1","Outport","","OutMin","[]"
"TransformerWithCTSaturationz_DISCONNECTED/CT2/Out1","Outport","","OutMax","[]"
"TransformerWithCTSaturationz_DISCONNECTED/CT2/Out1","Outport","","OutDataTypeStr","Inherit: auto"
"TransformerWithCTSaturationz_DISCONNECTED/CT2/Out1","Outport","","LockScale","off"
"TransformerWithCTSaturationz_DISCONNECTED/CT2/Out1","Outport","","BusOutputAsStruct","off"
"TransformerWithCTSaturationz_DISCONNECTED/CT2/Out1","Outport","","BusVirtuality","inherit"
"TransformerWithCTSaturationz_DISCONNECTED/CT2/Out1","Outport","","DataMode","inherit"
"TransformerWithCTSaturationz_DISCONNECTED/CT2/Out1","Outport","","Unit","inherit"
"TransformerWithCTSaturationz_DISCONNECTED/CT2/Out1","Outport","","PortDimensions","-1"
"TransformerWithCTSaturationz_DISCONNECTED/CT2/Out1","Outport","","VarSizeSig","Inherit"
"TransformerWithCTSaturationz_DISCONNECTED/CT2/Out1","Outport","","SampleTime","-1"
"TransformerWithCTSaturationz_DISCONNECTED/CT2/Out1","Outport","","SignalType","auto"
"TransformerWithCTSaturationz_DISCONNECTED/CT2/Out1","Outport","","EnsureOutportIsVirtual","off"
"TransformerWithCTSaturationz_DISCONNECTED/CT2/Out1","Outport","","SourceOfInitialOutputValue","Dialog"
"TransformerWithCTSaturationz_DISCONNECTED/CT2/Out1","Outport","","OutputWhenDisabled","held"
"TransformerWithCTSaturationz_DISCONNECTED/CT2/Out1","Outport","","InitialOutput","[]"
"TransformerWithCTSaturationz_DISCONNECTED/CT2/Out1","Outport","","MustResolveToSignalObject","off"
"TransformerWithCTSaturationz_DISCONNECTED/CT2/Out1","Outport","","OutputWhenUnConnected","off"
"TransformerWithCTSaturationz_DISCONNECTED/CT2/Out1","Outport","","OutputWhenUnconnectedValue","0"
"TransformerWithCTSaturationz_DISCONNECTED/CT2/Out1","Outport","","VectorParamsAs1DForOutWhenUnconnected","on"
"TransformerWithCTSaturationz_DISCONNECTED/CT3","SubSystem","","ShowPortLabels","FromPortIcon"
"TransformerWithCTSaturationz_DISCONNECTED/CT3","SubSystem","","Permissions","ReadWrite"
"TransformerWithCTSaturationz_DISCONNECTED/CT3","SubSystem","","PermitHierarchicalResolution","All"
"TransformerWithCTSaturationz_DISCONNECTED/CT3","SubSystem","","TreatAsAtomicUnit","off"
"TransformerWithCTSaturationz_DISCONNECTED/CT3","SubSystem","","ShowSubsystemReinitializePorts","off"
"TransformerWithCTSaturationz_DISCONNECTED/CT3","SubSystem","","MinAlgLoopOccurrences","off"
"TransformerWithCTSaturationz_DISCONNECTED/CT3","SubSystem","","ScheduleAs","Sample time"
"TransformerWithCTSaturationz_DISCONNECTED/CT3","SubSystem","","SystemSampleTime","-1"
"TransformerWithCTSaturationz_DISCONNECTED/CT3","SubSystem","","SetExecutionDomain","off"
"TransformerWithCTSaturationz_DISCONNECTED/CT3","SubSystem","","ExecutionDomainType","Deduce"
"TransformerWithCTSaturationz_DISCONNECTED/CT3","SubSystem","","RTWSystemCode","Auto"
"TransformerWithCTSaturationz_DISCONNECTED/CT3","SubSystem","","RTWFcnNameOpts","Auto"
"TransformerWithCTSaturationz_DISCONNECTED/CT3","SubSystem","","RTWFileNameOpts","Auto"
"TransformerWithCTSaturationz_DISCONNECTED/CT3","SubSystem","","FunctionInterfaceSpec","void_void"
"TransformerWithCTSaturationz_DISCONNECTED/CT3","SubSystem","","FunctionWithSeparateData","off"
"TransformerWithCTSaturationz_DISCONNECTED/CT3","SubSystem","","RTWMemSecFuncInitTerm","Inherit from model"
"TransformerWithCTSaturationz_DISCONNECTED/CT3","SubSystem","","RTWMemSecFuncExecute","Inherit from model"
"TransformerWithCTSaturationz_DISCONNECTED/CT3","SubSystem","","RTWMemSecDataConstants","Inherit from model"
"TransformerWithCTSaturationz_DISCONNECTED/CT3","SubSystem","","RTWMemSecDataInternal","Inherit from model"
"TransformerWithCTSaturationz_DISCONNECTED/CT3","SubSystem","","RTWMemSecDataParameters","Inherit from model"
"TransformerWithCTSaturationz_DISCONNECTED/CT3","SubSystem","","IsSubsystemVirtual","on"
"TransformerWithCTSaturationz_DISCONNECTED/CT3","SubSystem","","Variant","off"
"TransformerWithCTSaturationz_DISCONNECTED/CT3","SubSystem","","VariantChoices","[]"
"TransformerWithCTSaturationz_DISCONNECTED/CT3","SubSystem","","VariantControlMode","expression"
"TransformerWithCTSaturationz_DISCONNECTED/CT3","SubSystem","","VariantActivationTime","update diagram"
"TransformerWithCTSaturationz_DISCONNECTED/CT3","SubSystem","","AllowZeroVariantControls","off"
"TransformerWithCTSaturationz_DISCONNECTED/CT3","SubSystem","","PropagateVariantConditions","off"
"TransformerWithCTSaturationz_DISCONNECTED/CT3","SubSystem","","TreatAsGroupedWhenPropagatingVariantConditions","on"
"TransformerWithCTSaturationz_DISCONNECTED/CT3","SubSystem","","Latency","0"
"TransformerWithCTSaturationz_DISCONNECTED/CT3","SubSystem","","AutoFrameSizeCalculation","off"
"TransformerWithCTSaturationz_DISCONNECTED/CT3","SubSystem","","CompiledVariantActivationTime","update diagram"
"TransformerWithCTSaturationz_DISCONNECTED/CT3/1ohm","PMComponent","spsSeriesRLCBranchLib/Series RLC Branch","BranchType","R"
"TransformerWithCTSaturationz_DISCONNECTED/CT3/1ohm","PMComponent","spsSeriesRLCBranchLib/Series RLC Branch","Resistance","1"
"TransformerWithCTSaturationz_DISCONNECTED/CT3/1ohm","PMComponent","spsSeriesRLCBranchLib/Series RLC Branch","Inductance","[]"
"TransformerWithCTSaturationz_DISCONNECTED/CT3/1ohm","PMComponent","spsSeriesRLCBranchLib/Series RLC Branch","SetiL0","off"
"TransformerWithCTSaturationz_DISCONNECTED/CT3/1ohm","PMComponent","spsSeriesRLCBranchLib/Series RLC Branch","InitialCurrent","0"
"TransformerWithCTSaturationz_DISCONNECTED/CT3/1ohm","PMComponent","spsSeriesRLCBranchLib/Series RLC Branch","Capacitance","[]"
"TransformerWithCTSaturationz_DISCONNECTED/CT3/1ohm","PMComponent","spsSeriesRLCBranchLib/Series RLC Branch","Setx0","off"
"TransformerWithCTSaturationz_DISCONNECTED/CT3/1ohm","PMComponent","spsSeriesRLCBranchLib/Series RLC Branch","InitialVoltage","0"
"TransformerWithCTSaturationz_DISCONNECTED/CT3/1ohm","PMComponent","spsSeriesRLCBranchLib/Series RLC Branch","Measurements","None"
"TransformerWithCTSaturationz_DISCONNECTED/CT3/CT 2000//5 A
25 VA","SubSystem","spsSaturableTransformerLib/Saturable Transformer","ThreeWindings","off"
"TransformerWithCTSaturationz_DISCONNECTED/CT3/CT 2000//5 A
25 VA","SubSystem","spsSaturableTransformerLib/Saturable Transformer","Hysteresis","off"
"TransformerWithCTSaturationz_DISCONNECTED/CT3/CT 2000//5 A
25 VA","SubSystem","spsSaturableTransformerLib/Saturable Transformer","DataFile","'hysteresis'"
"TransformerWithCTSaturationz_DISCONNECTED/CT3/CT 2000//5 A
25 VA","SubSystem","spsSaturableTransformerLib/Saturable Transformer","Measurements","Flux and magnetization current ( Imag )"
"TransformerWithCTSaturationz_DISCONNECTED/CT3/CT 2000//5 A
25 VA","SubSystem","spsSaturableTransformerLib/Saturable Transformer","UNITS","pu"
"TransformerWithCTSaturationz_DISCONNECTED/CT3/CT 2000//5 A
25 VA","SubSystem","spsSaturableTransformerLib/Saturable Transformer","NominalPower","[25 50]"
"TransformerWithCTSaturationz_DISCONNECTED/CT3/CT 2000//5 A
25 VA","SubSystem","spsSaturableTransformerLib/Saturable Transformer","Winding1","[5*1/500 0.001 0.04]"
"TransformerWithCTSaturationz_DISCONNECTED/CT3/CT 2000//5 A
25 VA","SubSystem","spsSaturableTransformerLib/Saturable Transformer","Winding2","[5 0.001 0.04 ]"
"TransformerWithCTSaturationz_DISCONNECTED/CT3/CT 2000//5 A
25 VA","SubSystem","spsSaturableTransformerLib/Saturable Transformer","Winding3","[5 0.001 0.04 ]"
"TransformerWithCTSaturationz_DISCONNECTED/CT3/CT 2000//5 A
25 VA","SubSystem","spsSaturableTransformerLib/Saturable Transformer","Saturation","[0 0 ; 0.01 10 ; 1 10.5]"
"TransformerWithCTSaturationz_DISCONNECTED/CT3/CT 2000//5 A
25 VA","SubSystem","spsSaturableTransformerLib/Saturable Transformer","CoreLoss","[100]"
"TransformerWithCTSaturationz_DISCONNECTED/CT3/CT 2000//5 A
25 VA","SubSystem","spsSaturableTransformerLib/Saturable Transformer","BreakLoop","off"
"TransformerWithCTSaturationz_DISCONNECTED/CT3/CT 2000//5 A
25 VA","SubSystem","spsSaturableTransformerLib/Saturable Transformer","DiscreteSolver","Trapezoidal iterative"
"TransformerWithCTSaturationz_DISCONNECTED/CT3/CT 2000//5 A
25 VA","SubSystem","spsSaturableTransformerLib/Saturable Transformer","DataType","off"
"TransformerWithCTSaturationz_DISCONNECTED/CT3/CT 2000//5 A
25 VA","SubSystem","spsSaturableTransformerLib/Saturable Transformer","InitialFlux","3.88081416677833e-06"
"TransformerWithCTSaturationz_DISCONNECTED/CT3/CT 2000//5 A
25 VA","SubSystem","spsSaturableTransformerLib/Saturable Transformer","TransfoNumber","1"
"TransformerWithCTSaturationz_DISCONNECTED/CT3/I2","SubSystem","spsCurrentMeasurementLib/Current Measurement","PhasorSimulation","off"
"TransformerWithCTSaturationz_DISCONNECTED/CT3/I2","SubSystem","spsCurrentMeasurementLib/Current Measurement","OutputType","Magnitude"
"TransformerWithCTSaturationz_DISCONNECTED/CT3/I2","SubSystem","spsCurrentMeasurementLib/Current Measurement","PSBequivalent","0"
"TransformerWithCTSaturationz_DISCONNECTED/CT3/Conn1","PMIOPort","","Port","1"
"TransformerWithCTSaturationz_DISCONNECTED/CT3/Conn1","PMIOPort","","Side","Left"
"TransformerWithCTSaturationz_DISCONNECTED/CT3/Conn1","PMIOPort","","ConnectionType","Inherit: auto"
"TransformerWithCTSaturationz_DISCONNECTED/CT3/Conn2","PMIOPort","","Port","2"
"TransformerWithCTSaturationz_DISCONNECTED/CT3/Conn2","PMIOPort","","Side","Right"
"TransformerWithCTSaturationz_DISCONNECTED/CT3/Conn2","PMIOPort","","ConnectionType","Inherit: auto"
"TransformerWithCTSaturationz_DISCONNECTED/CT3/Out1","Outport","","Port","1"
"TransformerWithCTSaturationz_DISCONNECTED/CT3/Out1","Outport","","SignalObject","[]"
"TransformerWithCTSaturationz_DISCONNECTED/CT3/Out1","Outport","","StorageClass","Auto"
"TransformerWithCTSaturationz_DISCONNECTED/CT3/Out1","Outport","","IconDisplay","Port number"
"TransformerWithCTSaturationz_DISCONNECTED/CT3/Out1","Outport","","OutputFunctionCall","off"
"TransformerWithCTSaturationz_DISCONNECTED/CT3/Out1","Outport","","OutMin","[]"
"TransformerWithCTSaturationz_DISCONNECTED/CT3/Out1","Outport","","OutMax","[]"
"TransformerWithCTSaturationz_DISCONNECTED/CT3/Out1","Outport","","OutDataTypeStr","Inherit: auto"
"TransformerWithCTSaturationz_DISCONNECTED/CT3/Out1","Outport","","LockScale","off"
"TransformerWithCTSaturationz_DISCONNECTED/CT3/Out1","Outport","","BusOutputAsStruct","off"
"TransformerWithCTSaturationz_DISCONNECTED/CT3/Out1","Outport","","BusVirtuality","inherit"
"TransformerWithCTSaturationz_DISCONNECTED/CT3/Out1","Outport","","DataMode","inherit"
"TransformerWithCTSaturationz_DISCONNECTED/CT3/Out1","Outport","","Unit","inherit"
"TransformerWithCTSaturationz_DISCONNECTED/CT3/Out1","Outport","","PortDimensions","-1"
"TransformerWithCTSaturationz_DISCONNECTED/CT3/Out1","Outport","","VarSizeSig","Inherit"
"TransformerWithCTSaturationz_DISCONNECTED/CT3/Out1","Outport","","SampleTime","-1"
"TransformerWithCTSaturationz_DISCONNECTED/CT3/Out1","Outport","","SignalType","auto"
"TransformerWithCTSaturationz_DISCONNECTED/CT3/Out1","Outport","","EnsureOutportIsVirtual","off"
"TransformerWithCTSaturationz_DISCONNECTED/CT3/Out1","Outport","","SourceOfInitialOutputValue","Dialog"
"TransformerWithCTSaturationz_DISCONNECTED/CT3/Out1","Outport","","OutputWhenDisabled","held"
"TransformerWithCTSaturationz_DISCONNECTED/CT3/Out1","Outport","","InitialOutput","[]"
"TransformerWithCTSaturationz_DISCONNECTED/CT3/Out1","Outport","","MustResolveToSignalObject","off"
"TransformerWithCTSaturationz_DISCONNECTED/CT3/Out1","Outport","","OutputWhenUnConnected","off"
"TransformerWithCTSaturationz_DISCONNECTED/CT3/Out1","Outport","","OutputWhenUnconnectedValue","0"
"TransformerWithCTSaturationz_DISCONNECTED/CT3/Out1","Outport","","VectorParamsAs1DForOutWhenUnconnected","on"
"TransformerWithCTSaturationz_DISCONNECTED/CT4","SubSystem","","ShowPortLabels","FromPortIcon"
"TransformerWithCTSaturationz_DISCONNECTED/CT4","SubSystem","","Permissions","ReadWrite"
"TransformerWithCTSaturationz_DISCONNECTED/CT4","SubSystem","","PermitHierarchicalResolution","All"
"TransformerWithCTSaturationz_DISCONNECTED/CT4","SubSystem","","TreatAsAtomicUnit","off"
"TransformerWithCTSaturationz_DISCONNECTED/CT4","SubSystem","","ShowSubsystemReinitializePorts","off"
"TransformerWithCTSaturationz_DISCONNECTED/CT4","SubSystem","","MinAlgLoopOccurrences","off"
"TransformerWithCTSaturationz_DISCONNECTED/CT4","SubSystem","","ScheduleAs","Sample time"
"TransformerWithCTSaturationz_DISCONNECTED/CT4","SubSystem","","SystemSampleTime","-1"
"TransformerWithCTSaturationz_DISCONNECTED/CT4","SubSystem","","SetExecutionDomain","off"
"TransformerWithCTSaturationz_DISCONNECTED/CT4","SubSystem","","ExecutionDomainType","Deduce"
"TransformerWithCTSaturationz_DISCONNECTED/CT4","SubSystem","","RTWSystemCode","Auto"
"TransformerWithCTSaturationz_DISCONNECTED/CT4","SubSystem","","RTWFcnNameOpts","Auto"
"TransformerWithCTSaturationz_DISCONNECTED/CT4","SubSystem","","RTWFileNameOpts","Auto"
"TransformerWithCTSaturationz_DISCONNECTED/CT4","SubSystem","","FunctionInterfaceSpec","void_void"
"TransformerWithCTSaturationz_DISCONNECTED/CT4","SubSystem","","FunctionWithSeparateData","off"
"TransformerWithCTSaturationz_DISCONNECTED/CT4","SubSystem","","RTWMemSecFuncInitTerm","Inherit from model"
"TransformerWithCTSaturationz_DISCONNECTED/CT4","SubSystem","","RTWMemSecFuncExecute","Inherit from model"
"TransformerWithCTSaturationz_DISCONNECTED/CT4","SubSystem","","RTWMemSecDataConstants","Inherit from model"
"TransformerWithCTSaturationz_DISCONNECTED/CT4","SubSystem","","RTWMemSecDataInternal","Inherit from model"
"TransformerWithCTSaturationz_DISCONNECTED/CT4","SubSystem","","RTWMemSecDataParameters","Inherit from model"
"TransformerWithCTSaturationz_DISCONNECTED/CT4","SubSystem","","IsSubsystemVirtual","on"
"TransformerWithCTSaturationz_DISCONNECTED/CT4","SubSystem","","Variant","off"
"TransformerWithCTSaturationz_DISCONNECTED/CT4","SubSystem","","VariantChoices","[]"
"TransformerWithCTSaturationz_DISCONNECTED/CT4","SubSystem","","VariantControlMode","expression"
"TransformerWithCTSaturationz_DISCONNECTED/CT4","SubSystem","","VariantActivationTime","update diagram"
"TransformerWithCTSaturationz_DISCONNECTED/CT4","SubSystem","","AllowZeroVariantControls","off"
"TransformerWithCTSaturationz_DISCONNECTED/CT4","SubSystem","","PropagateVariantConditions","off"
"TransformerWithCTSaturationz_DISCONNECTED/CT4","SubSystem","","TreatAsGroupedWhenPropagatingVariantConditions","on"
"TransformerWithCTSaturationz_DISCONNECTED/CT4","SubSystem","","Latency","0"
"TransformerWithCTSaturationz_DISCONNECTED/CT4","SubSystem","","AutoFrameSizeCalculation","off"
"TransformerWithCTSaturationz_DISCONNECTED/CT4","SubSystem","","CompiledVariantActivationTime","update diagram"
"TransformerWithCTSaturationz_DISCONNECTED/CT4/1ohm","PMComponent","spsSeriesRLCBranchLib/Series RLC Branch","BranchType","R"
"TransformerWithCTSaturationz_DISCONNECTED/CT4/1ohm","PMComponent","spsSeriesRLCBranchLib/Series RLC Branch","Resistance","1"
"TransformerWithCTSaturationz_DISCONNECTED/CT4/1ohm","PMComponent","spsSeriesRLCBranchLib/Series RLC Branch","Inductance","[]"
"TransformerWithCTSaturationz_DISCONNECTED/CT4/1ohm","PMComponent","spsSeriesRLCBranchLib/Series RLC Branch","SetiL0","off"
"TransformerWithCTSaturationz_DISCONNECTED/CT4/1ohm","PMComponent","spsSeriesRLCBranchLib/Series RLC Branch","InitialCurrent","0"
"TransformerWithCTSaturationz_DISCONNECTED/CT4/1ohm","PMComponent","spsSeriesRLCBranchLib/Series RLC Branch","Capacitance","[]"
"TransformerWithCTSaturationz_DISCONNECTED/CT4/1ohm","PMComponent","spsSeriesRLCBranchLib/Series RLC Branch","Setx0","off"
"TransformerWithCTSaturationz_DISCONNECTED/CT4/1ohm","PMComponent","spsSeriesRLCBranchLib/Series RLC Branch","InitialVoltage","0"
"TransformerWithCTSaturationz_DISCONNECTED/CT4/1ohm","PMComponent","spsSeriesRLCBranchLib/Series RLC Branch","Measurements","None"
"TransformerWithCTSaturationz_DISCONNECTED/CT4/CT 2000//5 A
25 VA","SubSystem","spsSaturableTransformerLib/Saturable Transformer","ThreeWindings","off"
"TransformerWithCTSaturationz_DISCONNECTED/CT4/CT 2000//5 A
25 VA","SubSystem","spsSaturableTransformerLib/Saturable Transformer","Hysteresis","off"
"TransformerWithCTSaturationz_DISCONNECTED/CT4/CT 2000//5 A
25 VA","SubSystem","spsSaturableTransformerLib/Saturable Transformer","DataFile","'hysteresis'"
"TransformerWithCTSaturationz_DISCONNECTED/CT4/CT 2000//5 A
25 VA","SubSystem","spsSaturableTransformerLib/Saturable Transformer","Measurements","Flux and magnetization current ( Imag )"
"TransformerWithCTSaturationz_DISCONNECTED/CT4/CT 2000//5 A
25 VA","SubSystem","spsSaturableTransformerLib/Saturable Transformer","UNITS","pu"
"TransformerWithCTSaturationz_DISCONNECTED/CT4/CT 2000//5 A
25 VA","SubSystem","spsSaturableTransformerLib/Saturable Transformer","NominalPower","[25 50]"
"TransformerWithCTSaturationz_DISCONNECTED/CT4/CT 2000//5 A
25 VA","SubSystem","spsSaturableTransformerLib/Saturable Transformer","Winding1","[5*1/500 0.001 0.04]"
"TransformerWithCTSaturationz_DISCONNECTED/CT4/CT 2000//5 A
25 VA","SubSystem","spsSaturableTransformerLib/Saturable Transformer","Winding2","[5 0.001 0.04 ]"
"TransformerWithCTSaturationz_DISCONNECTED/CT4/CT 2000//5 A
25 VA","SubSystem","spsSaturableTransformerLib/Saturable Transformer","Winding3","[5 0.001 0.04 ]"
"TransformerWithCTSaturationz_DISCONNECTED/CT4/CT 2000//5 A
25 VA","SubSystem","spsSaturableTransformerLib/Saturable Transformer","Saturation","[0 0 ; 0.01 10 ; 1 10.5]"
"TransformerWithCTSaturationz_DISCONNECTED/CT4/CT 2000//5 A
25 VA","SubSystem","spsSaturableTransformerLib/Saturable Transformer","CoreLoss","[100]"
"TransformerWithCTSaturationz_DISCONNECTED/CT4/CT 2000//5 A
25 VA","SubSystem","spsSaturableTransformerLib/Saturable Transformer","BreakLoop","off"
"TransformerWithCTSaturationz_DISCONNECTED/CT4/CT 2000//5 A
25 VA","SubSystem","spsSaturableTransformerLib/Saturable Transformer","DiscreteSolver","Trapezoidal iterative"
"TransformerWithCTSaturationz_DISCONNECTED/CT4/CT 2000//5 A
25 VA","SubSystem","spsSaturableTransformerLib/Saturable Transformer","DataType","off"
"TransformerWithCTSaturationz_DISCONNECTED/CT4/CT 2000//5 A
25 VA","SubSystem","spsSaturableTransformerLib/Saturable Transformer","InitialFlux","-4.05875152771076e-06"
"TransformerWithCTSaturationz_DISCONNECTED/CT4/CT 2000//5 A
25 VA","SubSystem","spsSaturableTransformerLib/Saturable Transformer","TransfoNumber","1"
"TransformerWithCTSaturationz_DISCONNECTED/CT4/I2","SubSystem","spsCurrentMeasurementLib/Current Measurement","PhasorSimulation","off"
"TransformerWithCTSaturationz_DISCONNECTED/CT4/I2","SubSystem","spsCurrentMeasurementLib/Current Measurement","OutputType","Magnitude"
"TransformerWithCTSaturationz_DISCONNECTED/CT4/I2","SubSystem","spsCurrentMeasurementLib/Current Measurement","PSBequivalent","0"
"TransformerWithCTSaturationz_DISCONNECTED/CT4/Conn1","PMIOPort","","Port","1"
"TransformerWithCTSaturationz_DISCONNECTED/CT4/Conn1","PMIOPort","","Side","Left"
"TransformerWithCTSaturationz_DISCONNECTED/CT4/Conn1","PMIOPort","","ConnectionType","Inherit: auto"
"TransformerWithCTSaturationz_DISCONNECTED/CT4/Conn2","PMIOPort","","Port","2"
"TransformerWithCTSaturationz_DISCONNECTED/CT4/Conn2","PMIOPort","","Side","Right"
"TransformerWithCTSaturationz_DISCONNECTED/CT4/Conn2","PMIOPort","","ConnectionType","Inherit: auto"
"TransformerWithCTSaturationz_DISCONNECTED/CT4/Out1","Outport","","Port","1"
"TransformerWithCTSaturationz_DISCONNECTED/CT4/Out1","Outport","","SignalObject","[]"
"TransformerWithCTSaturationz_DISCONNECTED/CT4/Out1","Outport","","StorageClass","Auto"
"TransformerWithCTSaturationz_DISCONNECTED/CT4/Out1","Outport","","IconDisplay","Port number"
"TransformerWithCTSaturationz_DISCONNECTED/CT4/Out1","Outport","","OutputFunctionCall","off"
"TransformerWithCTSaturationz_DISCONNECTED/CT4/Out1","Outport","","OutMin","[]"
"TransformerWithCTSaturationz_DISCONNECTED/CT4/Out1","Outport","","OutMax","[]"
"TransformerWithCTSaturationz_DISCONNECTED/CT4/Out1","Outport","","OutDataTypeStr","Inherit: auto"
"TransformerWithCTSaturationz_DISCONNECTED/CT4/Out1","Outport","","LockScale","off"
"TransformerWithCTSaturationz_DISCONNECTED/CT4/Out1","Outport","","BusOutputAsStruct","off"
"TransformerWithCTSaturationz_DISCONNECTED/CT4/Out1","Outport","","BusVirtuality","inherit"
"TransformerWithCTSaturationz_DISCONNECTED/CT4/Out1","Outport","","DataMode","inherit"
"TransformerWithCTSaturationz_DISCONNECTED/CT4/Out1","Outport","","Unit","inherit"
"TransformerWithCTSaturationz_DISCONNECTED/CT4/Out1","Outport","","PortDimensions","-1"
"TransformerWithCTSaturationz_DISCONNECTED/CT4/Out1","Outport","","VarSizeSig","Inherit"
"TransformerWithCTSaturationz_DISCONNECTED/CT4/Out1","Outport","","SampleTime","-1"
"TransformerWithCTSaturationz_DISCONNECTED/CT4/Out1","Outport","","SignalType","auto"
"TransformerWithCTSaturationz_DISCONNECTED/CT4/Out1","Outport","","EnsureOutportIsVirtual","off"
"TransformerWithCTSaturationz_DISCONNECTED/CT4/Out1","Outport","","SourceOfInitialOutputValue","Dialog"
"TransformerWithCTSaturationz_DISCONNECTED/CT4/Out1","Outport","","OutputWhenDisabled","held"
"TransformerWithCTSaturationz_DISCONNECTED/CT4/Out1","Outport","","InitialOutput","[]"
"TransformerWithCTSaturationz_DISCONNECTED/CT4/Out1","Outport","","MustResolveToSignalObject","off"
"TransformerWithCTSaturationz_DISCONNECTED/CT4/Out1","Outport","","OutputWhenUnConnected","off"
"TransformerWithCTSaturationz_DISCONNECTED/CT4/Out1","Outport","","OutputWhenUnconnectedValue","0"
"TransformerWithCTSaturationz_DISCONNECTED/CT4/Out1","Outport","","VectorParamsAs1DForOutWhenUnconnected","on"
"TransformerWithCTSaturationz_DISCONNECTED/CT6","SubSystem","","ShowPortLabels","FromPortIcon"
"TransformerWithCTSaturationz_DISCONNECTED/CT6","SubSystem","","Permissions","ReadWrite"
"TransformerWithCTSaturationz_DISCONNECTED/CT6","SubSystem","","PermitHierarchicalResolution","All"
"TransformerWithCTSaturationz_DISCONNECTED/CT6","SubSystem","","TreatAsAtomicUnit","off"
"TransformerWithCTSaturationz_DISCONNECTED/CT6","SubSystem","","ShowSubsystemReinitializePorts","off"
"TransformerWithCTSaturationz_DISCONNECTED/CT6","SubSystem","","MinAlgLoopOccurrences","off"
"TransformerWithCTSaturationz_DISCONNECTED/CT6","SubSystem","","ScheduleAs","Sample time"
"TransformerWithCTSaturationz_DISCONNECTED/CT6","SubSystem","","SystemSampleTime","-1"
"TransformerWithCTSaturationz_DISCONNECTED/CT6","SubSystem","","SetExecutionDomain","off"
"TransformerWithCTSaturationz_DISCONNECTED/CT6","SubSystem","","ExecutionDomainType","Deduce"
"TransformerWithCTSaturationz_DISCONNECTED/CT6","SubSystem","","RTWSystemCode","Auto"
"TransformerWithCTSaturationz_DISCONNECTED/CT6","SubSystem","","RTWFcnNameOpts","Auto"
"TransformerWithCTSaturationz_DISCONNECTED/CT6","SubSystem","","RTWFileNameOpts","Auto"
"TransformerWithCTSaturationz_DISCONNECTED/CT6","SubSystem","","FunctionInterfaceSpec","void_void"
"TransformerWithCTSaturationz_DISCONNECTED/CT6","SubSystem","","FunctionWithSeparateData","off"
"TransformerWithCTSaturationz_DISCONNECTED/CT6","SubSystem","","RTWMemSecFuncInitTerm","Inherit from model"
"TransformerWithCTSaturationz_DISCONNECTED/CT6","SubSystem","","RTWMemSecFuncExecute","Inherit from model"
"TransformerWithCTSaturationz_DISCONNECTED/CT6","SubSystem","","RTWMemSecDataConstants","Inherit from model"
"TransformerWithCTSaturationz_DISCONNECTED/CT6","SubSystem","","RTWMemSecDataInternal","Inherit from model"
"TransformerWithCTSaturationz_DISCONNECTED/CT6","SubSystem","","RTWMemSecDataParameters","Inherit from model"
"TransformerWithCTSaturationz_DISCONNECTED/CT6","SubSystem","","IsSubsystemVirtual","on"
"TransformerWithCTSaturationz_DISCONNECTED/CT6","SubSystem","","Variant","off"
"TransformerWithCTSaturationz_DISCONNECTED/CT6","SubSystem","","VariantChoices","[]"
"TransformerWithCTSaturationz_DISCONNECTED/CT6","SubSystem","","VariantControlMode","expression"
"TransformerWithCTSaturationz_DISCONNECTED/CT6","SubSystem","","VariantActivationTime","update diagram"
"TransformerWithCTSaturationz_DISCONNECTED/CT6","SubSystem","","AllowZeroVariantControls","off"
"TransformerWithCTSaturationz_DISCONNECTED/CT6","SubSystem","","PropagateVariantConditions","off"
"TransformerWithCTSaturationz_DISCONNECTED/CT6","SubSystem","","TreatAsGroupedWhenPropagatingVariantConditions","on"
"TransformerWithCTSaturationz_DISCONNECTED/CT6","SubSystem","","Latency","0"
"TransformerWithCTSaturationz_DISCONNECTED/CT6","SubSystem","","AutoFrameSizeCalculation","off"
"TransformerWithCTSaturationz_DISCONNECTED/CT6","SubSystem","","CompiledVariantActivationTime","update diagram"
"TransformerWithCTSaturationz_DISCONNECTED/CT6/1ohm","PMComponent","spsSeriesRLCBranchLib/Series RLC Branch","BranchType","R"
"TransformerWithCTSaturationz_DISCONNECTED/CT6/1ohm","PMComponent","spsSeriesRLCBranchLib/Series RLC Branch","Resistance","1"
"TransformerWithCTSaturationz_DISCONNECTED/CT6/1ohm","PMComponent","spsSeriesRLCBranchLib/Series RLC Branch","Inductance","[]"
"TransformerWithCTSaturationz_DISCONNECTED/CT6/1ohm","PMComponent","spsSeriesRLCBranchLib/Series RLC Branch","SetiL0","off"
"TransformerWithCTSaturationz_DISCONNECTED/CT6/1ohm","PMComponent","spsSeriesRLCBranchLib/Series RLC Branch","InitialCurrent","0"
"TransformerWithCTSaturationz_DISCONNECTED/CT6/1ohm","PMComponent","spsSeriesRLCBranchLib/Series RLC Branch","Capacitance","[]"
"TransformerWithCTSaturationz_DISCONNECTED/CT6/1ohm","PMComponent","spsSeriesRLCBranchLib/Series RLC Branch","Setx0","off"
"TransformerWithCTSaturationz_DISCONNECTED/CT6/1ohm","PMComponent","spsSeriesRLCBranchLib/Series RLC Branch","InitialVoltage","0"
"TransformerWithCTSaturationz_DISCONNECTED/CT6/1ohm","PMComponent","spsSeriesRLCBranchLib/Series RLC Branch","Measurements","None"
"TransformerWithCTSaturationz_DISCONNECTED/CT6/CT 2000//5 A
25 VA","SubSystem","spsSaturableTransformerLib/Saturable Transformer","ThreeWindings","off"
"TransformerWithCTSaturationz_DISCONNECTED/CT6/CT 2000//5 A
25 VA","SubSystem","spsSaturableTransformerLib/Saturable Transformer","Hysteresis","off"
"TransformerWithCTSaturationz_DISCONNECTED/CT6/CT 2000//5 A
25 VA","SubSystem","spsSaturableTransformerLib/Saturable Transformer","DataFile","'hysteresis'"
"TransformerWithCTSaturationz_DISCONNECTED/CT6/CT 2000//5 A
25 VA","SubSystem","spsSaturableTransformerLib/Saturable Transformer","Measurements","Flux and magnetization current ( Imag )"
"TransformerWithCTSaturationz_DISCONNECTED/CT6/CT 2000//5 A
25 VA","SubSystem","spsSaturableTransformerLib/Saturable Transformer","UNITS","pu"
"TransformerWithCTSaturationz_DISCONNECTED/CT6/CT 2000//5 A
25 VA","SubSystem","spsSaturableTransformerLib/Saturable Transformer","NominalPower","[25 50]"
"TransformerWithCTSaturationz_DISCONNECTED/CT6/CT 2000//5 A
25 VA","SubSystem","spsSaturableTransformerLib/Saturable Transformer","Winding1","[5*1/500 0.001 0.04]"
"TransformerWithCTSaturationz_DISCONNECTED/CT6/CT 2000//5 A
25 VA","SubSystem","spsSaturableTransformerLib/Saturable Transformer","Winding2","[5 0.001 0.04 ]"
"TransformerWithCTSaturationz_DISCONNECTED/CT6/CT 2000//5 A
25 VA","SubSystem","spsSaturableTransformerLib/Saturable Transformer","Winding3","[5 0.001 0.04 ]"
"TransformerWithCTSaturationz_DISCONNECTED/CT6/CT 2000//5 A
25 VA","SubSystem","spsSaturableTransformerLib/Saturable Transformer","Saturation","[0 0 ; 0.01 10 ; 1 10.5]"
"TransformerWithCTSaturationz_DISCONNECTED/CT6/CT 2000//5 A
25 VA","SubSystem","spsSaturableTransformerLib/Saturable Transformer","CoreLoss","[100]"
"TransformerWithCTSaturationz_DISCONNECTED/CT6/CT 2000//5 A
25 VA","SubSystem","spsSaturableTransformerLib/Saturable Transformer","BreakLoop","off"
"TransformerWithCTSaturationz_DISCONNECTED/CT6/CT 2000//5 A
25 VA","SubSystem","spsSaturableTransformerLib/Saturable Transformer","DiscreteSolver","Trapezoidal iterative"
"TransformerWithCTSaturationz_DISCONNECTED/CT6/CT 2000//5 A
25 VA","SubSystem","spsSaturableTransformerLib/Saturable Transformer","DataType","off"
"TransformerWithCTSaturationz_DISCONNECTED/CT6/CT 2000//5 A
25 VA","SubSystem","spsSaturableTransformerLib/Saturable Transformer","InitialFlux","1.7793736093241e-07"
"TransformerWithCTSaturationz_DISCONNECTED/CT6/CT 2000//5 A
25 VA","SubSystem","spsSaturableTransformerLib/Saturable Transformer","TransfoNumber","1"
"TransformerWithCTSaturationz_DISCONNECTED/CT6/I2","SubSystem","spsCurrentMeasurementLib/Current Measurement","PhasorSimulation","off"
"TransformerWithCTSaturationz_DISCONNECTED/CT6/I2","SubSystem","spsCurrentMeasurementLib/Current Measurement","OutputType","Magnitude"
"TransformerWithCTSaturationz_DISCONNECTED/CT6/I2","SubSystem","spsCurrentMeasurementLib/Current Measurement","PSBequivalent","0"
"TransformerWithCTSaturationz_DISCONNECTED/CT6/Conn1","PMIOPort","","Port","1"
"TransformerWithCTSaturationz_DISCONNECTED/CT6/Conn1","PMIOPort","","Side","Left"
"TransformerWithCTSaturationz_DISCONNECTED/CT6/Conn1","PMIOPort","","ConnectionType","Inherit: auto"
"TransformerWithCTSaturationz_DISCONNECTED/CT6/Conn2","PMIOPort","","Port","2"
"TransformerWithCTSaturationz_DISCONNECTED/CT6/Conn2","PMIOPort","","Side","Right"
"TransformerWithCTSaturationz_DISCONNECTED/CT6/Conn2","PMIOPort","","ConnectionType","Inherit: auto"
"TransformerWithCTSaturationz_DISCONNECTED/CT6/Out1","Outport","","Port","1"
"TransformerWithCTSaturationz_DISCONNECTED/CT6/Out1","Outport","","SignalObject","[]"
"TransformerWithCTSaturationz_DISCONNECTED/CT6/Out1","Outport","","StorageClass","Auto"
"TransformerWithCTSaturationz_DISCONNECTED/CT6/Out1","Outport","","IconDisplay","Port number"
"TransformerWithCTSaturationz_DISCONNECTED/CT6/Out1","Outport","","OutputFunctionCall","off"
"TransformerWithCTSaturationz_DISCONNECTED/CT6/Out1","Outport","","OutMin","[]"
"TransformerWithCTSaturationz_DISCONNECTED/CT6/Out1","Outport","","OutMax","[]"
"TransformerWithCTSaturationz_DISCONNECTED/CT6/Out1","Outport","","OutDataTypeStr","Inherit: auto"
"TransformerWithCTSaturationz_DISCONNECTED/CT6/Out1","Outport","","LockScale","off"
"TransformerWithCTSaturationz_DISCONNECTED/CT6/Out1","Outport","","BusOutputAsStruct","off"
"TransformerWithCTSaturationz_DISCONNECTED/CT6/Out1","Outport","","BusVirtuality","inherit"
"TransformerWithCTSaturationz_DISCONNECTED/CT6/Out1","Outport","","DataMode","inherit"
"TransformerWithCTSaturationz_DISCONNECTED/CT6/Out1","Outport","","Unit","inherit"
"TransformerWithCTSaturationz_DISCONNECTED/CT6/Out1","Outport","","PortDimensions","-1"
"TransformerWithCTSaturationz_DISCONNECTED/CT6/Out1","Outport","","VarSizeSig","Inherit"
"TransformerWithCTSaturationz_DISCONNECTED/CT6/Out1","Outport","","SampleTime","-1"
"TransformerWithCTSaturationz_DISCONNECTED/CT6/Out1","Outport","","SignalType","auto"
"TransformerWithCTSaturationz_DISCONNECTED/CT6/Out1","Outport","","EnsureOutportIsVirtual","off"
"TransformerWithCTSaturationz_DISCONNECTED/CT6/Out1","Outport","","SourceOfInitialOutputValue","Dialog"
"TransformerWithCTSaturationz_DISCONNECTED/CT6/Out1","Outport","","OutputWhenDisabled","held"
"TransformerWithCTSaturationz_DISCONNECTED/CT6/Out1","Outport","","InitialOutput","[]"
"TransformerWithCTSaturationz_DISCONNECTED/CT6/Out1","Outport","","MustResolveToSignalObject","off"
"TransformerWithCTSaturationz_DISCONNECTED/CT6/Out1","Outport","","OutputWhenUnConnected","off"
"TransformerWithCTSaturationz_DISCONNECTED/CT6/Out1","Outport","","OutputWhenUnconnectedValue","0"
"TransformerWithCTSaturationz_DISCONNECTED/CT6/Out1","Outport","","VectorParamsAs1DForOutWhenUnconnected","on"
"TransformerWithCTSaturationz_DISCONNECTED/Demux4","Demux","","Outputs","3"
"TransformerWithCTSaturationz_DISCONNECTED/Demux4","Demux","","DisplayOption","bar"
"TransformerWithCTSaturationz_DISCONNECTED/Demux5","Demux","","Outputs","3"
"TransformerWithCTSaturationz_DISCONNECTED/Demux5","Demux","","DisplayOption","bar"
"TransformerWithCTSaturationz_DISCONNECTED/Demux6","Demux","","Outputs","3"
"TransformerWithCTSaturationz_DISCONNECTED/Demux6","Demux","","DisplayOption","bar"
"TransformerWithCTSaturationz_DISCONNECTED/Demux7","Demux","","Outputs","3"
"TransformerWithCTSaturationz_DISCONNECTED/Demux7","Demux","","DisplayOption","bar"
"TransformerWithCTSaturationz_DISCONNECTED/Display1","Display","","Format","short"
"TransformerWithCTSaturationz_DISCONNECTED/Display1","Display","","Decimation","1"
"TransformerWithCTSaturationz_DISCONNECTED/Display1","Display","","Floating","off"
"TransformerWithCTSaturationz_DISCONNECTED/Display2","Display","","Format","short"
"TransformerWithCTSaturationz_DISCONNECTED/Display2","Display","","Decimation","1"
"TransformerWithCTSaturationz_DISCONNECTED/Display2","Display","","Floating","off"
"TransformerWithCTSaturationz_DISCONNECTED/Display4","Display","","Format","short"
"TransformerWithCTSaturationz_DISCONNECTED/Display4","Display","","Decimation","1"
"TransformerWithCTSaturationz_DISCONNECTED/Display4","Display","","Floating","off"
"TransformerWithCTSaturationz_DISCONNECTED/Display5","Display","","Format","short"
"TransformerWithCTSaturationz_DISCONNECTED/Display5","Display","","Decimation","1"
"TransformerWithCTSaturationz_DISCONNECTED/Display5","Display","","Floating","off"
"TransformerWithCTSaturationz_DISCONNECTED/External_Fault","SubSystem","spsThreePhaseFaultLib/Three-Phase Fault","InitialStates","0"
"TransformerWithCTSaturationz_DISCONNECTED/External_Fault","SubSystem","spsThreePhaseFaultLib/Three-Phase Fault","FaultA","off"
"TransformerWithCTSaturationz_DISCONNECTED/External_Fault","SubSystem","spsThreePhaseFaultLib/Three-Phase Fault","FaultB","off"
"TransformerWithCTSaturationz_DISCONNECTED/External_Fault","SubSystem","spsThreePhaseFaultLib/Three-Phase Fault","FaultC","off"
"TransformerWithCTSaturationz_DISCONNECTED/External_Fault","SubSystem","spsThreePhaseFaultLib/Three-Phase Fault","GroundFault","off"
"TransformerWithCTSaturationz_DISCONNECTED/External_Fault","SubSystem","spsThreePhaseFaultLib/Three-Phase Fault","SwitchTimes","[1/60  5/60]"
"TransformerWithCTSaturationz_DISCONNECTED/External_Fault","SubSystem","spsThreePhaseFaultLib/Three-Phase Fault","External","on"
"TransformerWithCTSaturationz_DISCONNECTED/External_Fault","SubSystem","spsThreePhaseFaultLib/Three-Phase Fault","SwitchStatus","NaN"
"TransformerWithCTSaturationz_DISCONNECTED/External_Fault","SubSystem","spsThreePhaseFaultLib/Three-Phase Fault","FaultResistance","0.01"
"TransformerWithCTSaturationz_DISCONNECTED/External_Fault","SubSystem","spsThreePhaseFaultLib/Three-Phase Fault","GroundResistance","0.001"
"TransformerWithCTSaturationz_DISCONNECTED/External_Fault","SubSystem","spsThreePhaseFaultLib/Three-Phase Fault","SnubberResistance","1e6"
"TransformerWithCTSaturationz_DISCONNECTED/External_Fault","SubSystem","spsThreePhaseFaultLib/Three-Phase Fault","SnubberCapacitance","inf"
"TransformerWithCTSaturationz_DISCONNECTED/External_Fault","SubSystem","spsThreePhaseFaultLib/Three-Phase Fault","Measurements","None"
"TransformerWithCTSaturationz_DISCONNECTED/Hybrid 87T Relay","SubSystem","","ShowPortLabels","FromPortIcon"
"TransformerWithCTSaturationz_DISCONNECTED/Hybrid 87T Relay","SubSystem","","Permissions","ReadWrite"
"TransformerWithCTSaturationz_DISCONNECTED/Hybrid 87T Relay","SubSystem","","PermitHierarchicalResolution","All"
"TransformerWithCTSaturationz_DISCONNECTED/Hybrid 87T Relay","SubSystem","","TreatAsAtomicUnit","off"
"TransformerWithCTSaturationz_DISCONNECTED/Hybrid 87T Relay","SubSystem","","ShowSubsystemReinitializePorts","off"
"TransformerWithCTSaturationz_DISCONNECTED/Hybrid 87T Relay","SubSystem","","MinAlgLoopOccurrences","off"
"TransformerWithCTSaturationz_DISCONNECTED/Hybrid 87T Relay","SubSystem","","ScheduleAs","Sample time"
"TransformerWithCTSaturationz_DISCONNECTED/Hybrid 87T Relay","SubSystem","","SystemSampleTime","-1"
"TransformerWithCTSaturationz_DISCONNECTED/Hybrid 87T Relay","SubSystem","","SetExecutionDomain","off"
"TransformerWithCTSaturationz_DISCONNECTED/Hybrid 87T Relay","SubSystem","","ExecutionDomainType","Deduce"
"TransformerWithCTSaturationz_DISCONNECTED/Hybrid 87T Relay","SubSystem","","RTWSystemCode","Auto"
"TransformerWithCTSaturationz_DISCONNECTED/Hybrid 87T Relay","SubSystem","","RTWFcnNameOpts","Auto"
"TransformerWithCTSaturationz_DISCONNECTED/Hybrid 87T Relay","SubSystem","","RTWFileNameOpts","Auto"
"TransformerWithCTSaturationz_DISCONNECTED/Hybrid 87T Relay","SubSystem","","FunctionInterfaceSpec","void_void"
"TransformerWithCTSaturationz_DISCONNECTED/Hybrid 87T Relay","SubSystem","","FunctionWithSeparateData","off"
"TransformerWithCTSaturationz_DISCONNECTED/Hybrid 87T Relay","SubSystem","","RTWMemSecFuncInitTerm","Inherit from model"
"TransformerWithCTSaturationz_DISCONNECTED/Hybrid 87T Relay","SubSystem","","RTWMemSecFuncExecute","Inherit from model"
"TransformerWithCTSaturationz_DISCONNECTED/Hybrid 87T Relay","SubSystem","","RTWMemSecDataConstants","Inherit from model"
"TransformerWithCTSaturationz_DISCONNECTED/Hybrid 87T Relay","SubSystem","","RTWMemSecDataInternal","Inherit from model"
"TransformerWithCTSaturationz_DISCONNECTED/Hybrid 87T Relay","SubSystem","","RTWMemSecDataParameters","Inherit from model"
"TransformerWithCTSaturationz_DISCONNECTED/Hybrid 87T Relay","SubSystem","","IsSubsystemVirtual","on"
"TransformerWithCTSaturationz_DISCONNECTED/Hybrid 87T Relay","SubSystem","","Variant","off"
"TransformerWithCTSaturationz_DISCONNECTED/Hybrid 87T Relay","SubSystem","","VariantChoices","[]"
"TransformerWithCTSaturationz_DISCONNECTED/Hybrid 87T Relay","SubSystem","","VariantControlMode","expression"
"TransformerWithCTSaturationz_DISCONNECTED/Hybrid 87T Relay","SubSystem","","VariantActivationTime","update diagram"
"TransformerWithCTSaturationz_DISCONNECTED/Hybrid 87T Relay","SubSystem","","AllowZeroVariantControls","off"
"TransformerWithCTSaturationz_DISCONNECTED/Hybrid 87T Relay","SubSystem","","PropagateVariantConditions","off"
"TransformerWithCTSaturationz_DISCONNECTED/Hybrid 87T Relay","SubSystem","","TreatAsGroupedWhenPropagatingVariantConditions","on"
"TransformerWithCTSaturationz_DISCONNECTED/Hybrid 87T Relay","SubSystem","","Latency","0"
"TransformerWithCTSaturationz_DISCONNECTED/Hybrid 87T Relay","SubSystem","","AutoFrameSizeCalculation","off"
"TransformerWithCTSaturationz_DISCONNECTED/Hybrid 87T Relay","SubSystem","","CompiledVariantActivationTime","update diagram"
"TransformerWithCTSaturationz_DISCONNECTED/Hybrid 87T Relay/In1","Inport","","Port","1"
"TransformerWithCTSaturationz_DISCONNECTED/Hybrid 87T Relay/In1","Inport","","IconDisplay","Port number"
"TransformerWithCTSaturationz_DISCONNECTED/Hybrid 87T Relay/In1","Inport","","OutputFunctionCall","off"
"TransformerWithCTSaturationz_DISCONNECTED/Hybrid 87T Relay/In1","Inport","","OutMin","[]"
"TransformerWithCTSaturationz_DISCONNECTED/Hybrid 87T Relay/In1","Inport","","OutMax","[]"
"TransformerWithCTSaturationz_DISCONNECTED/Hybrid 87T Relay/In1","Inport","","OutDataTypeStr","Inherit: auto"
"TransformerWithCTSaturationz_DISCONNECTED/Hybrid 87T Relay/In1","Inport","","LockScale","off"
"TransformerWithCTSaturationz_DISCONNECTED/Hybrid 87T Relay/In1","Inport","","BusOutputAsStruct","off"
"TransformerWithCTSaturationz_DISCONNECTED/Hybrid 87T Relay/In1","Inport","","BusVirtuality","inherit"
"TransformerWithCTSaturationz_DISCONNECTED/Hybrid 87T Relay/In1","Inport","","Unit","inherit"
"TransformerWithCTSaturationz_DISCONNECTED/Hybrid 87T Relay/In1","Inport","","PortDimensions","-1"
"TransformerWithCTSaturationz_DISCONNECTED/Hybrid 87T Relay/In1","Inport","","VarSizeSig","Inherit"
"TransformerWithCTSaturationz_DISCONNECTED/Hybrid 87T Relay/In1","Inport","","SampleTime","-1"
"TransformerWithCTSaturationz_DISCONNECTED/Hybrid 87T Relay/In1","Inport","","SignalType","auto"
"TransformerWithCTSaturationz_DISCONNECTED/Hybrid 87T Relay/In1","Inport","","LatchByDelayingOutsideSignal","off"
"TransformerWithCTSaturationz_DISCONNECTED/Hybrid 87T Relay/In1","Inport","","LatchInputForFeedbackSignals","off"
"TransformerWithCTSaturationz_DISCONNECTED/Hybrid 87T Relay/In1","Inport","","Interpolate","on"
"TransformerWithCTSaturationz_DISCONNECTED/Hybrid 87T Relay/In1","Inport","","DataMode","inherit"
"TransformerWithCTSaturationz_DISCONNECTED/Hybrid 87T Relay/In1","Inport","","MessageQueueUseDefaultAttributes","on"
"TransformerWithCTSaturationz_DISCONNECTED/Hybrid 87T Relay/In1","Inport","","MessageQueueCapacity","1"
"TransformerWithCTSaturationz_DISCONNECTED/Hybrid 87T Relay/In1","Inport","","MessageQueueType","LIFO"
"TransformerWithCTSaturationz_DISCONNECTED/Hybrid 87T Relay/In1","Inport","","MessageQueueOverwriting","on"
"TransformerWithCTSaturationz_DISCONNECTED/Hybrid 87T Relay/In1","Inport","","EventTriggers","[]"
"TransformerWithCTSaturationz_DISCONNECTED/Hybrid 87T Relay/Inport","Inport","","Port","2"
"TransformerWithCTSaturationz_DISCONNECTED/Hybrid 87T Relay/Inport","Inport","","IconDisplay","Port number"
"TransformerWithCTSaturationz_DISCONNECTED/Hybrid 87T Relay/Inport","Inport","","OutputFunctionCall","off"
"TransformerWithCTSaturationz_DISCONNECTED/Hybrid 87T Relay/Inport","Inport","","OutMin","[]"
"TransformerWithCTSaturationz_DISCONNECTED/Hybrid 87T Relay/Inport","Inport","","OutMax","[]"
"TransformerWithCTSaturationz_DISCONNECTED/Hybrid 87T Relay/Inport","Inport","","OutDataTypeStr","Inherit: auto"
"TransformerWithCTSaturationz_DISCONNECTED/Hybrid 87T Relay/Inport","Inport","","LockScale","off"
"TransformerWithCTSaturationz_DISCONNECTED/Hybrid 87T Relay/Inport","Inport","","BusOutputAsStruct","off"
"TransformerWithCTSaturationz_DISCONNECTED/Hybrid 87T Relay/Inport","Inport","","BusVirtuality","inherit"
"TransformerWithCTSaturationz_DISCONNECTED/Hybrid 87T Relay/Inport","Inport","","Unit","inherit"
"TransformerWithCTSaturationz_DISCONNECTED/Hybrid 87T Relay/Inport","Inport","","PortDimensions","-1"
"TransformerWithCTSaturationz_DISCONNECTED/Hybrid 87T Relay/Inport","Inport","","VarSizeSig","Inherit"
"TransformerWithCTSaturationz_DISCONNECTED/Hybrid 87T Relay/Inport","Inport","","SampleTime","-1"
"TransformerWithCTSaturationz_DISCONNECTED/Hybrid 87T Relay/Inport","Inport","","SignalType","auto"
"TransformerWithCTSaturationz_DISCONNECTED/Hybrid 87T Relay/Inport","Inport","","LatchByDelayingOutsideSignal","off"
"TransformerWithCTSaturationz_DISCONNECTED/Hybrid 87T Relay/Inport","Inport","","LatchInputForFeedbackSignals","off"
"TransformerWithCTSaturationz_DISCONNECTED/Hybrid 87T Relay/Inport","Inport","","Interpolate","on"
"TransformerWithCTSaturationz_DISCONNECTED/Hybrid 87T Relay/Inport","Inport","","DataMode","inherit"
"TransformerWithCTSaturationz_DISCONNECTED/Hybrid 87T Relay/Inport","Inport","","MessageQueueUseDefaultAttributes","on"
"TransformerWithCTSaturationz_DISCONNECTED/Hybrid 87T Relay/Inport","Inport","","MessageQueueCapacity","1"
"TransformerWithCTSaturationz_DISCONNECTED/Hybrid 87T Relay/Inport","Inport","","MessageQueueType","LIFO"
"TransformerWithCTSaturationz_DISCONNECTED/Hybrid 87T Relay/Inport","Inport","","MessageQueueOverwriting","on"
"TransformerWithCTSaturationz_DISCONNECTED/Hybrid 87T Relay/Inport","Inport","","EventTriggers","[]"
"TransformerWithCTSaturationz_DISCONNECTED/Hybrid 87T Relay/Inport1","Inport","","Port","3"
"TransformerWithCTSaturationz_DISCONNECTED/Hybrid 87T Relay/Inport1","Inport","","IconDisplay","Port number"
"TransformerWithCTSaturationz_DISCONNECTED/Hybrid 87T Relay/Inport1","Inport","","OutputFunctionCall","off"
"TransformerWithCTSaturationz_DISCONNECTED/Hybrid 87T Relay/Inport1","Inport","","OutMin","[]"
"TransformerWithCTSaturationz_DISCONNECTED/Hybrid 87T Relay/Inport1","Inport","","OutMax","[]"
"TransformerWithCTSaturationz_DISCONNECTED/Hybrid 87T Relay/Inport1","Inport","","OutDataTypeStr","Inherit: auto"
"TransformerWithCTSaturationz_DISCONNECTED/Hybrid 87T Relay/Inport1","Inport","","LockScale","off"
"TransformerWithCTSaturationz_DISCONNECTED/Hybrid 87T Relay/Inport1","Inport","","BusOutputAsStruct","off"
"TransformerWithCTSaturationz_DISCONNECTED/Hybrid 87T Relay/Inport1","Inport","","BusVirtuality","inherit"
"TransformerWithCTSaturationz_DISCONNECTED/Hybrid 87T Relay/Inport1","Inport","","Unit","inherit"
"TransformerWithCTSaturationz_DISCONNECTED/Hybrid 87T Relay/Inport1","Inport","","PortDimensions","-1"
"TransformerWithCTSaturationz_DISCONNECTED/Hybrid 87T Relay/Inport1","Inport","","VarSizeSig","Inherit"
"TransformerWithCTSaturationz_DISCONNECTED/Hybrid 87T Relay/Inport1","Inport","","SampleTime","-1"
"TransformerWithCTSaturationz_DISCONNECTED/Hybrid 87T Relay/Inport1","Inport","","SignalType","auto"
"TransformerWithCTSaturationz_DISCONNECTED/Hybrid 87T Relay/Inport1","Inport","","LatchByDelayingOutsideSignal","off"
"TransformerWithCTSaturationz_DISCONNECTED/Hybrid 87T Relay/Inport1","Inport","","LatchInputForFeedbackSignals","off"
"TransformerWithCTSaturationz_DISCONNECTED/Hybrid 87T Relay/Inport1","Inport","","Interpolate","on"
"TransformerWithCTSaturationz_DISCONNECTED/Hybrid 87T Relay/Inport1","Inport","","DataMode","inherit"
"TransformerWithCTSaturationz_DISCONNECTED/Hybrid 87T Relay/Inport1","Inport","","MessageQueueUseDefaultAttributes","on"
"TransformerWithCTSaturationz_DISCONNECTED/Hybrid 87T Relay/Inport1","Inport","","MessageQueueCapacity","1"
"TransformerWithCTSaturationz_DISCONNECTED/Hybrid 87T Relay/Inport1","Inport","","MessageQueueType","LIFO"
"TransformerWithCTSaturationz_DISCONNECTED/Hybrid 87T Relay/Inport1","Inport","","MessageQueueOverwriting","on"
"TransformerWithCTSaturationz_DISCONNECTED/Hybrid 87T Relay/Inport1","Inport","","EventTriggers","[]"
"TransformerWithCTSaturationz_DISCONNECTED/Hybrid 87T Relay/Inport2","Inport","","Port","4"
"TransformerWithCTSaturationz_DISCONNECTED/Hybrid 87T Relay/Inport2","Inport","","IconDisplay","Port number"
"TransformerWithCTSaturationz_DISCONNECTED/Hybrid 87T Relay/Inport2","Inport","","OutputFunctionCall","off"
"TransformerWithCTSaturationz_DISCONNECTED/Hybrid 87T Relay/Inport2","Inport","","OutMin","[]"
"TransformerWithCTSaturationz_DISCONNECTED/Hybrid 87T Relay/Inport2","Inport","","OutMax","[]"
"TransformerWithCTSaturationz_DISCONNECTED/Hybrid 87T Relay/Inport2","Inport","","OutDataTypeStr","Inherit: auto"
"TransformerWithCTSaturationz_DISCONNECTED/Hybrid 87T Relay/Inport2","Inport","","LockScale","off"
"TransformerWithCTSaturationz_DISCONNECTED/Hybrid 87T Relay/Inport2","Inport","","BusOutputAsStruct","off"
"TransformerWithCTSaturationz_DISCONNECTED/Hybrid 87T Relay/Inport2","Inport","","BusVirtuality","inherit"
"TransformerWithCTSaturationz_DISCONNECTED/Hybrid 87T Relay/Inport2","Inport","","Unit","inherit"
"TransformerWithCTSaturationz_DISCONNECTED/Hybrid 87T Relay/Inport2","Inport","","PortDimensions","-1"
"TransformerWithCTSaturationz_DISCONNECTED/Hybrid 87T Relay/Inport2","Inport","","VarSizeSig","Inherit"
"TransformerWithCTSaturationz_DISCONNECTED/Hybrid 87T Relay/Inport2","Inport","","SampleTime","-1"
"TransformerWithCTSaturationz_DISCONNECTED/Hybrid 87T Relay/Inport2","Inport","","SignalType","auto"
"TransformerWithCTSaturationz_DISCONNECTED/Hybrid 87T Relay/Inport2","Inport","","LatchByDelayingOutsideSignal","off"
"TransformerWithCTSaturationz_DISCONNECTED/Hybrid 87T Relay/Inport2","Inport","","LatchInputForFeedbackSignals","off"
"TransformerWithCTSaturationz_DISCONNECTED/Hybrid 87T Relay/Inport2","Inport","","Interpolate","on"
"TransformerWithCTSaturationz_DISCONNECTED/Hybrid 87T Relay/Inport2","Inport","","DataMode","inherit"
"TransformerWithCTSaturationz_DISCONNECTED/Hybrid 87T Relay/Inport2","Inport","","MessageQueueUseDefaultAttributes","on"
"TransformerWithCTSaturationz_DISCONNECTED/Hybrid 87T Relay/Inport2","Inport","","MessageQueueCapacity","1"
"TransformerWithCTSaturationz_DISCONNECTED/Hybrid 87T Relay/Inport2","Inport","","MessageQueueType","LIFO"
"TransformerWithCTSaturationz_DISCONNECTED/Hybrid 87T Relay/Inport2","Inport","","MessageQueueOverwriting","on"
"TransformerWithCTSaturationz_DISCONNECTED/Hybrid 87T Relay/Inport2","Inport","","EventTriggers","[]"
"TransformerWithCTSaturationz_DISCONNECTED/Hybrid 87T Relay/Inport3","Inport","","Port","5"
"TransformerWithCTSaturationz_DISCONNECTED/Hybrid 87T Relay/Inport3","Inport","","IconDisplay","Port number"
"TransformerWithCTSaturationz_DISCONNECTED/Hybrid 87T Relay/Inport3","Inport","","OutputFunctionCall","off"
"TransformerWithCTSaturationz_DISCONNECTED/Hybrid 87T Relay/Inport3","Inport","","OutMin","[]"
"TransformerWithCTSaturationz_DISCONNECTED/Hybrid 87T Relay/Inport3","Inport","","OutMax","[]"
"TransformerWithCTSaturationz_DISCONNECTED/Hybrid 87T Relay/Inport3","Inport","","OutDataTypeStr","Inherit: auto"
"TransformerWithCTSaturationz_DISCONNECTED/Hybrid 87T Relay/Inport3","Inport","","LockScale","off"
"TransformerWithCTSaturationz_DISCONNECTED/Hybrid 87T Relay/Inport3","Inport","","BusOutputAsStruct","off"
"TransformerWithCTSaturationz_DISCONNECTED/Hybrid 87T Relay/Inport3","Inport","","BusVirtuality","inherit"
"TransformerWithCTSaturationz_DISCONNECTED/Hybrid 87T Relay/Inport3","Inport","","Unit","inherit"
"TransformerWithCTSaturationz_DISCONNECTED/Hybrid 87T Relay/Inport3","Inport","","PortDimensions","-1"
"TransformerWithCTSaturationz_DISCONNECTED/Hybrid 87T Relay/Inport3","Inport","","VarSizeSig","Inherit"
"TransformerWithCTSaturationz_DISCONNECTED/Hybrid 87T Relay/Inport3","Inport","","SampleTime","-1"
"TransformerWithCTSaturationz_DISCONNECTED/Hybrid 87T Relay/Inport3","Inport","","SignalType","auto"
"TransformerWithCTSaturationz_DISCONNECTED/Hybrid 87T Relay/Inport3","Inport","","LatchByDelayingOutsideSignal","off"
"TransformerWithCTSaturationz_DISCONNECTED/Hybrid 87T Relay/Inport3","Inport","","LatchInputForFeedbackSignals","off"
"TransformerWithCTSaturationz_DISCONNECTED/Hybrid 87T Relay/Inport3","Inport","","Interpolate","on"
"TransformerWithCTSaturationz_DISCONNECTED/Hybrid 87T Relay/Inport3","Inport","","DataMode","inherit"
"TransformerWithCTSaturationz_DISCONNECTED/Hybrid 87T Relay/Inport3","Inport","","MessageQueueUseDefaultAttributes","on"
"TransformerWithCTSaturationz_DISCONNECTED/Hybrid 87T Relay/Inport3","Inport","","MessageQueueCapacity","1"
"TransformerWithCTSaturationz_DISCONNECTED/Hybrid 87T Relay/Inport3","Inport","","MessageQueueType","LIFO"
"TransformerWithCTSaturationz_DISCONNECTED/Hybrid 87T Relay/Inport3","Inport","","MessageQueueOverwriting","on"
"TransformerWithCTSaturationz_DISCONNECTED/Hybrid 87T Relay/Inport3","Inport","","EventTriggers","[]"
"TransformerWithCTSaturationz_DISCONNECTED/Hybrid 87T Relay/Inport4","Inport","","Port","6"
"TransformerWithCTSaturationz_DISCONNECTED/Hybrid 87T Relay/Inport4","Inport","","IconDisplay","Port number"
"TransformerWithCTSaturationz_DISCONNECTED/Hybrid 87T Relay/Inport4","Inport","","OutputFunctionCall","off"
"TransformerWithCTSaturationz_DISCONNECTED/Hybrid 87T Relay/Inport4","Inport","","OutMin","[]"
"TransformerWithCTSaturationz_DISCONNECTED/Hybrid 87T Relay/Inport4","Inport","","OutMax","[]"
"TransformerWithCTSaturationz_DISCONNECTED/Hybrid 87T Relay/Inport4","Inport","","OutDataTypeStr","Inherit: auto"
"TransformerWithCTSaturationz_DISCONNECTED/Hybrid 87T Relay/Inport4","Inport","","LockScale","off"
"TransformerWithCTSaturationz_DISCONNECTED/Hybrid 87T Relay/Inport4","Inport","","BusOutputAsStruct","off"
"TransformerWithCTSaturationz_DISCONNECTED/Hybrid 87T Relay/Inport4","Inport","","BusVirtuality","inherit"
"TransformerWithCTSaturationz_DISCONNECTED/Hybrid 87T Relay/Inport4","Inport","","Unit","inherit"
"TransformerWithCTSaturationz_DISCONNECTED/Hybrid 87T Relay/Inport4","Inport","","PortDimensions","-1"
"TransformerWithCTSaturationz_DISCONNECTED/Hybrid 87T Relay/Inport4","Inport","","VarSizeSig","Inherit"
"TransformerWithCTSaturationz_DISCONNECTED/Hybrid 87T Relay/Inport4","Inport","","SampleTime","-1"
"TransformerWithCTSaturationz_DISCONNECTED/Hybrid 87T Relay/Inport4","Inport","","SignalType","auto"
"TransformerWithCTSaturationz_DISCONNECTED/Hybrid 87T Relay/Inport4","Inport","","LatchByDelayingOutsideSignal","off"
"TransformerWithCTSaturationz_DISCONNECTED/Hybrid 87T Relay/Inport4","Inport","","LatchInputForFeedbackSignals","off"
"TransformerWithCTSaturationz_DISCONNECTED/Hybrid 87T Relay/Inport4","Inport","","Interpolate","on"
"TransformerWithCTSaturationz_DISCONNECTED/Hybrid 87T Relay/Inport4","Inport","","DataMode","inherit"
"TransformerWithCTSaturationz_DISCONNECTED/Hybrid 87T Relay/Inport4","Inport","","MessageQueueUseDefaultAttributes","on"
"TransformerWithCTSaturationz_DISCONNECTED/Hybrid 87T Relay/Inport4","Inport","","MessageQueueCapacity","1"
"TransformerWithCTSaturationz_DISCONNECTED/Hybrid 87T Relay/Inport4","Inport","","MessageQueueType","LIFO"
"TransformerWithCTSaturationz_DISCONNECTED/Hybrid 87T Relay/Inport4","Inport","","MessageQueueOverwriting","on"
"TransformerWithCTSaturationz_DISCONNECTED/Hybrid 87T Relay/Inport4","Inport","","EventTriggers","[]"
"TransformerWithCTSaturationz_DISCONNECTED/Hybrid 87T Relay/Abs","Abs","","ZeroCross","on"
"TransformerWithCTSaturationz_DISCONNECTED/Hybrid 87T Relay/Abs","Abs","","SampleTime","-1"
"TransformerWithCTSaturationz_DISCONNECTED/Hybrid 87T Relay/Abs","Abs","","OutMin","[]"
"TransformerWithCTSaturationz_DISCONNECTED/Hybrid 87T Relay/Abs","Abs","","OutMax","[]"
"TransformerWithCTSaturationz_DISCONNECTED/Hybrid 87T Relay/Abs","Abs","","OutDataTypeStr","Inherit: Same as input"
"TransformerWithCTSaturationz_DISCONNECTED/Hybrid 87T Relay/Abs","Abs","","LockScale","off"
"TransformerWithCTSaturationz_DISCONNECTED/Hybrid 87T Relay/Abs","Abs","","RndMeth","Floor"
"TransformerWithCTSaturationz_DISCONNECTED/Hybrid 87T Relay/Abs","Abs","","SaturateOnIntegerOverflow","off"
"TransformerWithCTSaturationz_DISCONNECTED/Hybrid 87T Relay/Abs1","Abs","","ZeroCross","on"
"TransformerWithCTSaturationz_DISCONNECTED/Hybrid 87T Relay/Abs1","Abs","","SampleTime","-1"
"TransformerWithCTSaturationz_DISCONNECTED/Hybrid 87T Relay/Abs1","Abs","","OutMin","[]"
"TransformerWithCTSaturationz_DISCONNECTED/Hybrid 87T Relay/Abs1","Abs","","OutMax","[]"
"TransformerWithCTSaturationz_DISCONNECTED/Hybrid 87T Relay/Abs1","Abs","","OutDataTypeStr","Inherit: Same as input"
"TransformerWithCTSaturationz_DISCONNECTED/Hybrid 87T Relay/Abs1","Abs","","LockScale","off"
"TransformerWithCTSaturationz_DISCONNECTED/Hybrid 87T Relay/Abs1","Abs","","RndMeth","Floor"
"TransformerWithCTSaturationz_DISCONNECTED/Hybrid 87T Relay/Abs1","Abs","","SaturateOnIntegerOverflow","off"
"TransformerWithCTSaturationz_DISCONNECTED/Hybrid 87T Relay/Abs2","Abs","","ZeroCross","on"
"TransformerWithCTSaturationz_DISCONNECTED/Hybrid 87T Relay/Abs2","Abs","","SampleTime","-1"
"TransformerWithCTSaturationz_DISCONNECTED/Hybrid 87T Relay/Abs2","Abs","","OutMin","[]"
"TransformerWithCTSaturationz_DISCONNECTED/Hybrid 87T Relay/Abs2","Abs","","OutMax","[]"
"TransformerWithCTSaturationz_DISCONNECTED/Hybrid 87T Relay/Abs2","Abs","","OutDataTypeStr","Inherit: Same as input"
"TransformerWithCTSaturationz_DISCONNECTED/Hybrid 87T Relay/Abs2","Abs","","LockScale","off"
"TransformerWithCTSaturationz_DISCONNECTED/Hybrid 87T Relay/Abs2","Abs","","RndMeth","Floor"
"TransformerWithCTSaturationz_DISCONNECTED/Hybrid 87T Relay/Abs2","Abs","","SaturateOnIntegerOverflow","off"
"TransformerWithCTSaturationz_DISCONNECTED/Hybrid 87T Relay/Data Type Conversion","DataTypeConversion","","OutMin","[]"
"TransformerWithCTSaturationz_DISCONNECTED/Hybrid 87T Relay/Data Type Conversion","DataTypeConversion","","OutMax","[]"
"TransformerWithCTSaturationz_DISCONNECTED/Hybrid 87T Relay/Data Type Conversion","DataTypeConversion","","OutDataTypeStr","boolean"
"TransformerWithCTSaturationz_DISCONNECTED/Hybrid 87T Relay/Data Type Conversion","DataTypeConversion","","LockScale","off"
"TransformerWithCTSaturationz_DISCONNECTED/Hybrid 87T Relay/Data Type Conversion","DataTypeConversion","","ConvertRealWorld","Real World Value (RWV)"
"TransformerWithCTSaturationz_DISCONNECTED/Hybrid 87T Relay/Data Type Conversion","DataTypeConversion","","RndMeth","Floor"
"TransformerWithCTSaturationz_DISCONNECTED/Hybrid 87T Relay/Data Type Conversion","DataTypeConversion","","SaturateOnIntegerOverflow","off"
"TransformerWithCTSaturationz_DISCONNECTED/Hybrid 87T Relay/Data Type Conversion","DataTypeConversion","","SampleTime","-1"
"TransformerWithCTSaturationz_DISCONNECTED/Hybrid 87T Relay/Demux1","Demux","","Outputs","3"
"TransformerWithCTSaturationz_DISCONNECTED/Hybrid 87T Relay/Demux1","Demux","","DisplayOption","bar"
"TransformerWithCTSaturationz_DISCONNECTED/Hybrid 87T Relay/Demux2","Demux","","Outputs","3"
"TransformerWithCTSaturationz_DISCONNECTED/Hybrid 87T Relay/Demux2","Demux","","DisplayOption","bar"
"TransformerWithCTSaturationz_DISCONNECTED/Hybrid 87T Relay/Display","Display","","Format","short"
"TransformerWithCTSaturationz_DISCONNECTED/Hybrid 87T Relay/Display","Display","","Decimation","1"
"TransformerWithCTSaturationz_DISCONNECTED/Hybrid 87T Relay/Display","Display","","Floating","off"
"TransformerWithCTSaturationz_DISCONNECTED/Hybrid 87T Relay/Display1","Display","","Format","short"
"TransformerWithCTSaturationz_DISCONNECTED/Hybrid 87T Relay/Display1","Display","","Decimation","1"
"TransformerWithCTSaturationz_DISCONNECTED/Hybrid 87T Relay/Display1","Display","","Floating","off"
"TransformerWithCTSaturationz_DISCONNECTED/Hybrid 87T Relay/Display2","Display","","Format","short"
"TransformerWithCTSaturationz_DISCONNECTED/Hybrid 87T Relay/Display2","Display","","Decimation","1"
"TransformerWithCTSaturationz_DISCONNECTED/Hybrid 87T Relay/Display2","Display","","Floating","off"
"TransformerWithCTSaturationz_DISCONNECTED/Hybrid 87T Relay/Display3","Display","","Format","short"
"TransformerWithCTSaturationz_DISCONNECTED/Hybrid 87T Relay/Display3","Display","","Decimation","1"
"TransformerWithCTSaturationz_DISCONNECTED/Hybrid 87T Relay/Display3","Display","","Floating","off"
"TransformerWithCTSaturationz_DISCONNECTED/Hybrid 87T Relay/Display4","Display","","Format","short"
"TransformerWithCTSaturationz_DISCONNECTED/Hybrid 87T Relay/Display4","Display","","Decimation","1"
"TransformerWithCTSaturationz_DISCONNECTED/Hybrid 87T Relay/Display4","Display","","Floating","off"
"TransformerWithCTSaturationz_DISCONNECTED/Hybrid 87T Relay/Display5","Display","","Format","short"
"TransformerWithCTSaturationz_DISCONNECTED/Hybrid 87T Relay/Display5","Display","","Decimation","1"
"TransformerWithCTSaturationz_DISCONNECTED/Hybrid 87T Relay/Display5","Display","","Floating","off"
"TransformerWithCTSaturationz_DISCONNECTED/Hybrid 87T Relay/Gain","Gain","","Gain","0.5"
"TransformerWithCTSaturationz_DISCONNECTED/Hybrid 87T Relay/Gain","Gain","","Multiplication","Element-wise(K.*u)"
"TransformerWithCTSaturationz_DISCONNECTED/Hybrid 87T Relay/Gain","Gain","","ParamMin","[]"
"TransformerWithCTSaturationz_DISCONNECTED/Hybrid 87T Relay/Gain","Gain","","ParamMax","[]"
"TransformerWithCTSaturationz_DISCONNECTED/Hybrid 87T Relay/Gain","Gain","","ParamDataTypeStr","Inherit: Inherit via internal rule"
"TransformerWithCTSaturationz_DISCONNECTED/Hybrid 87T Relay/Gain","Gain","","OutMin","[]"
"TransformerWithCTSaturationz_DISCONNECTED/Hybrid 87T Relay/Gain","Gain","","OutMax","[]"
"TransformerWithCTSaturationz_DISCONNECTED/Hybrid 87T Relay/Gain","Gain","","OutDataTypeStr","Inherit: Inherit via internal rule"
"TransformerWithCTSaturationz_DISCONNECTED/Hybrid 87T Relay/Gain","Gain","","LockScale","off"
"TransformerWithCTSaturationz_DISCONNECTED/Hybrid 87T Relay/Gain","Gain","","RndMeth","Floor"
"TransformerWithCTSaturationz_DISCONNECTED/Hybrid 87T Relay/Gain","Gain","","SaturateOnIntegerOverflow","off"
"TransformerWithCTSaturationz_DISCONNECTED/Hybrid 87T Relay/Gain","Gain","","SampleTime","-1"
"TransformerWithCTSaturationz_DISCONNECTED/Hybrid 87T Relay/I_diff","Sum","","IconShape","rectangular"
"TransformerWithCTSaturationz_DISCONNECTED/Hybrid 87T Relay/I_diff","Sum","","Inputs","|+-"
"TransformerWithCTSaturationz_DISCONNECTED/Hybrid 87T Relay/I_diff","Sum","","CollapseMode","All dimensions"
"TransformerWithCTSaturationz_DISCONNECTED/Hybrid 87T Relay/I_diff","Sum","","CollapseDim","1"
"TransformerWithCTSaturationz_DISCONNECTED/Hybrid 87T Relay/I_diff","Sum","","InputSameDT","off"
"TransformerWithCTSaturationz_DISCONNECTED/Hybrid 87T Relay/I_diff","Sum","","AccumDataTypeStr","Inherit: Inherit via internal rule"
"TransformerWithCTSaturationz_DISCONNECTED/Hybrid 87T Relay/I_diff","Sum","","OutMin","[]"
"TransformerWithCTSaturationz_DISCONNECTED/Hybrid 87T Relay/I_diff","Sum","","OutMax","[]"
"TransformerWithCTSaturationz_DISCONNECTED/Hybrid 87T Relay/I_diff","Sum","","OutDataTypeStr","Inherit: Inherit via internal rule"
"TransformerWithCTSaturationz_DISCONNECTED/Hybrid 87T Relay/I_diff","Sum","","LockScale","off"
"TransformerWithCTSaturationz_DISCONNECTED/Hybrid 87T Relay/I_diff","Sum","","RndMeth","Floor"
"TransformerWithCTSaturationz_DISCONNECTED/Hybrid 87T Relay/I_diff","Sum","","SaturateOnIntegerOverflow","off"
"TransformerWithCTSaturationz_DISCONNECTED/Hybrid 87T Relay/I_diff","Sum","","SampleTime","-1"
"TransformerWithCTSaturationz_DISCONNECTED/Hybrid 87T Relay/I_rest","Sum","","IconShape","rectangular"
"TransformerWithCTSaturationz_DISCONNECTED/Hybrid 87T Relay/I_rest","Sum","","Inputs","|++"
"TransformerWithCTSaturationz_DISCONNECTED/Hybrid 87T Relay/I_rest","Sum","","CollapseMode","All dimensions"
"TransformerWithCTSaturationz_DISCONNECTED/Hybrid 87T Relay/I_rest","Sum","","CollapseDim","1"
"TransformerWithCTSaturationz_DISCONNECTED/Hybrid 87T Relay/I_rest","Sum","","InputSameDT","off"
"TransformerWithCTSaturationz_DISCONNECTED/Hybrid 87T Relay/I_rest","Sum","","AccumDataTypeStr","Inherit: Inherit via internal rule"
"TransformerWithCTSaturationz_DISCONNECTED/Hybrid 87T Relay/I_rest","Sum","","OutMin","[]"
"TransformerWithCTSaturationz_DISCONNECTED/Hybrid 87T Relay/I_rest","Sum","","OutMax","[]"
"TransformerWithCTSaturationz_DISCONNECTED/Hybrid 87T Relay/I_rest","Sum","","OutDataTypeStr","Inherit: Inherit via internal rule"
"TransformerWithCTSaturationz_DISCONNECTED/Hybrid 87T Relay/I_rest","Sum","","LockScale","off"
"TransformerWithCTSaturationz_DISCONNECTED/Hybrid 87T Relay/I_rest","Sum","","RndMeth","Floor"
"TransformerWithCTSaturationz_DISCONNECTED/Hybrid 87T Relay/I_rest","Sum","","SaturateOnIntegerOverflow","off"
"TransformerWithCTSaturationz_DISCONNECTED/Hybrid 87T Relay/I_rest","Sum","","SampleTime","-1"
"TransformerWithCTSaturationz_DISCONNECTED/Hybrid 87T Relay/MATLAB Function","SubSystem","","ShowPortLabels","FromPortIcon"
"TransformerWithCTSaturationz_DISCONNECTED/Hybrid 87T Relay/MATLAB Function","SubSystem","","Permissions","ReadWrite"
"TransformerWithCTSaturationz_DISCONNECTED/Hybrid 87T Relay/MATLAB Function","SubSystem","","ErrorFcn","Stateflow.Translate.translate"
"TransformerWithCTSaturationz_DISCONNECTED/Hybrid 87T Relay/MATLAB Function","SubSystem","","PermitHierarchicalResolution","ExplicitOnly"
"TransformerWithCTSaturationz_DISCONNECTED/Hybrid 87T Relay/MATLAB Function","SubSystem","","TreatAsAtomicUnit","on"
"TransformerWithCTSaturationz_DISCONNECTED/Hybrid 87T Relay/MATLAB Function","SubSystem","","ShowSubsystemReinitializePorts","off"
"TransformerWithCTSaturationz_DISCONNECTED/Hybrid 87T Relay/MATLAB Function","SubSystem","","MinAlgLoopOccurrences","off"
"TransformerWithCTSaturationz_DISCONNECTED/Hybrid 87T Relay/MATLAB Function","SubSystem","","ScheduleAs","Sample time"
"TransformerWithCTSaturationz_DISCONNECTED/Hybrid 87T Relay/MATLAB Function","SubSystem","","SystemSampleTime","-1"
"TransformerWithCTSaturationz_DISCONNECTED/Hybrid 87T Relay/MATLAB Function","SubSystem","","SetExecutionDomain","off"
"TransformerWithCTSaturationz_DISCONNECTED/Hybrid 87T Relay/MATLAB Function","SubSystem","","ExecutionDomainType","Deduce"
"TransformerWithCTSaturationz_DISCONNECTED/Hybrid 87T Relay/MATLAB Function","SubSystem","","RTWSystemCode","Auto"
"TransformerWithCTSaturationz_DISCONNECTED/Hybrid 87T Relay/MATLAB Function","SubSystem","","RTWFcnNameOpts","Auto"
"TransformerWithCTSaturationz_DISCONNECTED/Hybrid 87T Relay/MATLAB Function","SubSystem","","RTWFileNameOpts","Auto"
"TransformerWithCTSaturationz_DISCONNECTED/Hybrid 87T Relay/MATLAB Function","SubSystem","","FunctionInterfaceSpec","void_void"
"TransformerWithCTSaturationz_DISCONNECTED/Hybrid 87T Relay/MATLAB Function","SubSystem","","FunctionWithSeparateData","off"
"TransformerWithCTSaturationz_DISCONNECTED/Hybrid 87T Relay/MATLAB Function","SubSystem","","RTWMemSecFuncInitTerm","Inherit from model"
"TransformerWithCTSaturationz_DISCONNECTED/Hybrid 87T Relay/MATLAB Function","SubSystem","","RTWMemSecFuncExecute","Inherit from model"
"TransformerWithCTSaturationz_DISCONNECTED/Hybrid 87T Relay/MATLAB Function","SubSystem","","RTWMemSecDataConstants","Inherit from model"
"TransformerWithCTSaturationz_DISCONNECTED/Hybrid 87T Relay/MATLAB Function","SubSystem","","RTWMemSecDataInternal","Inherit from model"
"TransformerWithCTSaturationz_DISCONNECTED/Hybrid 87T Relay/MATLAB Function","SubSystem","","RTWMemSecDataParameters","Inherit from model"
"TransformerWithCTSaturationz_DISCONNECTED/Hybrid 87T Relay/MATLAB Function","SubSystem","","IsSubsystemVirtual","off"
"TransformerWithCTSaturationz_DISCONNECTED/Hybrid 87T Relay/MATLAB Function","SubSystem","","Variant","off"
"TransformerWithCTSaturationz_DISCONNECTED/Hybrid 87T Relay/MATLAB Function","SubSystem","","VariantChoices","[]"
"TransformerWithCTSaturationz_DISCONNECTED/Hybrid 87T Relay/MATLAB Function","SubSystem","","VariantControlMode","expression"
"TransformerWithCTSaturationz_DISCONNECTED/Hybrid 87T Relay/MATLAB Function","SubSystem","","VariantActivationTime","update diagram"
"TransformerWithCTSaturationz_DISCONNECTED/Hybrid 87T Relay/MATLAB Function","SubSystem","","AllowZeroVariantControls","off"
"TransformerWithCTSaturationz_DISCONNECTED/Hybrid 87T Relay/MATLAB Function","SubSystem","","PropagateVariantConditions","off"
"TransformerWithCTSaturationz_DISCONNECTED/Hybrid 87T Relay/MATLAB Function","SubSystem","","TreatAsGroupedWhenPropagatingVariantConditions","on"
"TransformerWithCTSaturationz_DISCONNECTED/Hybrid 87T Relay/MATLAB Function","SubSystem","","Latency","0"
"TransformerWithCTSaturationz_DISCONNECTED/Hybrid 87T Relay/MATLAB Function","SubSystem","","AutoFrameSizeCalculation","off"
"TransformerWithCTSaturationz_DISCONNECTED/Hybrid 87T Relay/MATLAB Function","SubSystem","","CompiledVariantActivationTime","update diagram"
"TransformerWithCTSaturationz_DISCONNECTED/Hybrid 87T Relay/Manual Switch","ManualSwitch","","varsize","off"
"TransformerWithCTSaturationz_DISCONNECTED/Hybrid 87T Relay/Manual Switch","ManualSwitch","","SampleTime","-1"
"TransformerWithCTSaturationz_DISCONNECTED/Hybrid 87T Relay/Mux","Mux","","Inputs","3"
"TransformerWithCTSaturationz_DISCONNECTED/Hybrid 87T Relay/Mux","Mux","","DisplayOption","bar"
"TransformerWithCTSaturationz_DISCONNECTED/Hybrid 87T Relay/Mux1","Mux","","Inputs","3"
"TransformerWithCTSaturationz_DISCONNECTED/Hybrid 87T Relay/Mux1","Mux","","DisplayOption","bar"
"TransformerWithCTSaturationz_DISCONNECTED/Hybrid 87T Relay/Mux2","Mux","","Inputs","3"
"TransformerWithCTSaturationz_DISCONNECTED/Hybrid 87T Relay/Mux2","Mux","","DisplayOption","bar"
"TransformerWithCTSaturationz_DISCONNECTED/Hybrid 87T Relay/Mux3","Mux","","Inputs","3"
"TransformerWithCTSaturationz_DISCONNECTED/Hybrid 87T Relay/Mux3","Mux","","DisplayOption","bar"
"TransformerWithCTSaturationz_DISCONNECTED/Hybrid 87T Relay/OFF","Constant","","Value","-1"
"TransformerWithCTSaturationz_DISCONNECTED/Hybrid 87T Relay/OFF","Constant","","VectorParams1D","on"
"TransformerWithCTSaturationz_DISCONNECTED/Hybrid 87T Relay/OFF","Constant","","OutMin","[]"
"TransformerWithCTSaturationz_DISCONNECTED/Hybrid 87T Relay/OFF","Constant","","OutMax","[]"
"TransformerWithCTSaturationz_DISCONNECTED/Hybrid 87T Relay/OFF","Constant","","OutDataTypeStr","Inherit: Inherit from 'Constant value'"
"TransformerWithCTSaturationz_DISCONNECTED/Hybrid 87T Relay/OFF","Constant","","LockScale","off"
"TransformerWithCTSaturationz_DISCONNECTED/Hybrid 87T Relay/OFF","Constant","","SampleTime","inf"
"TransformerWithCTSaturationz_DISCONNECTED/Hybrid 87T Relay/OFF","Constant","","FramePeriod","inf"
"TransformerWithCTSaturationz_DISCONNECTED/Hybrid 87T Relay/RESET","Constant","","Value","0"
"TransformerWithCTSaturationz_DISCONNECTED/Hybrid 87T Relay/RESET","Constant","","VectorParams1D","on"
"TransformerWithCTSaturationz_DISCONNECTED/Hybrid 87T Relay/RESET","Constant","","OutMin","[]"
"TransformerWithCTSaturationz_DISCONNECTED/Hybrid 87T Relay/RESET","Constant","","OutMax","[]"
"TransformerWithCTSaturationz_DISCONNECTED/Hybrid 87T Relay/RESET","Constant","","OutDataTypeStr","boolean"
"TransformerWithCTSaturationz_DISCONNECTED/Hybrid 87T Relay/RESET","Constant","","LockScale","off"
"TransformerWithCTSaturationz_DISCONNECTED/Hybrid 87T Relay/RESET","Constant","","SampleTime","inf"
"TransformerWithCTSaturationz_DISCONNECTED/Hybrid 87T Relay/RESET","Constant","","FramePeriod","inf"
"TransformerWithCTSaturationz_DISCONNECTED/Hybrid 87T Relay/RMS","SubSystem","spsRMSLib/RMS","TrueRMS","on"
"TransformerWithCTSaturationz_DISCONNECTED/Hybrid 87T Relay/RMS","SubSystem","spsRMSLib/RMS","Freq","50"
"TransformerWithCTSaturationz_DISCONNECTED/Hybrid 87T Relay/RMS","SubSystem","spsRMSLib/RMS","RMSInit","0"
"TransformerWithCTSaturationz_DISCONNECTED/Hybrid 87T Relay/RMS","SubSystem","spsRMSLib/RMS","Ts","0.0001"
"TransformerWithCTSaturationz_DISCONNECTED/Hybrid 87T Relay/RMS1","SubSystem","spsRMSLib/RMS","TrueRMS","on"
"TransformerWithCTSaturationz_DISCONNECTED/Hybrid 87T Relay/RMS1","SubSystem","spsRMSLib/RMS","Freq","50"
"TransformerWithCTSaturationz_DISCONNECTED/Hybrid 87T Relay/RMS1","SubSystem","spsRMSLib/RMS","RMSInit","0"
"TransformerWithCTSaturationz_DISCONNECTED/Hybrid 87T Relay/RMS1","SubSystem","spsRMSLib/RMS","Ts","0.0001"
"TransformerWithCTSaturationz_DISCONNECTED/Hybrid 87T Relay/RMS2","SubSystem","spsRMSLib/RMS","TrueRMS","on"
"TransformerWithCTSaturationz_DISCONNECTED/Hybrid 87T Relay/RMS2","SubSystem","spsRMSLib/RMS","Freq","50"
"TransformerWithCTSaturationz_DISCONNECTED/Hybrid 87T Relay/RMS2","SubSystem","spsRMSLib/RMS","RMSInit","0"
"TransformerWithCTSaturationz_DISCONNECTED/Hybrid 87T Relay/RMS2","SubSystem","spsRMSLib/RMS","Ts","0.0001"
"TransformerWithCTSaturationz_DISCONNECTED/Hybrid 87T Relay/RMS3","SubSystem","spsRMSLib/RMS","TrueRMS","on"
"TransformerWithCTSaturationz_DISCONNECTED/Hybrid 87T Relay/RMS3","SubSystem","spsRMSLib/RMS","Freq","50"
"TransformerWithCTSaturationz_DISCONNECTED/Hybrid 87T Relay/RMS3","SubSystem","spsRMSLib/RMS","RMSInit","0"
"TransformerWithCTSaturationz_DISCONNECTED/Hybrid 87T Relay/RMS3","SubSystem","spsRMSLib/RMS","Ts","0.0001"
"TransformerWithCTSaturationz_DISCONNECTED/Hybrid 87T Relay/RMS4","SubSystem","spsRMSLib/RMS","TrueRMS","on"
"TransformerWithCTSaturationz_DISCONNECTED/Hybrid 87T Relay/RMS4","SubSystem","spsRMSLib/RMS","Freq","50"
"TransformerWithCTSaturationz_DISCONNECTED/Hybrid 87T Relay/RMS4","SubSystem","spsRMSLib/RMS","RMSInit","0"
"TransformerWithCTSaturationz_DISCONNECTED/Hybrid 87T Relay/RMS4","SubSystem","spsRMSLib/RMS","Ts","0.0001"
"TransformerWithCTSaturationz_DISCONNECTED/Hybrid 87T Relay/RMS5","SubSystem","spsRMSLib/RMS","TrueRMS","on"
"TransformerWithCTSaturationz_DISCONNECTED/Hybrid 87T Relay/RMS5","SubSystem","spsRMSLib/RMS","Freq","50"
"TransformerWithCTSaturationz_DISCONNECTED/Hybrid 87T Relay/RMS5","SubSystem","spsRMSLib/RMS","RMSInit","0"
"TransformerWithCTSaturationz_DISCONNECTED/Hybrid 87T Relay/RMS5","SubSystem","spsRMSLib/RMS","Ts","0.0001"
"TransformerWithCTSaturationz_DISCONNECTED/Hybrid 87T Relay/S-R
Latch","SubSystem","simulink_extras/Flip Flops/S-R
Flip-Flop","initial_condition","0"
"TransformerWithCTSaturationz_DISCONNECTED/Hybrid 87T Relay/Scope","Scope","","OpenAtSimulationStart","off"
"TransformerWithCTSaturationz_DISCONNECTED/Hybrid 87T Relay/Scope","Scope","","DisplayFullPath","off"
"TransformerWithCTSaturationz_DISCONNECTED/Hybrid 87T Relay/Scope","Scope","","NumInputPorts","1"
"TransformerWithCTSaturationz_DISCONNECTED/Hybrid 87T Relay/Scope","Scope","","LayoutDimensionsString","[1 1]"
"TransformerWithCTSaturationz_DISCONNECTED/Hybrid 87T Relay/Scope","Scope","","SampleTime","-1"
"TransformerWithCTSaturationz_DISCONNECTED/Hybrid 87T Relay/Scope","Scope","","FrameBasedProcessingString","Elements as channels (sample based)"
"TransformerWithCTSaturationz_DISCONNECTED/Hybrid 87T Relay/Scope","Scope","","MaximizeAxes","Off"
"TransformerWithCTSaturationz_DISCONNECTED/Hybrid 87T Relay/Scope","Scope","","AxesScaling","Manual"
"TransformerWithCTSaturationz_DISCONNECTED/Hybrid 87T Relay/Scope","Scope","","AxesScalingNumUpdates","10"
"TransformerWithCTSaturationz_DISCONNECTED/Hybrid 87T Relay/Scope","Scope","","TimeSpan","Auto"
"TransformerWithCTSaturationz_DISCONNECTED/Hybrid 87T Relay/Scope","Scope","","TimeSpanOverrunAction","Wrap"
"TransformerWithCTSaturationz_DISCONNECTED/Hybrid 87T Relay/Scope","Scope","","TimeUnits","None"
"TransformerWithCTSaturationz_DISCONNECTED/Hybrid 87T Relay/Scope","Scope","","TimeDisplayOffset","0"
"TransformerWithCTSaturationz_DISCONNECTED/Hybrid 87T Relay/Scope","Scope","","TimeAxisLabels","Bottom displays only"
"TransformerWithCTSaturationz_DISCONNECTED/Hybrid 87T Relay/Scope","Scope","","ShowTimeAxisLabel","off"
"TransformerWithCTSaturationz_DISCONNECTED/Hybrid 87T Relay/Scope","Scope","","ActiveDisplayString","1"
"TransformerWithCTSaturationz_DISCONNECTED/Hybrid 87T Relay/Scope","Scope","","Title","%<SignalLabel>"
"TransformerWithCTSaturationz_DISCONNECTED/Hybrid 87T Relay/Scope","Scope","","ShowLegend","off"
"TransformerWithCTSaturationz_DISCONNECTED/Hybrid 87T Relay/Scope","Scope","","ShowGrid","on"
"TransformerWithCTSaturationz_DISCONNECTED/Hybrid 87T Relay/Scope","Scope","","PlotAsMagnitudePhase","off"
"TransformerWithCTSaturationz_DISCONNECTED/Hybrid 87T Relay/Scope","Scope","","ActiveDisplayYMinimum","-4.7862"
"TransformerWithCTSaturationz_DISCONNECTED/Hybrid 87T Relay/Scope","Scope","","ActiveDisplayYMaximum","4.5762"
"TransformerWithCTSaturationz_DISCONNECTED/Hybrid 87T Relay/Scope","Scope","","DataLoggingLimitDataPoints","off"
"TransformerWithCTSaturationz_DISCONNECTED/Hybrid 87T Relay/Scope","Scope","","DataLoggingMaxPoints","5000"
"TransformerWithCTSaturationz_DISCONNECTED/Hybrid 87T Relay/Scope","Scope","","DataLoggingDecimateData","off"
"TransformerWithCTSaturationz_DISCONNECTED/Hybrid 87T Relay/Scope","Scope","","DataLoggingDecimation","2"
"TransformerWithCTSaturationz_DISCONNECTED/Hybrid 87T Relay/Scope","Scope","","DataLogging","off"
"TransformerWithCTSaturationz_DISCONNECTED/Hybrid 87T Relay/Scope","Scope","","DataLoggingVariableName","ScopeData2"
"TransformerWithCTSaturationz_DISCONNECTED/Hybrid 87T Relay/Scope","Scope","","DataLoggingSaveFormat","Dataset"
"TransformerWithCTSaturationz_DISCONNECTED/Hybrid 87T Relay/Scope1","Scope","","OpenAtSimulationStart","off"
"TransformerWithCTSaturationz_DISCONNECTED/Hybrid 87T Relay/Scope1","Scope","","DisplayFullPath","off"
"TransformerWithCTSaturationz_DISCONNECTED/Hybrid 87T Relay/Scope1","Scope","","NumInputPorts","1"
"TransformerWithCTSaturationz_DISCONNECTED/Hybrid 87T Relay/Scope1","Scope","","LayoutDimensionsString","[1 1]"
"TransformerWithCTSaturationz_DISCONNECTED/Hybrid 87T Relay/Scope1","Scope","","SampleTime","-1"
"TransformerWithCTSaturationz_DISCONNECTED/Hybrid 87T Relay/Scope1","Scope","","FrameBasedProcessingString","Elements as channels (sample based)"
"TransformerWithCTSaturationz_DISCONNECTED/Hybrid 87T Relay/Scope1","Scope","","MaximizeAxes","Off"
"TransformerWithCTSaturationz_DISCONNECTED/Hybrid 87T Relay/Scope1","Scope","","AxesScaling","Manual"
"TransformerWithCTSaturationz_DISCONNECTED/Hybrid 87T Relay/Scope1","Scope","","AxesScalingNumUpdates","10"
"TransformerWithCTSaturationz_DISCONNECTED/Hybrid 87T Relay/Scope1","Scope","","TimeSpan","Auto"
"TransformerWithCTSaturationz_DISCONNECTED/Hybrid 87T Relay/Scope1","Scope","","TimeSpanOverrunAction","Wrap"
"TransformerWithCTSaturationz_DISCONNECTED/Hybrid 87T Relay/Scope1","Scope","","TimeUnits","None"
"TransformerWithCTSaturationz_DISCONNECTED/Hybrid 87T Relay/Scope1","Scope","","TimeDisplayOffset","0"
"TransformerWithCTSaturationz_DISCONNECTED/Hybrid 87T Relay/Scope1","Scope","","TimeAxisLabels","Bottom displays only"
"TransformerWithCTSaturationz_DISCONNECTED/Hybrid 87T Relay/Scope1","Scope","","ShowTimeAxisLabel","off"
"TransformerWithCTSaturationz_DISCONNECTED/Hybrid 87T Relay/Scope1","Scope","","ActiveDisplayString","1"
"TransformerWithCTSaturationz_DISCONNECTED/Hybrid 87T Relay/Scope1","Scope","","Title","%<SignalLabel>"
"TransformerWithCTSaturationz_DISCONNECTED/Hybrid 87T Relay/Scope1","Scope","","ShowLegend","on"
"TransformerWithCTSaturationz_DISCONNECTED/Hybrid 87T Relay/Scope1","Scope","","ShowGrid","on"
"TransformerWithCTSaturationz_DISCONNECTED/Hybrid 87T Relay/Scope1","Scope","","PlotAsMagnitudePhase","off"
"TransformerWithCTSaturationz_DISCONNECTED/Hybrid 87T Relay/Scope1","Scope","","ActiveDisplayYMinimum","-4.9037"
"TransformerWithCTSaturationz_DISCONNECTED/Hybrid 87T Relay/Scope1","Scope","","ActiveDisplayYMaximum","5.1338"
"TransformerWithCTSaturationz_DISCONNECTED/Hybrid 87T Relay/Scope1","Scope","","DataLoggingLimitDataPoints","off"
"TransformerWithCTSaturationz_DISCONNECTED/Hybrid 87T Relay/Scope1","Scope","","DataLoggingMaxPoints","5000"
"TransformerWithCTSaturationz_DISCONNECTED/Hybrid 87T Relay/Scope1","Scope","","DataLoggingDecimateData","off"
"TransformerWithCTSaturationz_DISCONNECTED/Hybrid 87T Relay/Scope1","Scope","","DataLoggingDecimation","2"
"TransformerWithCTSaturationz_DISCONNECTED/Hybrid 87T Relay/Scope1","Scope","","DataLogging","off"
"TransformerWithCTSaturationz_DISCONNECTED/Hybrid 87T Relay/Scope1","Scope","","DataLoggingVariableName","ScopeData3"
"TransformerWithCTSaturationz_DISCONNECTED/Hybrid 87T Relay/Scope1","Scope","","DataLoggingSaveFormat","Dataset"
"TransformerWithCTSaturationz_DISCONNECTED/Hybrid 87T Relay/Supervisory Override with Hardware Fallback","SubSystem","","ShowPortLabels","FromPortIcon"
"TransformerWithCTSaturationz_DISCONNECTED/Hybrid 87T Relay/Supervisory Override with Hardware Fallback","SubSystem","","Permissions","ReadWrite"
"TransformerWithCTSaturationz_DISCONNECTED/Hybrid 87T Relay/Supervisory Override with Hardware Fallback","SubSystem","","ErrorFcn","Stateflow.Translate.translate"
"TransformerWithCTSaturationz_DISCONNECTED/Hybrid 87T Relay/Supervisory Override with Hardware Fallback","SubSystem","","PermitHierarchicalResolution","ExplicitOnly"
"TransformerWithCTSaturationz_DISCONNECTED/Hybrid 87T Relay/Supervisory Override with Hardware Fallback","SubSystem","","TreatAsAtomicUnit","on"
"TransformerWithCTSaturationz_DISCONNECTED/Hybrid 87T Relay/Supervisory Override with Hardware Fallback","SubSystem","","ShowSubsystemReinitializePorts","off"
"TransformerWithCTSaturationz_DISCONNECTED/Hybrid 87T Relay/Supervisory Override with Hardware Fallback","SubSystem","","MinAlgLoopOccurrences","off"
"TransformerWithCTSaturationz_DISCONNECTED/Hybrid 87T Relay/Supervisory Override with Hardware Fallback","SubSystem","","ScheduleAs","Sample time"
"TransformerWithCTSaturationz_DISCONNECTED/Hybrid 87T Relay/Supervisory Override with Hardware Fallback","SubSystem","","SystemSampleTime","-1"
"TransformerWithCTSaturationz_DISCONNECTED/Hybrid 87T Relay/Supervisory Override with Hardware Fallback","SubSystem","","SetExecutionDomain","off"
"TransformerWithCTSaturationz_DISCONNECTED/Hybrid 87T Relay/Supervisory Override with Hardware Fallback","SubSystem","","ExecutionDomainType","Deduce"
"TransformerWithCTSaturationz_DISCONNECTED/Hybrid 87T Relay/Supervisory Override with Hardware Fallback","SubSystem","","RTWSystemCode","Auto"
"TransformerWithCTSaturationz_DISCONNECTED/Hybrid 87T Relay/Supervisory Override with Hardware Fallback","SubSystem","","RTWFcnNameOpts","Auto"
"TransformerWithCTSaturationz_DISCONNECTED/Hybrid 87T Relay/Supervisory Override with Hardware Fallback","SubSystem","","RTWFileNameOpts","Auto"
"TransformerWithCTSaturationz_DISCONNECTED/Hybrid 87T Relay/Supervisory Override with Hardware Fallback","SubSystem","","FunctionInterfaceSpec","void_void"
"TransformerWithCTSaturationz_DISCONNECTED/Hybrid 87T Relay/Supervisory Override with Hardware Fallback","SubSystem","","FunctionWithSeparateData","off"
"TransformerWithCTSaturationz_DISCONNECTED/Hybrid 87T Relay/Supervisory Override with Hardware Fallback","SubSystem","","RTWMemSecFuncInitTerm","Inherit from model"
"TransformerWithCTSaturationz_DISCONNECTED/Hybrid 87T Relay/Supervisory Override with Hardware Fallback","SubSystem","","RTWMemSecFuncExecute","Inherit from model"
"TransformerWithCTSaturationz_DISCONNECTED/Hybrid 87T Relay/Supervisory Override with Hardware Fallback","SubSystem","","RTWMemSecDataConstants","Inherit from model"
"TransformerWithCTSaturationz_DISCONNECTED/Hybrid 87T Relay/Supervisory Override with Hardware Fallback","SubSystem","","RTWMemSecDataInternal","Inherit from model"
"TransformerWithCTSaturationz_DISCONNECTED/Hybrid 87T Relay/Supervisory Override with Hardware Fallback","SubSystem","","RTWMemSecDataParameters","Inherit from model"
"TransformerWithCTSaturationz_DISCONNECTED/Hybrid 87T Relay/Supervisory Override with Hardware Fallback","SubSystem","","IsSubsystemVirtual","off"
"TransformerWithCTSaturationz_DISCONNECTED/Hybrid 87T Relay/Supervisory Override with Hardware Fallback","SubSystem","","Variant","off"
"TransformerWithCTSaturationz_DISCONNECTED/Hybrid 87T Relay/Supervisory Override with Hardware Fallback","SubSystem","","VariantChoices","[]"
"TransformerWithCTSaturationz_DISCONNECTED/Hybrid 87T Relay/Supervisory Override with Hardware Fallback","SubSystem","","VariantControlMode","expression"
"TransformerWithCTSaturationz_DISCONNECTED/Hybrid 87T Relay/Supervisory Override with Hardware Fallback","SubSystem","","VariantActivationTime","update diagram"
"TransformerWithCTSaturationz_DISCONNECTED/Hybrid 87T Relay/Supervisory Override with Hardware Fallback","SubSystem","","AllowZeroVariantControls","off"
"TransformerWithCTSaturationz_DISCONNECTED/Hybrid 87T Relay/Supervisory Override with Hardware Fallback","SubSystem","","PropagateVariantConditions","off"
"TransformerWithCTSaturationz_DISCONNECTED/Hybrid 87T Relay/Supervisory Override with Hardware Fallback","SubSystem","","TreatAsGroupedWhenPropagatingVariantConditions","on"
"TransformerWithCTSaturationz_DISCONNECTED/Hybrid 87T Relay/Supervisory Override with Hardware Fallback","SubSystem","","Latency","0"
"TransformerWithCTSaturationz_DISCONNECTED/Hybrid 87T Relay/Supervisory Override with Hardware Fallback","SubSystem","","AutoFrameSizeCalculation","off"
"TransformerWithCTSaturationz_DISCONNECTED/Hybrid 87T Relay/Supervisory Override with Hardware Fallback","SubSystem","","CompiledVariantActivationTime","update diagram"
"TransformerWithCTSaturationz_DISCONNECTED/Hybrid 87T Relay/Trip_Signal","Outport","","Port","1"
"TransformerWithCTSaturationz_DISCONNECTED/Hybrid 87T Relay/Trip_Signal","Outport","","SignalObject","[]"
"TransformerWithCTSaturationz_DISCONNECTED/Hybrid 87T Relay/Trip_Signal","Outport","","StorageClass","Auto"
"TransformerWithCTSaturationz_DISCONNECTED/Hybrid 87T Relay/Trip_Signal","Outport","","IconDisplay","Port number"
"TransformerWithCTSaturationz_DISCONNECTED/Hybrid 87T Relay/Trip_Signal","Outport","","OutputFunctionCall","off"
"TransformerWithCTSaturationz_DISCONNECTED/Hybrid 87T Relay/Trip_Signal","Outport","","OutMin","[]"
"TransformerWithCTSaturationz_DISCONNECTED/Hybrid 87T Relay/Trip_Signal","Outport","","OutMax","[]"
"TransformerWithCTSaturationz_DISCONNECTED/Hybrid 87T Relay/Trip_Signal","Outport","","OutDataTypeStr","Inherit: auto"
"TransformerWithCTSaturationz_DISCONNECTED/Hybrid 87T Relay/Trip_Signal","Outport","","LockScale","off"
"TransformerWithCTSaturationz_DISCONNECTED/Hybrid 87T Relay/Trip_Signal","Outport","","BusOutputAsStruct","off"
"TransformerWithCTSaturationz_DISCONNECTED/Hybrid 87T Relay/Trip_Signal","Outport","","BusVirtuality","inherit"
"TransformerWithCTSaturationz_DISCONNECTED/Hybrid 87T Relay/Trip_Signal","Outport","","DataMode","inherit"
"TransformerWithCTSaturationz_DISCONNECTED/Hybrid 87T Relay/Trip_Signal","Outport","","Unit","inherit"
"TransformerWithCTSaturationz_DISCONNECTED/Hybrid 87T Relay/Trip_Signal","Outport","","PortDimensions","-1"
"TransformerWithCTSaturationz_DISCONNECTED/Hybrid 87T Relay/Trip_Signal","Outport","","VarSizeSig","Inherit"
"TransformerWithCTSaturationz_DISCONNECTED/Hybrid 87T Relay/Trip_Signal","Outport","","SampleTime","-1"
"TransformerWithCTSaturationz_DISCONNECTED/Hybrid 87T Relay/Trip_Signal","Outport","","SignalType","auto"
"TransformerWithCTSaturationz_DISCONNECTED/Hybrid 87T Relay/Trip_Signal","Outport","","EnsureOutportIsVirtual","off"
"TransformerWithCTSaturationz_DISCONNECTED/Hybrid 87T Relay/Trip_Signal","Outport","","SourceOfInitialOutputValue","Dialog"
"TransformerWithCTSaturationz_DISCONNECTED/Hybrid 87T Relay/Trip_Signal","Outport","","OutputWhenDisabled","held"
"TransformerWithCTSaturationz_DISCONNECTED/Hybrid 87T Relay/Trip_Signal","Outport","","InitialOutput","[]"
"TransformerWithCTSaturationz_DISCONNECTED/Hybrid 87T Relay/Trip_Signal","Outport","","MustResolveToSignalObject","off"
"TransformerWithCTSaturationz_DISCONNECTED/Hybrid 87T Relay/Trip_Signal","Outport","","OutputWhenUnConnected","off"
"TransformerWithCTSaturationz_DISCONNECTED/Hybrid 87T Relay/Trip_Signal","Outport","","OutputWhenUnconnectedValue","0"
"TransformerWithCTSaturationz_DISCONNECTED/Hybrid 87T Relay/Trip_Signal","Outport","","VectorParamsAs1DForOutWhenUnconnected","on"
"TransformerWithCTSaturationz_DISCONNECTED/Internal_Fault1","SubSystem","spsThreePhaseFaultLib/Three-Phase Fault","InitialStates","0"
"TransformerWithCTSaturationz_DISCONNECTED/Internal_Fault1","SubSystem","spsThreePhaseFaultLib/Three-Phase Fault","FaultA","on"
"TransformerWithCTSaturationz_DISCONNECTED/Internal_Fault1","SubSystem","spsThreePhaseFaultLib/Three-Phase Fault","FaultB","off"
"TransformerWithCTSaturationz_DISCONNECTED/Internal_Fault1","SubSystem","spsThreePhaseFaultLib/Three-Phase Fault","FaultC","off"
"TransformerWithCTSaturationz_DISCONNECTED/Internal_Fault1","SubSystem","spsThreePhaseFaultLib/Three-Phase Fault","GroundFault","on"
"TransformerWithCTSaturationz_DISCONNECTED/Internal_Fault1","SubSystem","spsThreePhaseFaultLib/Three-Phase Fault","SwitchTimes","[0.05 1]"
"TransformerWithCTSaturationz_DISCONNECTED/Internal_Fault1","SubSystem","spsThreePhaseFaultLib/Three-Phase Fault","External","on"
"TransformerWithCTSaturationz_DISCONNECTED/Internal_Fault1","SubSystem","spsThreePhaseFaultLib/Three-Phase Fault","SwitchStatus","NaN"
"TransformerWithCTSaturationz_DISCONNECTED/Internal_Fault1","SubSystem","spsThreePhaseFaultLib/Three-Phase Fault","FaultResistance","0.01"
"TransformerWithCTSaturationz_DISCONNECTED/Internal_Fault1","SubSystem","spsThreePhaseFaultLib/Three-Phase Fault","GroundResistance","0.01"
"TransformerWithCTSaturationz_DISCONNECTED/Internal_Fault1","SubSystem","spsThreePhaseFaultLib/Three-Phase Fault","SnubberResistance","1e6"
"TransformerWithCTSaturationz_DISCONNECTED/Internal_Fault1","SubSystem","spsThreePhaseFaultLib/Three-Phase Fault","SnubberCapacitance","inf"
"TransformerWithCTSaturationz_DISCONNECTED/Internal_Fault1","SubSystem","spsThreePhaseFaultLib/Three-Phase Fault","Measurements","None"
"TransformerWithCTSaturationz_DISCONNECTED/Internal_Fault2","SubSystem","spsThreePhaseFaultLib/Three-Phase Fault","InitialStates","0"
"TransformerWithCTSaturationz_DISCONNECTED/Internal_Fault2","SubSystem","spsThreePhaseFaultLib/Three-Phase Fault","FaultA","off"
"TransformerWithCTSaturationz_DISCONNECTED/Internal_Fault2","SubSystem","spsThreePhaseFaultLib/Three-Phase Fault","FaultB","on"
"TransformerWithCTSaturationz_DISCONNECTED/Internal_Fault2","SubSystem","spsThreePhaseFaultLib/Three-Phase Fault","FaultC","off"
"TransformerWithCTSaturationz_DISCONNECTED/Internal_Fault2","SubSystem","spsThreePhaseFaultLib/Three-Phase Fault","GroundFault","on"
"TransformerWithCTSaturationz_DISCONNECTED/Internal_Fault2","SubSystem","spsThreePhaseFaultLib/Three-Phase Fault","SwitchTimes","[0.05 1]"
"TransformerWithCTSaturationz_DISCONNECTED/Internal_Fault2","SubSystem","spsThreePhaseFaultLib/Three-Phase Fault","External","on"
"TransformerWithCTSaturationz_DISCONNECTED/Internal_Fault2","SubSystem","spsThreePhaseFaultLib/Three-Phase Fault","SwitchStatus","NaN"
"TransformerWithCTSaturationz_DISCONNECTED/Internal_Fault2","SubSystem","spsThreePhaseFaultLib/Three-Phase Fault","FaultResistance","0.01"
"TransformerWithCTSaturationz_DISCONNECTED/Internal_Fault2","SubSystem","spsThreePhaseFaultLib/Three-Phase Fault","GroundResistance","0.01"
"TransformerWithCTSaturationz_DISCONNECTED/Internal_Fault2","SubSystem","spsThreePhaseFaultLib/Three-Phase Fault","SnubberResistance","1e6"
"TransformerWithCTSaturationz_DISCONNECTED/Internal_Fault2","SubSystem","spsThreePhaseFaultLib/Three-Phase Fault","SnubberCapacitance","inf"
"TransformerWithCTSaturationz_DISCONNECTED/Internal_Fault2","SubSystem","spsThreePhaseFaultLib/Three-Phase Fault","Measurements","None"
"TransformerWithCTSaturationz_DISCONNECTED/Internal_Fault3","SubSystem","spsThreePhaseFaultLib/Three-Phase Fault","InitialStates","0"
"TransformerWithCTSaturationz_DISCONNECTED/Internal_Fault3","SubSystem","spsThreePhaseFaultLib/Three-Phase Fault","FaultA","off"
"TransformerWithCTSaturationz_DISCONNECTED/Internal_Fault3","SubSystem","spsThreePhaseFaultLib/Three-Phase Fault","FaultB","off"
"TransformerWithCTSaturationz_DISCONNECTED/Internal_Fault3","SubSystem","spsThreePhaseFaultLib/Three-Phase Fault","FaultC","on"
"TransformerWithCTSaturationz_DISCONNECTED/Internal_Fault3","SubSystem","spsThreePhaseFaultLib/Three-Phase Fault","GroundFault","off"
"TransformerWithCTSaturationz_DISCONNECTED/Internal_Fault3","SubSystem","spsThreePhaseFaultLib/Three-Phase Fault","SwitchTimes","[0.05 1]"
"TransformerWithCTSaturationz_DISCONNECTED/Internal_Fault3","SubSystem","spsThreePhaseFaultLib/Three-Phase Fault","External","on"
"TransformerWithCTSaturationz_DISCONNECTED/Internal_Fault3","SubSystem","spsThreePhaseFaultLib/Three-Phase Fault","SwitchStatus","NaN"
"TransformerWithCTSaturationz_DISCONNECTED/Internal_Fault3","SubSystem","spsThreePhaseFaultLib/Three-Phase Fault","FaultResistance","0.01"
"TransformerWithCTSaturationz_DISCONNECTED/Internal_Fault3","SubSystem","spsThreePhaseFaultLib/Three-Phase Fault","GroundResistance","0.01"
"TransformerWithCTSaturationz_DISCONNECTED/Internal_Fault3","SubSystem","spsThreePhaseFaultLib/Three-Phase Fault","SnubberResistance","1e6"
"TransformerWithCTSaturationz_DISCONNECTED/Internal_Fault3","SubSystem","spsThreePhaseFaultLib/Three-Phase Fault","SnubberCapacitance","inf"
"TransformerWithCTSaturationz_DISCONNECTED/Internal_Fault3","SubSystem","spsThreePhaseFaultLib/Three-Phase Fault","Measurements","None"
"TransformerWithCTSaturationz_DISCONNECTED/Mux","Mux","","Inputs","3"
"TransformerWithCTSaturationz_DISCONNECTED/Mux","Mux","","DisplayOption","bar"
"TransformerWithCTSaturationz_DISCONNECTED/Mux1","Mux","","Inputs","3"
"TransformerWithCTSaturationz_DISCONNECTED/Mux1","Mux","","DisplayOption","bar"
"TransformerWithCTSaturationz_DISCONNECTED/Noise Merging Unit","SubSystem","","ShowPortLabels","FromPortIcon"
"TransformerWithCTSaturationz_DISCONNECTED/Noise Merging Unit","SubSystem","","Permissions","ReadWrite"
"TransformerWithCTSaturationz_DISCONNECTED/Noise Merging Unit","SubSystem","","PermitHierarchicalResolution","All"
"TransformerWithCTSaturationz_DISCONNECTED/Noise Merging Unit","SubSystem","","TreatAsAtomicUnit","off"
"TransformerWithCTSaturationz_DISCONNECTED/Noise Merging Unit","SubSystem","","ShowSubsystemReinitializePorts","off"
"TransformerWithCTSaturationz_DISCONNECTED/Noise Merging Unit","SubSystem","","MinAlgLoopOccurrences","off"
"TransformerWithCTSaturationz_DISCONNECTED/Noise Merging Unit","SubSystem","","ScheduleAs","Sample time"
"TransformerWithCTSaturationz_DISCONNECTED/Noise Merging Unit","SubSystem","","SystemSampleTime","-1"
"TransformerWithCTSaturationz_DISCONNECTED/Noise Merging Unit","SubSystem","","SetExecutionDomain","off"
"TransformerWithCTSaturationz_DISCONNECTED/Noise Merging Unit","SubSystem","","ExecutionDomainType","Deduce"
"TransformerWithCTSaturationz_DISCONNECTED/Noise Merging Unit","SubSystem","","RTWSystemCode","Auto"
"TransformerWithCTSaturationz_DISCONNECTED/Noise Merging Unit","SubSystem","","RTWFcnNameOpts","Auto"
"TransformerWithCTSaturationz_DISCONNECTED/Noise Merging Unit","SubSystem","","RTWFileNameOpts","Auto"
"TransformerWithCTSaturationz_DISCONNECTED/Noise Merging Unit","SubSystem","","FunctionInterfaceSpec","void_void"
"TransformerWithCTSaturationz_DISCONNECTED/Noise Merging Unit","SubSystem","","FunctionWithSeparateData","off"
"TransformerWithCTSaturationz_DISCONNECTED/Noise Merging Unit","SubSystem","","RTWMemSecFuncInitTerm","Inherit from model"
"TransformerWithCTSaturationz_DISCONNECTED/Noise Merging Unit","SubSystem","","RTWMemSecFuncExecute","Inherit from model"
"TransformerWithCTSaturationz_DISCONNECTED/Noise Merging Unit","SubSystem","","RTWMemSecDataConstants","Inherit from model"
"TransformerWithCTSaturationz_DISCONNECTED/Noise Merging Unit","SubSystem","","RTWMemSecDataInternal","Inherit from model"
"TransformerWithCTSaturationz_DISCONNECTED/Noise Merging Unit","SubSystem","","RTWMemSecDataParameters","Inherit from model"
"TransformerWithCTSaturationz_DISCONNECTED/Noise Merging Unit","SubSystem","","IsSubsystemVirtual","on"
"TransformerWithCTSaturationz_DISCONNECTED/Noise Merging Unit","SubSystem","","Variant","off"
"TransformerWithCTSaturationz_DISCONNECTED/Noise Merging Unit","SubSystem","","VariantChoices","[]"
"TransformerWithCTSaturationz_DISCONNECTED/Noise Merging Unit","SubSystem","","VariantControlMode","expression"
"TransformerWithCTSaturationz_DISCONNECTED/Noise Merging Unit","SubSystem","","VariantActivationTime","update diagram"
"TransformerWithCTSaturationz_DISCONNECTED/Noise Merging Unit","SubSystem","","AllowZeroVariantControls","off"
"TransformerWithCTSaturationz_DISCONNECTED/Noise Merging Unit","SubSystem","","PropagateVariantConditions","off"
"TransformerWithCTSaturationz_DISCONNECTED/Noise Merging Unit","SubSystem","","TreatAsGroupedWhenPropagatingVariantConditions","on"
"TransformerWithCTSaturationz_DISCONNECTED/Noise Merging Unit","SubSystem","","Latency","0"
"TransformerWithCTSaturationz_DISCONNECTED/Noise Merging Unit","SubSystem","","AutoFrameSizeCalculation","off"
"TransformerWithCTSaturationz_DISCONNECTED/Noise Merging Unit","SubSystem","","CompiledVariantActivationTime","update diagram"
"TransformerWithCTSaturationz_DISCONNECTED/Noise Merging Unit/IA_Prim","Inport","","Port","1"
"TransformerWithCTSaturationz_DISCONNECTED/Noise Merging Unit/IA_Prim","Inport","","IconDisplay","Port number"
"TransformerWithCTSaturationz_DISCONNECTED/Noise Merging Unit/IA_Prim","Inport","","OutputFunctionCall","off"
"TransformerWithCTSaturationz_DISCONNECTED/Noise Merging Unit/IA_Prim","Inport","","OutMin","[]"
"TransformerWithCTSaturationz_DISCONNECTED/Noise Merging Unit/IA_Prim","Inport","","OutMax","[]"
"TransformerWithCTSaturationz_DISCONNECTED/Noise Merging Unit/IA_Prim","Inport","","OutDataTypeStr","Inherit: auto"
"TransformerWithCTSaturationz_DISCONNECTED/Noise Merging Unit/IA_Prim","Inport","","LockScale","off"
"TransformerWithCTSaturationz_DISCONNECTED/Noise Merging Unit/IA_Prim","Inport","","BusOutputAsStruct","off"
"TransformerWithCTSaturationz_DISCONNECTED/Noise Merging Unit/IA_Prim","Inport","","BusVirtuality","inherit"
"TransformerWithCTSaturationz_DISCONNECTED/Noise Merging Unit/IA_Prim","Inport","","Unit","inherit"
"TransformerWithCTSaturationz_DISCONNECTED/Noise Merging Unit/IA_Prim","Inport","","PortDimensions","-1"
"TransformerWithCTSaturationz_DISCONNECTED/Noise Merging Unit/IA_Prim","Inport","","VarSizeSig","Inherit"
"TransformerWithCTSaturationz_DISCONNECTED/Noise Merging Unit/IA_Prim","Inport","","SampleTime","-1"
"TransformerWithCTSaturationz_DISCONNECTED/Noise Merging Unit/IA_Prim","Inport","","SignalType","auto"
"TransformerWithCTSaturationz_DISCONNECTED/Noise Merging Unit/IA_Prim","Inport","","LatchByDelayingOutsideSignal","off"
"TransformerWithCTSaturationz_DISCONNECTED/Noise Merging Unit/IA_Prim","Inport","","LatchInputForFeedbackSignals","off"
"TransformerWithCTSaturationz_DISCONNECTED/Noise Merging Unit/IA_Prim","Inport","","Interpolate","on"
"TransformerWithCTSaturationz_DISCONNECTED/Noise Merging Unit/IA_Prim","Inport","","DataMode","inherit"
"TransformerWithCTSaturationz_DISCONNECTED/Noise Merging Unit/IA_Prim","Inport","","MessageQueueUseDefaultAttributes","on"
"TransformerWithCTSaturationz_DISCONNECTED/Noise Merging Unit/IA_Prim","Inport","","MessageQueueCapacity","1"
"TransformerWithCTSaturationz_DISCONNECTED/Noise Merging Unit/IA_Prim","Inport","","MessageQueueType","LIFO"
"TransformerWithCTSaturationz_DISCONNECTED/Noise Merging Unit/IA_Prim","Inport","","MessageQueueOverwriting","on"
"TransformerWithCTSaturationz_DISCONNECTED/Noise Merging Unit/IA_Prim","Inport","","EventTriggers","[]"
"TransformerWithCTSaturationz_DISCONNECTED/Noise Merging Unit/IB_Prim","Inport","","Port","2"
"TransformerWithCTSaturationz_DISCONNECTED/Noise Merging Unit/IB_Prim","Inport","","IconDisplay","Port number"
"TransformerWithCTSaturationz_DISCONNECTED/Noise Merging Unit/IB_Prim","Inport","","OutputFunctionCall","off"
"TransformerWithCTSaturationz_DISCONNECTED/Noise Merging Unit/IB_Prim","Inport","","OutMin","[]"
"TransformerWithCTSaturationz_DISCONNECTED/Noise Merging Unit/IB_Prim","Inport","","OutMax","[]"
"TransformerWithCTSaturationz_DISCONNECTED/Noise Merging Unit/IB_Prim","Inport","","OutDataTypeStr","Inherit: auto"
"TransformerWithCTSaturationz_DISCONNECTED/Noise Merging Unit/IB_Prim","Inport","","LockScale","off"
"TransformerWithCTSaturationz_DISCONNECTED/Noise Merging Unit/IB_Prim","Inport","","BusOutputAsStruct","off"
"TransformerWithCTSaturationz_DISCONNECTED/Noise Merging Unit/IB_Prim","Inport","","BusVirtuality","inherit"
"TransformerWithCTSaturationz_DISCONNECTED/Noise Merging Unit/IB_Prim","Inport","","Unit","inherit"
"TransformerWithCTSaturationz_DISCONNECTED/Noise Merging Unit/IB_Prim","Inport","","PortDimensions","-1"
"TransformerWithCTSaturationz_DISCONNECTED/Noise Merging Unit/IB_Prim","Inport","","VarSizeSig","Inherit"
"TransformerWithCTSaturationz_DISCONNECTED/Noise Merging Unit/IB_Prim","Inport","","SampleTime","-1"
"TransformerWithCTSaturationz_DISCONNECTED/Noise Merging Unit/IB_Prim","Inport","","SignalType","auto"
"TransformerWithCTSaturationz_DISCONNECTED/Noise Merging Unit/IB_Prim","Inport","","LatchByDelayingOutsideSignal","off"
"TransformerWithCTSaturationz_DISCONNECTED/Noise Merging Unit/IB_Prim","Inport","","LatchInputForFeedbackSignals","off"
"TransformerWithCTSaturationz_DISCONNECTED/Noise Merging Unit/IB_Prim","Inport","","Interpolate","on"
"TransformerWithCTSaturationz_DISCONNECTED/Noise Merging Unit/IB_Prim","Inport","","DataMode","inherit"
"TransformerWithCTSaturationz_DISCONNECTED/Noise Merging Unit/IB_Prim","Inport","","MessageQueueUseDefaultAttributes","on"
"TransformerWithCTSaturationz_DISCONNECTED/Noise Merging Unit/IB_Prim","Inport","","MessageQueueCapacity","1"
"TransformerWithCTSaturationz_DISCONNECTED/Noise Merging Unit/IB_Prim","Inport","","MessageQueueType","LIFO"
"TransformerWithCTSaturationz_DISCONNECTED/Noise Merging Unit/IB_Prim","Inport","","MessageQueueOverwriting","on"
"TransformerWithCTSaturationz_DISCONNECTED/Noise Merging Unit/IB_Prim","Inport","","EventTriggers","[]"
"TransformerWithCTSaturationz_DISCONNECTED/Noise Merging Unit/IC_Prim","Inport","","Port","3"
"TransformerWithCTSaturationz_DISCONNECTED/Noise Merging Unit/IC_Prim","Inport","","IconDisplay","Port number"
"TransformerWithCTSaturationz_DISCONNECTED/Noise Merging Unit/IC_Prim","Inport","","OutputFunctionCall","off"
"TransformerWithCTSaturationz_DISCONNECTED/Noise Merging Unit/IC_Prim","Inport","","OutMin","[]"
"TransformerWithCTSaturationz_DISCONNECTED/Noise Merging Unit/IC_Prim","Inport","","OutMax","[]"
"TransformerWithCTSaturationz_DISCONNECTED/Noise Merging Unit/IC_Prim","Inport","","OutDataTypeStr","Inherit: auto"
"TransformerWithCTSaturationz_DISCONNECTED/Noise Merging Unit/IC_Prim","Inport","","LockScale","off"
"TransformerWithCTSaturationz_DISCONNECTED/Noise Merging Unit/IC_Prim","Inport","","BusOutputAsStruct","off"
"TransformerWithCTSaturationz_DISCONNECTED/Noise Merging Unit/IC_Prim","Inport","","BusVirtuality","inherit"
"TransformerWithCTSaturationz_DISCONNECTED/Noise Merging Unit/IC_Prim","Inport","","Unit","inherit"
"TransformerWithCTSaturationz_DISCONNECTED/Noise Merging Unit/IC_Prim","Inport","","PortDimensions","-1"
"TransformerWithCTSaturationz_DISCONNECTED/Noise Merging Unit/IC_Prim","Inport","","VarSizeSig","Inherit"
"TransformerWithCTSaturationz_DISCONNECTED/Noise Merging Unit/IC_Prim","Inport","","SampleTime","-1"
"TransformerWithCTSaturationz_DISCONNECTED/Noise Merging Unit/IC_Prim","Inport","","SignalType","auto"
"TransformerWithCTSaturationz_DISCONNECTED/Noise Merging Unit/IC_Prim","Inport","","LatchByDelayingOutsideSignal","off"
"TransformerWithCTSaturationz_DISCONNECTED/Noise Merging Unit/IC_Prim","Inport","","LatchInputForFeedbackSignals","off"
"TransformerWithCTSaturationz_DISCONNECTED/Noise Merging Unit/IC_Prim","Inport","","Interpolate","on"
"TransformerWithCTSaturationz_DISCONNECTED/Noise Merging Unit/IC_Prim","Inport","","DataMode","inherit"
"TransformerWithCTSaturationz_DISCONNECTED/Noise Merging Unit/IC_Prim","Inport","","MessageQueueUseDefaultAttributes","on"
"TransformerWithCTSaturationz_DISCONNECTED/Noise Merging Unit/IC_Prim","Inport","","MessageQueueCapacity","1"
"TransformerWithCTSaturationz_DISCONNECTED/Noise Merging Unit/IC_Prim","Inport","","MessageQueueType","LIFO"
"TransformerWithCTSaturationz_DISCONNECTED/Noise Merging Unit/IC_Prim","Inport","","MessageQueueOverwriting","on"
"TransformerWithCTSaturationz_DISCONNECTED/Noise Merging Unit/IC_Prim","Inport","","EventTriggers","[]"
"TransformerWithCTSaturationz_DISCONNECTED/Noise Merging Unit/IA_Sec","Inport","","Port","4"
"TransformerWithCTSaturationz_DISCONNECTED/Noise Merging Unit/IA_Sec","Inport","","IconDisplay","Port number"
"TransformerWithCTSaturationz_DISCONNECTED/Noise Merging Unit/IA_Sec","Inport","","OutputFunctionCall","off"
"TransformerWithCTSaturationz_DISCONNECTED/Noise Merging Unit/IA_Sec","Inport","","OutMin","[]"
"TransformerWithCTSaturationz_DISCONNECTED/Noise Merging Unit/IA_Sec","Inport","","OutMax","[]"
"TransformerWithCTSaturationz_DISCONNECTED/Noise Merging Unit/IA_Sec","Inport","","OutDataTypeStr","Inherit: auto"
"TransformerWithCTSaturationz_DISCONNECTED/Noise Merging Unit/IA_Sec","Inport","","LockScale","off"
"TransformerWithCTSaturationz_DISCONNECTED/Noise Merging Unit/IA_Sec","Inport","","BusOutputAsStruct","off"
"TransformerWithCTSaturationz_DISCONNECTED/Noise Merging Unit/IA_Sec","Inport","","BusVirtuality","inherit"
"TransformerWithCTSaturationz_DISCONNECTED/Noise Merging Unit/IA_Sec","Inport","","Unit","inherit"
"TransformerWithCTSaturationz_DISCONNECTED/Noise Merging Unit/IA_Sec","Inport","","PortDimensions","-1"
"TransformerWithCTSaturationz_DISCONNECTED/Noise Merging Unit/IA_Sec","Inport","","VarSizeSig","Inherit"
"TransformerWithCTSaturationz_DISCONNECTED/Noise Merging Unit/IA_Sec","Inport","","SampleTime","-1"
"TransformerWithCTSaturationz_DISCONNECTED/Noise Merging Unit/IA_Sec","Inport","","SignalType","auto"
"TransformerWithCTSaturationz_DISCONNECTED/Noise Merging Unit/IA_Sec","Inport","","LatchByDelayingOutsideSignal","off"
"TransformerWithCTSaturationz_DISCONNECTED/Noise Merging Unit/IA_Sec","Inport","","LatchInputForFeedbackSignals","off"
"TransformerWithCTSaturationz_DISCONNECTED/Noise Merging Unit/IA_Sec","Inport","","Interpolate","on"
"TransformerWithCTSaturationz_DISCONNECTED/Noise Merging Unit/IA_Sec","Inport","","DataMode","inherit"
"TransformerWithCTSaturationz_DISCONNECTED/Noise Merging Unit/IA_Sec","Inport","","MessageQueueUseDefaultAttributes","on"
"TransformerWithCTSaturationz_DISCONNECTED/Noise Merging Unit/IA_Sec","Inport","","MessageQueueCapacity","1"
"TransformerWithCTSaturationz_DISCONNECTED/Noise Merging Unit/IA_Sec","Inport","","MessageQueueType","LIFO"
"TransformerWithCTSaturationz_DISCONNECTED/Noise Merging Unit/IA_Sec","Inport","","MessageQueueOverwriting","on"
"TransformerWithCTSaturationz_DISCONNECTED/Noise Merging Unit/IA_Sec","Inport","","EventTriggers","[]"
"TransformerWithCTSaturationz_DISCONNECTED/Noise Merging Unit/IB_Sec","Inport","","Port","5"
"TransformerWithCTSaturationz_DISCONNECTED/Noise Merging Unit/IB_Sec","Inport","","IconDisplay","Port number"
"TransformerWithCTSaturationz_DISCONNECTED/Noise Merging Unit/IB_Sec","Inport","","OutputFunctionCall","off"
"TransformerWithCTSaturationz_DISCONNECTED/Noise Merging Unit/IB_Sec","Inport","","OutMin","[]"
"TransformerWithCTSaturationz_DISCONNECTED/Noise Merging Unit/IB_Sec","Inport","","OutMax","[]"
"TransformerWithCTSaturationz_DISCONNECTED/Noise Merging Unit/IB_Sec","Inport","","OutDataTypeStr","Inherit: auto"
"TransformerWithCTSaturationz_DISCONNECTED/Noise Merging Unit/IB_Sec","Inport","","LockScale","off"
"TransformerWithCTSaturationz_DISCONNECTED/Noise Merging Unit/IB_Sec","Inport","","BusOutputAsStruct","off"
"TransformerWithCTSaturationz_DISCONNECTED/Noise Merging Unit/IB_Sec","Inport","","BusVirtuality","inherit"
"TransformerWithCTSaturationz_DISCONNECTED/Noise Merging Unit/IB_Sec","Inport","","Unit","inherit"
"TransformerWithCTSaturationz_DISCONNECTED/Noise Merging Unit/IB_Sec","Inport","","PortDimensions","-1"
"TransformerWithCTSaturationz_DISCONNECTED/Noise Merging Unit/IB_Sec","Inport","","VarSizeSig","Inherit"
"TransformerWithCTSaturationz_DISCONNECTED/Noise Merging Unit/IB_Sec","Inport","","SampleTime","-1"
"TransformerWithCTSaturationz_DISCONNECTED/Noise Merging Unit/IB_Sec","Inport","","SignalType","auto"
"TransformerWithCTSaturationz_DISCONNECTED/Noise Merging Unit/IB_Sec","Inport","","LatchByDelayingOutsideSignal","off"
"TransformerWithCTSaturationz_DISCONNECTED/Noise Merging Unit/IB_Sec","Inport","","LatchInputForFeedbackSignals","off"
"TransformerWithCTSaturationz_DISCONNECTED/Noise Merging Unit/IB_Sec","Inport","","Interpolate","on"
"TransformerWithCTSaturationz_DISCONNECTED/Noise Merging Unit/IB_Sec","Inport","","DataMode","inherit"
"TransformerWithCTSaturationz_DISCONNECTED/Noise Merging Unit/IB_Sec","Inport","","MessageQueueUseDefaultAttributes","on"
"TransformerWithCTSaturationz_DISCONNECTED/Noise Merging Unit/IB_Sec","Inport","","MessageQueueCapacity","1"
"TransformerWithCTSaturationz_DISCONNECTED/Noise Merging Unit/IB_Sec","Inport","","MessageQueueType","LIFO"
"TransformerWithCTSaturationz_DISCONNECTED/Noise Merging Unit/IB_Sec","Inport","","MessageQueueOverwriting","on"
"TransformerWithCTSaturationz_DISCONNECTED/Noise Merging Unit/IB_Sec","Inport","","EventTriggers","[]"
"TransformerWithCTSaturationz_DISCONNECTED/Noise Merging Unit/IC_Sec","Inport","","Port","6"
"TransformerWithCTSaturationz_DISCONNECTED/Noise Merging Unit/IC_Sec","Inport","","IconDisplay","Port number"
"TransformerWithCTSaturationz_DISCONNECTED/Noise Merging Unit/IC_Sec","Inport","","OutputFunctionCall","off"
"TransformerWithCTSaturationz_DISCONNECTED/Noise Merging Unit/IC_Sec","Inport","","OutMin","[]"
"TransformerWithCTSaturationz_DISCONNECTED/Noise Merging Unit/IC_Sec","Inport","","OutMax","[]"
"TransformerWithCTSaturationz_DISCONNECTED/Noise Merging Unit/IC_Sec","Inport","","OutDataTypeStr","Inherit: auto"
"TransformerWithCTSaturationz_DISCONNECTED/Noise Merging Unit/IC_Sec","Inport","","LockScale","off"
"TransformerWithCTSaturationz_DISCONNECTED/Noise Merging Unit/IC_Sec","Inport","","BusOutputAsStruct","off"
"TransformerWithCTSaturationz_DISCONNECTED/Noise Merging Unit/IC_Sec","Inport","","BusVirtuality","inherit"
"TransformerWithCTSaturationz_DISCONNECTED/Noise Merging Unit/IC_Sec","Inport","","Unit","inherit"
"TransformerWithCTSaturationz_DISCONNECTED/Noise Merging Unit/IC_Sec","Inport","","PortDimensions","-1"
"TransformerWithCTSaturationz_DISCONNECTED/Noise Merging Unit/IC_Sec","Inport","","VarSizeSig","Inherit"
"TransformerWithCTSaturationz_DISCONNECTED/Noise Merging Unit/IC_Sec","Inport","","SampleTime","-1"
"TransformerWithCTSaturationz_DISCONNECTED/Noise Merging Unit/IC_Sec","Inport","","SignalType","auto"
"TransformerWithCTSaturationz_DISCONNECTED/Noise Merging Unit/IC_Sec","Inport","","LatchByDelayingOutsideSignal","off"
"TransformerWithCTSaturationz_DISCONNECTED/Noise Merging Unit/IC_Sec","Inport","","LatchInputForFeedbackSignals","off"
"TransformerWithCTSaturationz_DISCONNECTED/Noise Merging Unit/IC_Sec","Inport","","Interpolate","on"
"TransformerWithCTSaturationz_DISCONNECTED/Noise Merging Unit/IC_Sec","Inport","","DataMode","inherit"
"TransformerWithCTSaturationz_DISCONNECTED/Noise Merging Unit/IC_Sec","Inport","","MessageQueueUseDefaultAttributes","on"
"TransformerWithCTSaturationz_DISCONNECTED/Noise Merging Unit/IC_Sec","Inport","","MessageQueueCapacity","1"
"TransformerWithCTSaturationz_DISCONNECTED/Noise Merging Unit/IC_Sec","Inport","","MessageQueueType","LIFO"
"TransformerWithCTSaturationz_DISCONNECTED/Noise Merging Unit/IC_Sec","Inport","","MessageQueueOverwriting","on"
"TransformerWithCTSaturationz_DISCONNECTED/Noise Merging Unit/IC_Sec","Inport","","EventTriggers","[]"
"TransformerWithCTSaturationz_DISCONNECTED/Noise Merging Unit/Add","Sum","","IconShape","rectangular"
"TransformerWithCTSaturationz_DISCONNECTED/Noise Merging Unit/Add","Sum","","Inputs","++"
"TransformerWithCTSaturationz_DISCONNECTED/Noise Merging Unit/Add","Sum","","CollapseMode","All dimensions"
"TransformerWithCTSaturationz_DISCONNECTED/Noise Merging Unit/Add","Sum","","CollapseDim","1"
"TransformerWithCTSaturationz_DISCONNECTED/Noise Merging Unit/Add","Sum","","InputSameDT","off"
"TransformerWithCTSaturationz_DISCONNECTED/Noise Merging Unit/Add","Sum","","AccumDataTypeStr","Inherit: Inherit via internal rule"
"TransformerWithCTSaturationz_DISCONNECTED/Noise Merging Unit/Add","Sum","","OutMin","[]"
"TransformerWithCTSaturationz_DISCONNECTED/Noise Merging Unit/Add","Sum","","OutMax","[]"
"TransformerWithCTSaturationz_DISCONNECTED/Noise Merging Unit/Add","Sum","","OutDataTypeStr","Inherit: Inherit via internal rule"
"TransformerWithCTSaturationz_DISCONNECTED/Noise Merging Unit/Add","Sum","","LockScale","off"
"TransformerWithCTSaturationz_DISCONNECTED/Noise Merging Unit/Add","Sum","","RndMeth","Floor"
"TransformerWithCTSaturationz_DISCONNECTED/Noise Merging Unit/Add","Sum","","SaturateOnIntegerOverflow","off"
"TransformerWithCTSaturationz_DISCONNECTED/Noise Merging Unit/Add","Sum","","SampleTime","-1"
"TransformerWithCTSaturationz_DISCONNECTED/Noise Merging Unit/Add1","Sum","","IconShape","rectangular"
"TransformerWithCTSaturationz_DISCONNECTED/Noise Merging Unit/Add1","Sum","","Inputs","++"
"TransformerWithCTSaturationz_DISCONNECTED/Noise Merging Unit/Add1","Sum","","CollapseMode","All dimensions"
"TransformerWithCTSaturationz_DISCONNECTED/Noise Merging Unit/Add1","Sum","","CollapseDim","1"
"TransformerWithCTSaturationz_DISCONNECTED/Noise Merging Unit/Add1","Sum","","InputSameDT","off"
"TransformerWithCTSaturationz_DISCONNECTED/Noise Merging Unit/Add1","Sum","","AccumDataTypeStr","Inherit: Inherit via internal rule"
"TransformerWithCTSaturationz_DISCONNECTED/Noise Merging Unit/Add1","Sum","","OutMin","[]"
"TransformerWithCTSaturationz_DISCONNECTED/Noise Merging Unit/Add1","Sum","","OutMax","[]"
"TransformerWithCTSaturationz_DISCONNECTED/Noise Merging Unit/Add1","Sum","","OutDataTypeStr","Inherit: Inherit via internal rule"
"TransformerWithCTSaturationz_DISCONNECTED/Noise Merging Unit/Add1","Sum","","LockScale","off"
"TransformerWithCTSaturationz_DISCONNECTED/Noise Merging Unit/Add1","Sum","","RndMeth","Floor"
"TransformerWithCTSaturationz_DISCONNECTED/Noise Merging Unit/Add1","Sum","","SaturateOnIntegerOverflow","off"
"TransformerWithCTSaturationz_DISCONNECTED/Noise Merging Unit/Add1","Sum","","SampleTime","-1"
"TransformerWithCTSaturationz_DISCONNECTED/Noise Merging Unit/Add2","Sum","","IconShape","rectangular"
"TransformerWithCTSaturationz_DISCONNECTED/Noise Merging Unit/Add2","Sum","","Inputs","++"
"TransformerWithCTSaturationz_DISCONNECTED/Noise Merging Unit/Add2","Sum","","CollapseMode","All dimensions"
"TransformerWithCTSaturationz_DISCONNECTED/Noise Merging Unit/Add2","Sum","","CollapseDim","1"
"TransformerWithCTSaturationz_DISCONNECTED/Noise Merging Unit/Add2","Sum","","InputSameDT","off"
"TransformerWithCTSaturationz_DISCONNECTED/Noise Merging Unit/Add2","Sum","","AccumDataTypeStr","Inherit: Inherit via internal rule"
"TransformerWithCTSaturationz_DISCONNECTED/Noise Merging Unit/Add2","Sum","","OutMin","[]"
"TransformerWithCTSaturationz_DISCONNECTED/Noise Merging Unit/Add2","Sum","","OutMax","[]"
"TransformerWithCTSaturationz_DISCONNECTED/Noise Merging Unit/Add2","Sum","","OutDataTypeStr","Inherit: Inherit via internal rule"
"TransformerWithCTSaturationz_DISCONNECTED/Noise Merging Unit/Add2","Sum","","LockScale","off"
"TransformerWithCTSaturationz_DISCONNECTED/Noise Merging Unit/Add2","Sum","","RndMeth","Floor"
"TransformerWithCTSaturationz_DISCONNECTED/Noise Merging Unit/Add2","Sum","","SaturateOnIntegerOverflow","off"
"TransformerWithCTSaturationz_DISCONNECTED/Noise Merging Unit/Add2","Sum","","SampleTime","-1"
"TransformerWithCTSaturationz_DISCONNECTED/Noise Merging Unit/Add3","Sum","","IconShape","rectangular"
"TransformerWithCTSaturationz_DISCONNECTED/Noise Merging Unit/Add3","Sum","","Inputs","++"
"TransformerWithCTSaturationz_DISCONNECTED/Noise Merging Unit/Add3","Sum","","CollapseMode","All dimensions"
"TransformerWithCTSaturationz_DISCONNECTED/Noise Merging Unit/Add3","Sum","","CollapseDim","1"
"TransformerWithCTSaturationz_DISCONNECTED/Noise Merging Unit/Add3","Sum","","InputSameDT","off"
"TransformerWithCTSaturationz_DISCONNECTED/Noise Merging Unit/Add3","Sum","","AccumDataTypeStr","Inherit: Inherit via internal rule"
"TransformerWithCTSaturationz_DISCONNECTED/Noise Merging Unit/Add3","Sum","","OutMin","[]"
"TransformerWithCTSaturationz_DISCONNECTED/Noise Merging Unit/Add3","Sum","","OutMax","[]"
"TransformerWithCTSaturationz_DISCONNECTED/Noise Merging Unit/Add3","Sum","","OutDataTypeStr","Inherit: Inherit via internal rule"
"TransformerWithCTSaturationz_DISCONNECTED/Noise Merging Unit/Add3","Sum","","LockScale","off"
"TransformerWithCTSaturationz_DISCONNECTED/Noise Merging Unit/Add3","Sum","","RndMeth","Floor"
"TransformerWithCTSaturationz_DISCONNECTED/Noise Merging Unit/Add3","Sum","","SaturateOnIntegerOverflow","off"
"TransformerWithCTSaturationz_DISCONNECTED/Noise Merging Unit/Add3","Sum","","SampleTime","-1"
"TransformerWithCTSaturationz_DISCONNECTED/Noise Merging Unit/Add4","Sum","","IconShape","rectangular"
"TransformerWithCTSaturationz_DISCONNECTED/Noise Merging Unit/Add4","Sum","","Inputs","++"
"TransformerWithCTSaturationz_DISCONNECTED/Noise Merging Unit/Add4","Sum","","CollapseMode","All dimensions"
"TransformerWithCTSaturationz_DISCONNECTED/Noise Merging Unit/Add4","Sum","","CollapseDim","1"
"TransformerWithCTSaturationz_DISCONNECTED/Noise Merging Unit/Add4","Sum","","InputSameDT","off"
"TransformerWithCTSaturationz_DISCONNECTED/Noise Merging Unit/Add4","Sum","","AccumDataTypeStr","Inherit: Inherit via internal rule"
"TransformerWithCTSaturationz_DISCONNECTED/Noise Merging Unit/Add4","Sum","","OutMin","[]"
"TransformerWithCTSaturationz_DISCONNECTED/Noise Merging Unit/Add4","Sum","","OutMax","[]"
"TransformerWithCTSaturationz_DISCONNECTED/Noise Merging Unit/Add4","Sum","","OutDataTypeStr","Inherit: Inherit via internal rule"
"TransformerWithCTSaturationz_DISCONNECTED/Noise Merging Unit/Add4","Sum","","LockScale","off"
"TransformerWithCTSaturationz_DISCONNECTED/Noise Merging Unit/Add4","Sum","","RndMeth","Floor"
"TransformerWithCTSaturationz_DISCONNECTED/Noise Merging Unit/Add4","Sum","","SaturateOnIntegerOverflow","off"
"TransformerWithCTSaturationz_DISCONNECTED/Noise Merging Unit/Add4","Sum","","SampleTime","-1"
"TransformerWithCTSaturationz_DISCONNECTED/Noise Merging Unit/Add5","Sum","","IconShape","rectangular"
"TransformerWithCTSaturationz_DISCONNECTED/Noise Merging Unit/Add5","Sum","","Inputs","++"
"TransformerWithCTSaturationz_DISCONNECTED/Noise Merging Unit/Add5","Sum","","CollapseMode","All dimensions"
"TransformerWithCTSaturationz_DISCONNECTED/Noise Merging Unit/Add5","Sum","","CollapseDim","1"
"TransformerWithCTSaturationz_DISCONNECTED/Noise Merging Unit/Add5","Sum","","InputSameDT","off"
"TransformerWithCTSaturationz_DISCONNECTED/Noise Merging Unit/Add5","Sum","","AccumDataTypeStr","Inherit: Inherit via internal rule"
"TransformerWithCTSaturationz_DISCONNECTED/Noise Merging Unit/Add5","Sum","","OutMin","[]"
"TransformerWithCTSaturationz_DISCONNECTED/Noise Merging Unit/Add5","Sum","","OutMax","[]"
"TransformerWithCTSaturationz_DISCONNECTED/Noise Merging Unit/Add5","Sum","","OutDataTypeStr","Inherit: Inherit via internal rule"
"TransformerWithCTSaturationz_DISCONNECTED/Noise Merging Unit/Add5","Sum","","LockScale","off"
"TransformerWithCTSaturationz_DISCONNECTED/Noise Merging Unit/Add5","Sum","","RndMeth","Floor"
"TransformerWithCTSaturationz_DISCONNECTED/Noise Merging Unit/Add5","Sum","","SaturateOnIntegerOverflow","off"
"TransformerWithCTSaturationz_DISCONNECTED/Noise Merging Unit/Add5","Sum","","SampleTime","-1"
"TransformerWithCTSaturationz_DISCONNECTED/Noise Merging Unit/Band-Limited
White Noise","SubSystem","simulink/Sources/Band-Limited
White Noise","Cov","[0.1]"
"TransformerWithCTSaturationz_DISCONNECTED/Noise Merging Unit/Band-Limited
White Noise","SubSystem","simulink/Sources/Band-Limited
White Noise","Ts","0.0001"
"TransformerWithCTSaturationz_DISCONNECTED/Noise Merging Unit/Band-Limited
White Noise","SubSystem","simulink/Sources/Band-Limited
White Noise","seed","[23341]"
"TransformerWithCTSaturationz_DISCONNECTED/Noise Merging Unit/Band-Limited
White Noise","SubSystem","simulink/Sources/Band-Limited
White Noise","VectorParams1D","on"
"TransformerWithCTSaturationz_DISCONNECTED/Noise Merging Unit/CT_Gain_Mismatch_1","Gain","","Gain","1.140728"
"TransformerWithCTSaturationz_DISCONNECTED/Noise Merging Unit/CT_Gain_Mismatch_1","Gain","","Multiplication","Element-wise(K.*u)"
"TransformerWithCTSaturationz_DISCONNECTED/Noise Merging Unit/CT_Gain_Mismatch_1","Gain","","ParamMin","[]"
"TransformerWithCTSaturationz_DISCONNECTED/Noise Merging Unit/CT_Gain_Mismatch_1","Gain","","ParamMax","[]"
"TransformerWithCTSaturationz_DISCONNECTED/Noise Merging Unit/CT_Gain_Mismatch_1","Gain","","ParamDataTypeStr","Inherit: Inherit via internal rule"
"TransformerWithCTSaturationz_DISCONNECTED/Noise Merging Unit/CT_Gain_Mismatch_1","Gain","","OutMin","[]"
"TransformerWithCTSaturationz_DISCONNECTED/Noise Merging Unit/CT_Gain_Mismatch_1","Gain","","OutMax","[]"
"TransformerWithCTSaturationz_DISCONNECTED/Noise Merging Unit/CT_Gain_Mismatch_1","Gain","","OutDataTypeStr","Inherit: Inherit via internal rule"
"TransformerWithCTSaturationz_DISCONNECTED/Noise Merging Unit/CT_Gain_Mismatch_1","Gain","","LockScale","off"
"TransformerWithCTSaturationz_DISCONNECTED/Noise Merging Unit/CT_Gain_Mismatch_1","Gain","","RndMeth","Floor"
"TransformerWithCTSaturationz_DISCONNECTED/Noise Merging Unit/CT_Gain_Mismatch_1","Gain","","SaturateOnIntegerOverflow","off"
"TransformerWithCTSaturationz_DISCONNECTED/Noise Merging Unit/CT_Gain_Mismatch_1","Gain","","SampleTime","-1"
"TransformerWithCTSaturationz_DISCONNECTED/Noise Merging Unit/CT_Gain_Mismatch_2","Gain","","Gain","1.084216"
"TransformerWithCTSaturationz_DISCONNECTED/Noise Merging Unit/CT_Gain_Mismatch_2","Gain","","Multiplication","Element-wise(K.*u)"
"TransformerWithCTSaturationz_DISCONNECTED/Noise Merging Unit/CT_Gain_Mismatch_2","Gain","","ParamMin","[]"
"TransformerWithCTSaturationz_DISCONNECTED/Noise Merging Unit/CT_Gain_Mismatch_2","Gain","","ParamMax","[]"
"TransformerWithCTSaturationz_DISCONNECTED/Noise Merging Unit/CT_Gain_Mismatch_2","Gain","","ParamDataTypeStr","Inherit: Inherit via internal rule"
"TransformerWithCTSaturationz_DISCONNECTED/Noise Merging Unit/CT_Gain_Mismatch_2","Gain","","OutMin","[]"
"TransformerWithCTSaturationz_DISCONNECTED/Noise Merging Unit/CT_Gain_Mismatch_2","Gain","","OutMax","[]"
"TransformerWithCTSaturationz_DISCONNECTED/Noise Merging Unit/CT_Gain_Mismatch_2","Gain","","OutDataTypeStr","Inherit: Inherit via internal rule"
"TransformerWithCTSaturationz_DISCONNECTED/Noise Merging Unit/CT_Gain_Mismatch_2","Gain","","LockScale","off"
"TransformerWithCTSaturationz_DISCONNECTED/Noise Merging Unit/CT_Gain_Mismatch_2","Gain","","RndMeth","Floor"
"TransformerWithCTSaturationz_DISCONNECTED/Noise Merging Unit/CT_Gain_Mismatch_2","Gain","","SaturateOnIntegerOverflow","off"
"TransformerWithCTSaturationz_DISCONNECTED/Noise Merging Unit/CT_Gain_Mismatch_2","Gain","","SampleTime","-1"
"TransformerWithCTSaturationz_DISCONNECTED/Noise Merging Unit/CT_Gain_Mismatch_3","Gain","","Gain","1.068705"
"TransformerWithCTSaturationz_DISCONNECTED/Noise Merging Unit/CT_Gain_Mismatch_3","Gain","","Multiplication","Element-wise(K.*u)"
"TransformerWithCTSaturationz_DISCONNECTED/Noise Merging Unit/CT_Gain_Mismatch_3","Gain","","ParamMin","[]"
"TransformerWithCTSaturationz_DISCONNECTED/Noise Merging Unit/CT_Gain_Mismatch_3","Gain","","ParamMax","[]"
"TransformerWithCTSaturationz_DISCONNECTED/Noise Merging Unit/CT_Gain_Mismatch_3","Gain","","ParamDataTypeStr","Inherit: Inherit via internal rule"
"TransformerWithCTSaturationz_DISCONNECTED/Noise Merging Unit/CT_Gain_Mismatch_3","Gain","","OutMin","[]"
"TransformerWithCTSaturationz_DISCONNECTED/Noise Merging Unit/CT_Gain_Mismatch_3","Gain","","OutMax","[]"
"TransformerWithCTSaturationz_DISCONNECTED/Noise Merging Unit/CT_Gain_Mismatch_3","Gain","","OutDataTypeStr","Inherit: Inherit via internal rule"
"TransformerWithCTSaturationz_DISCONNECTED/Noise Merging Unit/CT_Gain_Mismatch_3","Gain","","LockScale","off"
"TransformerWithCTSaturationz_DISCONNECTED/Noise Merging Unit/CT_Gain_Mismatch_3","Gain","","RndMeth","Floor"
"TransformerWithCTSaturationz_DISCONNECTED/Noise Merging Unit/CT_Gain_Mismatch_3","Gain","","SaturateOnIntegerOverflow","off"
"TransformerWithCTSaturationz_DISCONNECTED/Noise Merging Unit/CT_Gain_Mismatch_3","Gain","","SampleTime","-1"
"TransformerWithCTSaturationz_DISCONNECTED/Noise Merging Unit/CT_Gain_Mismatch_4","Gain","","Gain","1.079695"
"TransformerWithCTSaturationz_DISCONNECTED/Noise Merging Unit/CT_Gain_Mismatch_4","Gain","","Multiplication","Element-wise(K.*u)"
"TransformerWithCTSaturationz_DISCONNECTED/Noise Merging Unit/CT_Gain_Mismatch_4","Gain","","ParamMin","[]"
"TransformerWithCTSaturationz_DISCONNECTED/Noise Merging Unit/CT_Gain_Mismatch_4","Gain","","ParamMax","[]"
"TransformerWithCTSaturationz_DISCONNECTED/Noise Merging Unit/CT_Gain_Mismatch_4","Gain","","ParamDataTypeStr","Inherit: Inherit via internal rule"
"TransformerWithCTSaturationz_DISCONNECTED/Noise Merging Unit/CT_Gain_Mismatch_4","Gain","","OutMin","[]"
"TransformerWithCTSaturationz_DISCONNECTED/Noise Merging Unit/CT_Gain_Mismatch_4","Gain","","OutMax","[]"
"TransformerWithCTSaturationz_DISCONNECTED/Noise Merging Unit/CT_Gain_Mismatch_4","Gain","","OutDataTypeStr","Inherit: Inherit via internal rule"
"TransformerWithCTSaturationz_DISCONNECTED/Noise Merging Unit/CT_Gain_Mismatch_4","Gain","","LockScale","off"
"TransformerWithCTSaturationz_DISCONNECTED/Noise Merging Unit/CT_Gain_Mismatch_4","Gain","","RndMeth","Floor"
"TransformerWithCTSaturationz_DISCONNECTED/Noise Merging Unit/CT_Gain_Mismatch_4","Gain","","SaturateOnIntegerOverflow","off"
"TransformerWithCTSaturationz_DISCONNECTED/Noise Merging Unit/CT_Gain_Mismatch_4","Gain","","SampleTime","-1"
"TransformerWithCTSaturationz_DISCONNECTED/Noise Merging Unit/CT_Gain_Mismatch_5","Gain","","Gain","1.076974"
"TransformerWithCTSaturationz_DISCONNECTED/Noise Merging Unit/CT_Gain_Mismatch_5","Gain","","Multiplication","Element-wise(K.*u)"
"TransformerWithCTSaturationz_DISCONNECTED/Noise Merging Unit/CT_Gain_Mismatch_5","Gain","","ParamMin","[]"
"TransformerWithCTSaturationz_DISCONNECTED/Noise Merging Unit/CT_Gain_Mismatch_5","Gain","","ParamMax","[]"
"TransformerWithCTSaturationz_DISCONNECTED/Noise Merging Unit/CT_Gain_Mismatch_5","Gain","","ParamDataTypeStr","Inherit: Inherit via internal rule"
"TransformerWithCTSaturationz_DISCONNECTED/Noise Merging Unit/CT_Gain_Mismatch_5","Gain","","OutMin","[]"
"TransformerWithCTSaturationz_DISCONNECTED/Noise Merging Unit/CT_Gain_Mismatch_5","Gain","","OutMax","[]"
"TransformerWithCTSaturationz_DISCONNECTED/Noise Merging Unit/CT_Gain_Mismatch_5","Gain","","OutDataTypeStr","Inherit: Inherit via internal rule"
"TransformerWithCTSaturationz_DISCONNECTED/Noise Merging Unit/CT_Gain_Mismatch_5","Gain","","LockScale","off"
"TransformerWithCTSaturationz_DISCONNECTED/Noise Merging Unit/CT_Gain_Mismatch_5","Gain","","RndMeth","Floor"
"TransformerWithCTSaturationz_DISCONNECTED/Noise Merging Unit/CT_Gain_Mismatch_5","Gain","","SaturateOnIntegerOverflow","off"
"TransformerWithCTSaturationz_DISCONNECTED/Noise Merging Unit/CT_Gain_Mismatch_5","Gain","","SampleTime","-1"
"TransformerWithCTSaturationz_DISCONNECTED/Noise Merging Unit/CT_Gain_Mismatch_6","Gain","","Gain","1.102981"
"TransformerWithCTSaturationz_DISCONNECTED/Noise Merging Unit/CT_Gain_Mismatch_6","Gain","","Multiplication","Element-wise(K.*u)"
"TransformerWithCTSaturationz_DISCONNECTED/Noise Merging Unit/CT_Gain_Mismatch_6","Gain","","ParamMin","[]"
"TransformerWithCTSaturationz_DISCONNECTED/Noise Merging Unit/CT_Gain_Mismatch_6","Gain","","ParamMax","[]"
"TransformerWithCTSaturationz_DISCONNECTED/Noise Merging Unit/CT_Gain_Mismatch_6","Gain","","ParamDataTypeStr","Inherit: Inherit via internal rule"
"TransformerWithCTSaturationz_DISCONNECTED/Noise Merging Unit/CT_Gain_Mismatch_6","Gain","","OutMin","[]"
"TransformerWithCTSaturationz_DISCONNECTED/Noise Merging Unit/CT_Gain_Mismatch_6","Gain","","OutMax","[]"
"TransformerWithCTSaturationz_DISCONNECTED/Noise Merging Unit/CT_Gain_Mismatch_6","Gain","","OutDataTypeStr","Inherit: Inherit via internal rule"
"TransformerWithCTSaturationz_DISCONNECTED/Noise Merging Unit/CT_Gain_Mismatch_6","Gain","","LockScale","off"
"TransformerWithCTSaturationz_DISCONNECTED/Noise Merging Unit/CT_Gain_Mismatch_6","Gain","","RndMeth","Floor"
"TransformerWithCTSaturationz_DISCONNECTED/Noise Merging Unit/CT_Gain_Mismatch_6","Gain","","SaturateOnIntegerOverflow","off"
"TransformerWithCTSaturationz_DISCONNECTED/Noise Merging Unit/CT_Gain_Mismatch_6","Gain","","SampleTime","-1"
"TransformerWithCTSaturationz_DISCONNECTED/Noise Merging Unit/Noise_Gain_1","Gain","","Gain","0.185167"
"TransformerWithCTSaturationz_DISCONNECTED/Noise Merging Unit/Noise_Gain_1","Gain","","Multiplication","Element-wise(K.*u)"
"TransformerWithCTSaturationz_DISCONNECTED/Noise Merging Unit/Noise_Gain_1","Gain","","ParamMin","[]"
"TransformerWithCTSaturationz_DISCONNECTED/Noise Merging Unit/Noise_Gain_1","Gain","","ParamMax","[]"
"TransformerWithCTSaturationz_DISCONNECTED/Noise Merging Unit/Noise_Gain_1","Gain","","ParamDataTypeStr","Inherit: Inherit via internal rule"
"TransformerWithCTSaturationz_DISCONNECTED/Noise Merging Unit/Noise_Gain_1","Gain","","OutMin","[]"
"TransformerWithCTSaturationz_DISCONNECTED/Noise Merging Unit/Noise_Gain_1","Gain","","OutMax","[]"
"TransformerWithCTSaturationz_DISCONNECTED/Noise Merging Unit/Noise_Gain_1","Gain","","OutDataTypeStr","Inherit: Inherit via internal rule"
"TransformerWithCTSaturationz_DISCONNECTED/Noise Merging Unit/Noise_Gain_1","Gain","","LockScale","off"
"TransformerWithCTSaturationz_DISCONNECTED/Noise Merging Unit/Noise_Gain_1","Gain","","RndMeth","Floor"
"TransformerWithCTSaturationz_DISCONNECTED/Noise Merging Unit/Noise_Gain_1","Gain","","SaturateOnIntegerOverflow","off"
"TransformerWithCTSaturationz_DISCONNECTED/Noise Merging Unit/Noise_Gain_1","Gain","","SampleTime","-1"
"TransformerWithCTSaturationz_DISCONNECTED/Noise Merging Unit/Noise_Gain_2","Gain","","Gain","0.185167"
"TransformerWithCTSaturationz_DISCONNECTED/Noise Merging Unit/Noise_Gain_2","Gain","","Multiplication","Element-wise(K.*u)"
"TransformerWithCTSaturationz_DISCONNECTED/Noise Merging Unit/Noise_Gain_2","Gain","","ParamMin","[]"
"TransformerWithCTSaturationz_DISCONNECTED/Noise Merging Unit/Noise_Gain_2","Gain","","ParamMax","[]"
"TransformerWithCTSaturationz_DISCONNECTED/Noise Merging Unit/Noise_Gain_2","Gain","","ParamDataTypeStr","Inherit: Inherit via internal rule"
"TransformerWithCTSaturationz_DISCONNECTED/Noise Merging Unit/Noise_Gain_2","Gain","","OutMin","[]"
"TransformerWithCTSaturationz_DISCONNECTED/Noise Merging Unit/Noise_Gain_2","Gain","","OutMax","[]"
"TransformerWithCTSaturationz_DISCONNECTED/Noise Merging Unit/Noise_Gain_2","Gain","","OutDataTypeStr","Inherit: Inherit via internal rule"
"TransformerWithCTSaturationz_DISCONNECTED/Noise Merging Unit/Noise_Gain_2","Gain","","LockScale","off"
"TransformerWithCTSaturationz_DISCONNECTED/Noise Merging Unit/Noise_Gain_2","Gain","","RndMeth","Floor"
"TransformerWithCTSaturationz_DISCONNECTED/Noise Merging Unit/Noise_Gain_2","Gain","","SaturateOnIntegerOverflow","off"
"TransformerWithCTSaturationz_DISCONNECTED/Noise Merging Unit/Noise_Gain_2","Gain","","SampleTime","-1"
"TransformerWithCTSaturationz_DISCONNECTED/Noise Merging Unit/Noise_Gain_3","Gain","","Gain","0.185167"
"TransformerWithCTSaturationz_DISCONNECTED/Noise Merging Unit/Noise_Gain_3","Gain","","Multiplication","Element-wise(K.*u)"
"TransformerWithCTSaturationz_DISCONNECTED/Noise Merging Unit/Noise_Gain_3","Gain","","ParamMin","[]"
"TransformerWithCTSaturationz_DISCONNECTED/Noise Merging Unit/Noise_Gain_3","Gain","","ParamMax","[]"
"TransformerWithCTSaturationz_DISCONNECTED/Noise Merging Unit/Noise_Gain_3","Gain","","ParamDataTypeStr","Inherit: Inherit via internal rule"
"TransformerWithCTSaturationz_DISCONNECTED/Noise Merging Unit/Noise_Gain_3","Gain","","OutMin","[]"
"TransformerWithCTSaturationz_DISCONNECTED/Noise Merging Unit/Noise_Gain_3","Gain","","OutMax","[]"
"TransformerWithCTSaturationz_DISCONNECTED/Noise Merging Unit/Noise_Gain_3","Gain","","OutDataTypeStr","Inherit: Inherit via internal rule"
"TransformerWithCTSaturationz_DISCONNECTED/Noise Merging Unit/Noise_Gain_3","Gain","","LockScale","off"
"TransformerWithCTSaturationz_DISCONNECTED/Noise Merging Unit/Noise_Gain_3","Gain","","RndMeth","Floor"
"TransformerWithCTSaturationz_DISCONNECTED/Noise Merging Unit/Noise_Gain_3","Gain","","SaturateOnIntegerOverflow","off"
"TransformerWithCTSaturationz_DISCONNECTED/Noise Merging Unit/Noise_Gain_3","Gain","","SampleTime","-1"
"TransformerWithCTSaturationz_DISCONNECTED/Noise Merging Unit/Noise_Gain_4","Gain","","Gain","0.185167"
"TransformerWithCTSaturationz_DISCONNECTED/Noise Merging Unit/Noise_Gain_4","Gain","","Multiplication","Element-wise(K.*u)"
"TransformerWithCTSaturationz_DISCONNECTED/Noise Merging Unit/Noise_Gain_4","Gain","","ParamMin","[]"
"TransformerWithCTSaturationz_DISCONNECTED/Noise Merging Unit/Noise_Gain_4","Gain","","ParamMax","[]"
"TransformerWithCTSaturationz_DISCONNECTED/Noise Merging Unit/Noise_Gain_4","Gain","","ParamDataTypeStr","Inherit: Inherit via internal rule"
"TransformerWithCTSaturationz_DISCONNECTED/Noise Merging Unit/Noise_Gain_4","Gain","","OutMin","[]"
"TransformerWithCTSaturationz_DISCONNECTED/Noise Merging Unit/Noise_Gain_4","Gain","","OutMax","[]"
"TransformerWithCTSaturationz_DISCONNECTED/Noise Merging Unit/Noise_Gain_4","Gain","","OutDataTypeStr","Inherit: Inherit via internal rule"
"TransformerWithCTSaturationz_DISCONNECTED/Noise Merging Unit/Noise_Gain_4","Gain","","LockScale","off"
"TransformerWithCTSaturationz_DISCONNECTED/Noise Merging Unit/Noise_Gain_4","Gain","","RndMeth","Floor"
"TransformerWithCTSaturationz_DISCONNECTED/Noise Merging Unit/Noise_Gain_4","Gain","","SaturateOnIntegerOverflow","off"
"TransformerWithCTSaturationz_DISCONNECTED/Noise Merging Unit/Noise_Gain_4","Gain","","SampleTime","-1"
"TransformerWithCTSaturationz_DISCONNECTED/Noise Merging Unit/Noise_Gain_5","Gain","","Gain","0.185167"
"TransformerWithCTSaturationz_DISCONNECTED/Noise Merging Unit/Noise_Gain_5","Gain","","Multiplication","Element-wise(K.*u)"
"TransformerWithCTSaturationz_DISCONNECTED/Noise Merging Unit/Noise_Gain_5","Gain","","ParamMin","[]"
"TransformerWithCTSaturationz_DISCONNECTED/Noise Merging Unit/Noise_Gain_5","Gain","","ParamMax","[]"
"TransformerWithCTSaturationz_DISCONNECTED/Noise Merging Unit/Noise_Gain_5","Gain","","ParamDataTypeStr","Inherit: Inherit via internal rule"
"TransformerWithCTSaturationz_DISCONNECTED/Noise Merging Unit/Noise_Gain_5","Gain","","OutMin","[]"
"TransformerWithCTSaturationz_DISCONNECTED/Noise Merging Unit/Noise_Gain_5","Gain","","OutMax","[]"
"TransformerWithCTSaturationz_DISCONNECTED/Noise Merging Unit/Noise_Gain_5","Gain","","OutDataTypeStr","Inherit: Inherit via internal rule"
"TransformerWithCTSaturationz_DISCONNECTED/Noise Merging Unit/Noise_Gain_5","Gain","","LockScale","off"
"TransformerWithCTSaturationz_DISCONNECTED/Noise Merging Unit/Noise_Gain_5","Gain","","RndMeth","Floor"
"TransformerWithCTSaturationz_DISCONNECTED/Noise Merging Unit/Noise_Gain_5","Gain","","SaturateOnIntegerOverflow","off"
"TransformerWithCTSaturationz_DISCONNECTED/Noise Merging Unit/Noise_Gain_5","Gain","","SampleTime","-1"
"TransformerWithCTSaturationz_DISCONNECTED/Noise Merging Unit/Noise_Gain_6","Gain","","Gain","0.185167"
"TransformerWithCTSaturationz_DISCONNECTED/Noise Merging Unit/Noise_Gain_6","Gain","","Multiplication","Element-wise(K.*u)"
"TransformerWithCTSaturationz_DISCONNECTED/Noise Merging Unit/Noise_Gain_6","Gain","","ParamMin","[]"
"TransformerWithCTSaturationz_DISCONNECTED/Noise Merging Unit/Noise_Gain_6","Gain","","ParamMax","[]"
"TransformerWithCTSaturationz_DISCONNECTED/Noise Merging Unit/Noise_Gain_6","Gain","","ParamDataTypeStr","Inherit: Inherit via internal rule"
"TransformerWithCTSaturationz_DISCONNECTED/Noise Merging Unit/Noise_Gain_6","Gain","","OutMin","[]"
"TransformerWithCTSaturationz_DISCONNECTED/Noise Merging Unit/Noise_Gain_6","Gain","","OutMax","[]"
"TransformerWithCTSaturationz_DISCONNECTED/Noise Merging Unit/Noise_Gain_6","Gain","","OutDataTypeStr","Inherit: Inherit via internal rule"
"TransformerWithCTSaturationz_DISCONNECTED/Noise Merging Unit/Noise_Gain_6","Gain","","LockScale","off"
"TransformerWithCTSaturationz_DISCONNECTED/Noise Merging Unit/Noise_Gain_6","Gain","","RndMeth","Floor"
"TransformerWithCTSaturationz_DISCONNECTED/Noise Merging Unit/Noise_Gain_6","Gain","","SaturateOnIntegerOverflow","off"
"TransformerWithCTSaturationz_DISCONNECTED/Noise Merging Unit/Noise_Gain_6","Gain","","SampleTime","-1"
"TransformerWithCTSaturationz_DISCONNECTED/Noise Merging Unit/Quantizer","Quantizer","","QuantizationInterval","0.01"
"TransformerWithCTSaturationz_DISCONNECTED/Noise Merging Unit/Quantizer","Quantizer","","LinearizeAsGain","on"
"TransformerWithCTSaturationz_DISCONNECTED/Noise Merging Unit/Quantizer","Quantizer","","SampleTime","-1"
"TransformerWithCTSaturationz_DISCONNECTED/Noise Merging Unit/Quantizer1","Quantizer","","QuantizationInterval","0.01"
"TransformerWithCTSaturationz_DISCONNECTED/Noise Merging Unit/Quantizer1","Quantizer","","LinearizeAsGain","on"
"TransformerWithCTSaturationz_DISCONNECTED/Noise Merging Unit/Quantizer1","Quantizer","","SampleTime","-1"
"TransformerWithCTSaturationz_DISCONNECTED/Noise Merging Unit/Quantizer2","Quantizer","","QuantizationInterval","0.01"
"TransformerWithCTSaturationz_DISCONNECTED/Noise Merging Unit/Quantizer2","Quantizer","","LinearizeAsGain","on"
"TransformerWithCTSaturationz_DISCONNECTED/Noise Merging Unit/Quantizer2","Quantizer","","SampleTime","-1"
"TransformerWithCTSaturationz_DISCONNECTED/Noise Merging Unit/Quantizer3","Quantizer","","QuantizationInterval","0.01"
"TransformerWithCTSaturationz_DISCONNECTED/Noise Merging Unit/Quantizer3","Quantizer","","LinearizeAsGain","on"
"TransformerWithCTSaturationz_DISCONNECTED/Noise Merging Unit/Quantizer3","Quantizer","","SampleTime","-1"
"TransformerWithCTSaturationz_DISCONNECTED/Noise Merging Unit/Quantizer4","Quantizer","","QuantizationInterval","0.01"
"TransformerWithCTSaturationz_DISCONNECTED/Noise Merging Unit/Quantizer4","Quantizer","","LinearizeAsGain","on"
"TransformerWithCTSaturationz_DISCONNECTED/Noise Merging Unit/Quantizer4","Quantizer","","SampleTime","-1"
"TransformerWithCTSaturationz_DISCONNECTED/Noise Merging Unit/Quantizer5","Quantizer","","QuantizationInterval","0.01"
"TransformerWithCTSaturationz_DISCONNECTED/Noise Merging Unit/Quantizer5","Quantizer","","LinearizeAsGain","on"
"TransformerWithCTSaturationz_DISCONNECTED/Noise Merging Unit/Quantizer5","Quantizer","","SampleTime","-1"
"TransformerWithCTSaturationz_DISCONNECTED/Noise Merging Unit/Dig_IA_Prim","Outport","","Port","1"
"TransformerWithCTSaturationz_DISCONNECTED/Noise Merging Unit/Dig_IA_Prim","Outport","","SignalObject","[]"
"TransformerWithCTSaturationz_DISCONNECTED/Noise Merging Unit/Dig_IA_Prim","Outport","","StorageClass","Auto"
"TransformerWithCTSaturationz_DISCONNECTED/Noise Merging Unit/Dig_IA_Prim","Outport","","IconDisplay","Port number"
"TransformerWithCTSaturationz_DISCONNECTED/Noise Merging Unit/Dig_IA_Prim","Outport","","OutputFunctionCall","off"
"TransformerWithCTSaturationz_DISCONNECTED/Noise Merging Unit/Dig_IA_Prim","Outport","","OutMin","[]"
"TransformerWithCTSaturationz_DISCONNECTED/Noise Merging Unit/Dig_IA_Prim","Outport","","OutMax","[]"
"TransformerWithCTSaturationz_DISCONNECTED/Noise Merging Unit/Dig_IA_Prim","Outport","","OutDataTypeStr","Inherit: auto"
"TransformerWithCTSaturationz_DISCONNECTED/Noise Merging Unit/Dig_IA_Prim","Outport","","LockScale","off"
"TransformerWithCTSaturationz_DISCONNECTED/Noise Merging Unit/Dig_IA_Prim","Outport","","BusOutputAsStruct","off"
"TransformerWithCTSaturationz_DISCONNECTED/Noise Merging Unit/Dig_IA_Prim","Outport","","BusVirtuality","inherit"
"TransformerWithCTSaturationz_DISCONNECTED/Noise Merging Unit/Dig_IA_Prim","Outport","","DataMode","inherit"
"TransformerWithCTSaturationz_DISCONNECTED/Noise Merging Unit/Dig_IA_Prim","Outport","","Unit","inherit"
"TransformerWithCTSaturationz_DISCONNECTED/Noise Merging Unit/Dig_IA_Prim","Outport","","PortDimensions","-1"
"TransformerWithCTSaturationz_DISCONNECTED/Noise Merging Unit/Dig_IA_Prim","Outport","","VarSizeSig","Inherit"
"TransformerWithCTSaturationz_DISCONNECTED/Noise Merging Unit/Dig_IA_Prim","Outport","","SampleTime","-1"
"TransformerWithCTSaturationz_DISCONNECTED/Noise Merging Unit/Dig_IA_Prim","Outport","","SignalType","auto"
"TransformerWithCTSaturationz_DISCONNECTED/Noise Merging Unit/Dig_IA_Prim","Outport","","EnsureOutportIsVirtual","off"
"TransformerWithCTSaturationz_DISCONNECTED/Noise Merging Unit/Dig_IA_Prim","Outport","","SourceOfInitialOutputValue","Dialog"
"TransformerWithCTSaturationz_DISCONNECTED/Noise Merging Unit/Dig_IA_Prim","Outport","","OutputWhenDisabled","held"
"TransformerWithCTSaturationz_DISCONNECTED/Noise Merging Unit/Dig_IA_Prim","Outport","","InitialOutput","[]"
"TransformerWithCTSaturationz_DISCONNECTED/Noise Merging Unit/Dig_IA_Prim","Outport","","MustResolveToSignalObject","off"
"TransformerWithCTSaturationz_DISCONNECTED/Noise Merging Unit/Dig_IA_Prim","Outport","","OutputWhenUnConnected","off"
"TransformerWithCTSaturationz_DISCONNECTED/Noise Merging Unit/Dig_IA_Prim","Outport","","OutputWhenUnconnectedValue","0"
"TransformerWithCTSaturationz_DISCONNECTED/Noise Merging Unit/Dig_IA_Prim","Outport","","VectorParamsAs1DForOutWhenUnconnected","on"
"TransformerWithCTSaturationz_DISCONNECTED/Noise Merging Unit/Dig_IB_Prim","Outport","","Port","2"
"TransformerWithCTSaturationz_DISCONNECTED/Noise Merging Unit/Dig_IB_Prim","Outport","","SignalObject","[]"
"TransformerWithCTSaturationz_DISCONNECTED/Noise Merging Unit/Dig_IB_Prim","Outport","","StorageClass","Auto"
"TransformerWithCTSaturationz_DISCONNECTED/Noise Merging Unit/Dig_IB_Prim","Outport","","IconDisplay","Port number"
"TransformerWithCTSaturationz_DISCONNECTED/Noise Merging Unit/Dig_IB_Prim","Outport","","OutputFunctionCall","off"
"TransformerWithCTSaturationz_DISCONNECTED/Noise Merging Unit/Dig_IB_Prim","Outport","","OutMin","[]"
"TransformerWithCTSaturationz_DISCONNECTED/Noise Merging Unit/Dig_IB_Prim","Outport","","OutMax","[]"
"TransformerWithCTSaturationz_DISCONNECTED/Noise Merging Unit/Dig_IB_Prim","Outport","","OutDataTypeStr","Inherit: auto"
"TransformerWithCTSaturationz_DISCONNECTED/Noise Merging Unit/Dig_IB_Prim","Outport","","LockScale","off"
"TransformerWithCTSaturationz_DISCONNECTED/Noise Merging Unit/Dig_IB_Prim","Outport","","BusOutputAsStruct","off"
"TransformerWithCTSaturationz_DISCONNECTED/Noise Merging Unit/Dig_IB_Prim","Outport","","BusVirtuality","inherit"
"TransformerWithCTSaturationz_DISCONNECTED/Noise Merging Unit/Dig_IB_Prim","Outport","","DataMode","inherit"
"TransformerWithCTSaturationz_DISCONNECTED/Noise Merging Unit/Dig_IB_Prim","Outport","","Unit","inherit"
"TransformerWithCTSaturationz_DISCONNECTED/Noise Merging Unit/Dig_IB_Prim","Outport","","PortDimensions","-1"
"TransformerWithCTSaturationz_DISCONNECTED/Noise Merging Unit/Dig_IB_Prim","Outport","","VarSizeSig","Inherit"
"TransformerWithCTSaturationz_DISCONNECTED/Noise Merging Unit/Dig_IB_Prim","Outport","","SampleTime","-1"
"TransformerWithCTSaturationz_DISCONNECTED/Noise Merging Unit/Dig_IB_Prim","Outport","","SignalType","auto"
"TransformerWithCTSaturationz_DISCONNECTED/Noise Merging Unit/Dig_IB_Prim","Outport","","EnsureOutportIsVirtual","off"
"TransformerWithCTSaturationz_DISCONNECTED/Noise Merging Unit/Dig_IB_Prim","Outport","","SourceOfInitialOutputValue","Dialog"
"TransformerWithCTSaturationz_DISCONNECTED/Noise Merging Unit/Dig_IB_Prim","Outport","","OutputWhenDisabled","held"
"TransformerWithCTSaturationz_DISCONNECTED/Noise Merging Unit/Dig_IB_Prim","Outport","","InitialOutput","[]"
"TransformerWithCTSaturationz_DISCONNECTED/Noise Merging Unit/Dig_IB_Prim","Outport","","MustResolveToSignalObject","off"
"TransformerWithCTSaturationz_DISCONNECTED/Noise Merging Unit/Dig_IB_Prim","Outport","","OutputWhenUnConnected","off"
"TransformerWithCTSaturationz_DISCONNECTED/Noise Merging Unit/Dig_IB_Prim","Outport","","OutputWhenUnconnectedValue","0"
"TransformerWithCTSaturationz_DISCONNECTED/Noise Merging Unit/Dig_IB_Prim","Outport","","VectorParamsAs1DForOutWhenUnconnected","on"
"TransformerWithCTSaturationz_DISCONNECTED/Noise Merging Unit/Dig_IC_Prim","Outport","","Port","3"
"TransformerWithCTSaturationz_DISCONNECTED/Noise Merging Unit/Dig_IC_Prim","Outport","","SignalObject","[]"
"TransformerWithCTSaturationz_DISCONNECTED/Noise Merging Unit/Dig_IC_Prim","Outport","","StorageClass","Auto"
"TransformerWithCTSaturationz_DISCONNECTED/Noise Merging Unit/Dig_IC_Prim","Outport","","IconDisplay","Port number"
"TransformerWithCTSaturationz_DISCONNECTED/Noise Merging Unit/Dig_IC_Prim","Outport","","OutputFunctionCall","off"
"TransformerWithCTSaturationz_DISCONNECTED/Noise Merging Unit/Dig_IC_Prim","Outport","","OutMin","[]"
"TransformerWithCTSaturationz_DISCONNECTED/Noise Merging Unit/Dig_IC_Prim","Outport","","OutMax","[]"
"TransformerWithCTSaturationz_DISCONNECTED/Noise Merging Unit/Dig_IC_Prim","Outport","","OutDataTypeStr","Inherit: auto"
"TransformerWithCTSaturationz_DISCONNECTED/Noise Merging Unit/Dig_IC_Prim","Outport","","LockScale","off"
"TransformerWithCTSaturationz_DISCONNECTED/Noise Merging Unit/Dig_IC_Prim","Outport","","BusOutputAsStruct","off"
"TransformerWithCTSaturationz_DISCONNECTED/Noise Merging Unit/Dig_IC_Prim","Outport","","BusVirtuality","inherit"
"TransformerWithCTSaturationz_DISCONNECTED/Noise Merging Unit/Dig_IC_Prim","Outport","","DataMode","inherit"
"TransformerWithCTSaturationz_DISCONNECTED/Noise Merging Unit/Dig_IC_Prim","Outport","","Unit","inherit"
"TransformerWithCTSaturationz_DISCONNECTED/Noise Merging Unit/Dig_IC_Prim","Outport","","PortDimensions","-1"
"TransformerWithCTSaturationz_DISCONNECTED/Noise Merging Unit/Dig_IC_Prim","Outport","","VarSizeSig","Inherit"
"TransformerWithCTSaturationz_DISCONNECTED/Noise Merging Unit/Dig_IC_Prim","Outport","","SampleTime","-1"
"TransformerWithCTSaturationz_DISCONNECTED/Noise Merging Unit/Dig_IC_Prim","Outport","","SignalType","auto"
"TransformerWithCTSaturationz_DISCONNECTED/Noise Merging Unit/Dig_IC_Prim","Outport","","EnsureOutportIsVirtual","off"
"TransformerWithCTSaturationz_DISCONNECTED/Noise Merging Unit/Dig_IC_Prim","Outport","","SourceOfInitialOutputValue","Dialog"
"TransformerWithCTSaturationz_DISCONNECTED/Noise Merging Unit/Dig_IC_Prim","Outport","","OutputWhenDisabled","held"
"TransformerWithCTSaturationz_DISCONNECTED/Noise Merging Unit/Dig_IC_Prim","Outport","","InitialOutput","[]"
"TransformerWithCTSaturationz_DISCONNECTED/Noise Merging Unit/Dig_IC_Prim","Outport","","MustResolveToSignalObject","off"
"TransformerWithCTSaturationz_DISCONNECTED/Noise Merging Unit/Dig_IC_Prim","Outport","","OutputWhenUnConnected","off"
"TransformerWithCTSaturationz_DISCONNECTED/Noise Merging Unit/Dig_IC_Prim","Outport","","OutputWhenUnconnectedValue","0"
"TransformerWithCTSaturationz_DISCONNECTED/Noise Merging Unit/Dig_IC_Prim","Outport","","VectorParamsAs1DForOutWhenUnconnected","on"
"TransformerWithCTSaturationz_DISCONNECTED/Noise Merging Unit/Dig_IA_Sec","Outport","","Port","4"
"TransformerWithCTSaturationz_DISCONNECTED/Noise Merging Unit/Dig_IA_Sec","Outport","","SignalObject","[]"
"TransformerWithCTSaturationz_DISCONNECTED/Noise Merging Unit/Dig_IA_Sec","Outport","","StorageClass","Auto"
"TransformerWithCTSaturationz_DISCONNECTED/Noise Merging Unit/Dig_IA_Sec","Outport","","IconDisplay","Port number"
"TransformerWithCTSaturationz_DISCONNECTED/Noise Merging Unit/Dig_IA_Sec","Outport","","OutputFunctionCall","off"
"TransformerWithCTSaturationz_DISCONNECTED/Noise Merging Unit/Dig_IA_Sec","Outport","","OutMin","[]"
"TransformerWithCTSaturationz_DISCONNECTED/Noise Merging Unit/Dig_IA_Sec","Outport","","OutMax","[]"
"TransformerWithCTSaturationz_DISCONNECTED/Noise Merging Unit/Dig_IA_Sec","Outport","","OutDataTypeStr","Inherit: auto"
"TransformerWithCTSaturationz_DISCONNECTED/Noise Merging Unit/Dig_IA_Sec","Outport","","LockScale","off"
"TransformerWithCTSaturationz_DISCONNECTED/Noise Merging Unit/Dig_IA_Sec","Outport","","BusOutputAsStruct","off"
"TransformerWithCTSaturationz_DISCONNECTED/Noise Merging Unit/Dig_IA_Sec","Outport","","BusVirtuality","inherit"
"TransformerWithCTSaturationz_DISCONNECTED/Noise Merging Unit/Dig_IA_Sec","Outport","","DataMode","inherit"
"TransformerWithCTSaturationz_DISCONNECTED/Noise Merging Unit/Dig_IA_Sec","Outport","","Unit","inherit"
"TransformerWithCTSaturationz_DISCONNECTED/Noise Merging Unit/Dig_IA_Sec","Outport","","PortDimensions","-1"
"TransformerWithCTSaturationz_DISCONNECTED/Noise Merging Unit/Dig_IA_Sec","Outport","","VarSizeSig","Inherit"
"TransformerWithCTSaturationz_DISCONNECTED/Noise Merging Unit/Dig_IA_Sec","Outport","","SampleTime","-1"
"TransformerWithCTSaturationz_DISCONNECTED/Noise Merging Unit/Dig_IA_Sec","Outport","","SignalType","auto"
"TransformerWithCTSaturationz_DISCONNECTED/Noise Merging Unit/Dig_IA_Sec","Outport","","EnsureOutportIsVirtual","off"
"TransformerWithCTSaturationz_DISCONNECTED/Noise Merging Unit/Dig_IA_Sec","Outport","","SourceOfInitialOutputValue","Dialog"
"TransformerWithCTSaturationz_DISCONNECTED/Noise Merging Unit/Dig_IA_Sec","Outport","","OutputWhenDisabled","held"
"TransformerWithCTSaturationz_DISCONNECTED/Noise Merging Unit/Dig_IA_Sec","Outport","","InitialOutput","[]"
"TransformerWithCTSaturationz_DISCONNECTED/Noise Merging Unit/Dig_IA_Sec","Outport","","MustResolveToSignalObject","off"
"TransformerWithCTSaturationz_DISCONNECTED/Noise Merging Unit/Dig_IA_Sec","Outport","","OutputWhenUnConnected","off"
"TransformerWithCTSaturationz_DISCONNECTED/Noise Merging Unit/Dig_IA_Sec","Outport","","OutputWhenUnconnectedValue","0"
"TransformerWithCTSaturationz_DISCONNECTED/Noise Merging Unit/Dig_IA_Sec","Outport","","VectorParamsAs1DForOutWhenUnconnected","on"
"TransformerWithCTSaturationz_DISCONNECTED/Noise Merging Unit/Dig_IB_Sec","Outport","","Port","5"
"TransformerWithCTSaturationz_DISCONNECTED/Noise Merging Unit/Dig_IB_Sec","Outport","","SignalObject","[]"
"TransformerWithCTSaturationz_DISCONNECTED/Noise Merging Unit/Dig_IB_Sec","Outport","","StorageClass","Auto"
"TransformerWithCTSaturationz_DISCONNECTED/Noise Merging Unit/Dig_IB_Sec","Outport","","IconDisplay","Port number"
"TransformerWithCTSaturationz_DISCONNECTED/Noise Merging Unit/Dig_IB_Sec","Outport","","OutputFunctionCall","off"
"TransformerWithCTSaturationz_DISCONNECTED/Noise Merging Unit/Dig_IB_Sec","Outport","","OutMin","[]"
"TransformerWithCTSaturationz_DISCONNECTED/Noise Merging Unit/Dig_IB_Sec","Outport","","OutMax","[]"
"TransformerWithCTSaturationz_DISCONNECTED/Noise Merging Unit/Dig_IB_Sec","Outport","","OutDataTypeStr","Inherit: auto"
"TransformerWithCTSaturationz_DISCONNECTED/Noise Merging Unit/Dig_IB_Sec","Outport","","LockScale","off"
"TransformerWithCTSaturationz_DISCONNECTED/Noise Merging Unit/Dig_IB_Sec","Outport","","BusOutputAsStruct","off"
"TransformerWithCTSaturationz_DISCONNECTED/Noise Merging Unit/Dig_IB_Sec","Outport","","BusVirtuality","inherit"
"TransformerWithCTSaturationz_DISCONNECTED/Noise Merging Unit/Dig_IB_Sec","Outport","","DataMode","inherit"
"TransformerWithCTSaturationz_DISCONNECTED/Noise Merging Unit/Dig_IB_Sec","Outport","","Unit","inherit"
"TransformerWithCTSaturationz_DISCONNECTED/Noise Merging Unit/Dig_IB_Sec","Outport","","PortDimensions","-1"
"TransformerWithCTSaturationz_DISCONNECTED/Noise Merging Unit/Dig_IB_Sec","Outport","","VarSizeSig","Inherit"
"TransformerWithCTSaturationz_DISCONNECTED/Noise Merging Unit/Dig_IB_Sec","Outport","","SampleTime","-1"
"TransformerWithCTSaturationz_DISCONNECTED/Noise Merging Unit/Dig_IB_Sec","Outport","","SignalType","auto"
"TransformerWithCTSaturationz_DISCONNECTED/Noise Merging Unit/Dig_IB_Sec","Outport","","EnsureOutportIsVirtual","off"
"TransformerWithCTSaturationz_DISCONNECTED/Noise Merging Unit/Dig_IB_Sec","Outport","","SourceOfInitialOutputValue","Dialog"
"TransformerWithCTSaturationz_DISCONNECTED/Noise Merging Unit/Dig_IB_Sec","Outport","","OutputWhenDisabled","held"
"TransformerWithCTSaturationz_DISCONNECTED/Noise Merging Unit/Dig_IB_Sec","Outport","","InitialOutput","[]"
"TransformerWithCTSaturationz_DISCONNECTED/Noise Merging Unit/Dig_IB_Sec","Outport","","MustResolveToSignalObject","off"
"TransformerWithCTSaturationz_DISCONNECTED/Noise Merging Unit/Dig_IB_Sec","Outport","","OutputWhenUnConnected","off"
"TransformerWithCTSaturationz_DISCONNECTED/Noise Merging Unit/Dig_IB_Sec","Outport","","OutputWhenUnconnectedValue","0"
"TransformerWithCTSaturationz_DISCONNECTED/Noise Merging Unit/Dig_IB_Sec","Outport","","VectorParamsAs1DForOutWhenUnconnected","on"
"TransformerWithCTSaturationz_DISCONNECTED/Noise Merging Unit/Dig_IC_Sec","Outport","","Port","6"
"TransformerWithCTSaturationz_DISCONNECTED/Noise Merging Unit/Dig_IC_Sec","Outport","","SignalObject","[]"
"TransformerWithCTSaturationz_DISCONNECTED/Noise Merging Unit/Dig_IC_Sec","Outport","","StorageClass","Auto"
"TransformerWithCTSaturationz_DISCONNECTED/Noise Merging Unit/Dig_IC_Sec","Outport","","IconDisplay","Port number"
"TransformerWithCTSaturationz_DISCONNECTED/Noise Merging Unit/Dig_IC_Sec","Outport","","OutputFunctionCall","off"
"TransformerWithCTSaturationz_DISCONNECTED/Noise Merging Unit/Dig_IC_Sec","Outport","","OutMin","[]"
"TransformerWithCTSaturationz_DISCONNECTED/Noise Merging Unit/Dig_IC_Sec","Outport","","OutMax","[]"
"TransformerWithCTSaturationz_DISCONNECTED/Noise Merging Unit/Dig_IC_Sec","Outport","","OutDataTypeStr","Inherit: auto"
"TransformerWithCTSaturationz_DISCONNECTED/Noise Merging Unit/Dig_IC_Sec","Outport","","LockScale","off"
"TransformerWithCTSaturationz_DISCONNECTED/Noise Merging Unit/Dig_IC_Sec","Outport","","BusOutputAsStruct","off"
"TransformerWithCTSaturationz_DISCONNECTED/Noise Merging Unit/Dig_IC_Sec","Outport","","BusVirtuality","inherit"
"TransformerWithCTSaturationz_DISCONNECTED/Noise Merging Unit/Dig_IC_Sec","Outport","","DataMode","inherit"
"TransformerWithCTSaturationz_DISCONNECTED/Noise Merging Unit/Dig_IC_Sec","Outport","","Unit","inherit"
"TransformerWithCTSaturationz_DISCONNECTED/Noise Merging Unit/Dig_IC_Sec","Outport","","PortDimensions","-1"
"TransformerWithCTSaturationz_DISCONNECTED/Noise Merging Unit/Dig_IC_Sec","Outport","","VarSizeSig","Inherit"
"TransformerWithCTSaturationz_DISCONNECTED/Noise Merging Unit/Dig_IC_Sec","Outport","","SampleTime","-1"
"TransformerWithCTSaturationz_DISCONNECTED/Noise Merging Unit/Dig_IC_Sec","Outport","","SignalType","auto"
"TransformerWithCTSaturationz_DISCONNECTED/Noise Merging Unit/Dig_IC_Sec","Outport","","EnsureOutportIsVirtual","off"
"TransformerWithCTSaturationz_DISCONNECTED/Noise Merging Unit/Dig_IC_Sec","Outport","","SourceOfInitialOutputValue","Dialog"
"TransformerWithCTSaturationz_DISCONNECTED/Noise Merging Unit/Dig_IC_Sec","Outport","","OutputWhenDisabled","held"
"TransformerWithCTSaturationz_DISCONNECTED/Noise Merging Unit/Dig_IC_Sec","Outport","","InitialOutput","[]"
"TransformerWithCTSaturationz_DISCONNECTED/Noise Merging Unit/Dig_IC_Sec","Outport","","MustResolveToSignalObject","off"
"TransformerWithCTSaturationz_DISCONNECTED/Noise Merging Unit/Dig_IC_Sec","Outport","","OutputWhenUnConnected","off"
"TransformerWithCTSaturationz_DISCONNECTED/Noise Merging Unit/Dig_IC_Sec","Outport","","OutputWhenUnconnectedValue","0"
"TransformerWithCTSaturationz_DISCONNECTED/Noise Merging Unit/Dig_IC_Sec","Outport","","VectorParamsAs1DForOutWhenUnconnected","on"
"TransformerWithCTSaturationz_DISCONNECTED/Primary Current Scope","Scope","","OpenAtSimulationStart","off"
"TransformerWithCTSaturationz_DISCONNECTED/Primary Current Scope","Scope","","DisplayFullPath","off"
"TransformerWithCTSaturationz_DISCONNECTED/Primary Current Scope","Scope","","NumInputPorts","3"
"TransformerWithCTSaturationz_DISCONNECTED/Primary Current Scope","Scope","","LayoutDimensionsString","[3 1]"
"TransformerWithCTSaturationz_DISCONNECTED/Primary Current Scope","Scope","","SampleTime","-1"
"TransformerWithCTSaturationz_DISCONNECTED/Primary Current Scope","Scope","","FrameBasedProcessingString","Elements as channels (sample based)"
"TransformerWithCTSaturationz_DISCONNECTED/Primary Current Scope","Scope","","MaximizeAxes","Off"
"TransformerWithCTSaturationz_DISCONNECTED/Primary Current Scope","Scope","","AxesScaling","Manual"
"TransformerWithCTSaturationz_DISCONNECTED/Primary Current Scope","Scope","","AxesScalingNumUpdates","10"
"TransformerWithCTSaturationz_DISCONNECTED/Primary Current Scope","Scope","","TimeSpan","Auto"
"TransformerWithCTSaturationz_DISCONNECTED/Primary Current Scope","Scope","","TimeSpanOverrunAction","Wrap"
"TransformerWithCTSaturationz_DISCONNECTED/Primary Current Scope","Scope","","TimeUnits","None"
"TransformerWithCTSaturationz_DISCONNECTED/Primary Current Scope","Scope","","TimeDisplayOffset","0"
"TransformerWithCTSaturationz_DISCONNECTED/Primary Current Scope","Scope","","TimeAxisLabels","Bottom displays only"
"TransformerWithCTSaturationz_DISCONNECTED/Primary Current Scope","Scope","","ShowTimeAxisLabel","off"
"TransformerWithCTSaturationz_DISCONNECTED/Primary Current Scope","Scope","","ActiveDisplayString","1"
"TransformerWithCTSaturationz_DISCONNECTED/Primary Current Scope","Scope","","Title","%<SignalLabel>"
"TransformerWithCTSaturationz_DISCONNECTED/Primary Current Scope","Scope","","ShowLegend","on"
"TransformerWithCTSaturationz_DISCONNECTED/Primary Current Scope","Scope","","ShowGrid","on"
"TransformerWithCTSaturationz_DISCONNECTED/Primary Current Scope","Scope","","PlotAsMagnitudePhase","off"
"TransformerWithCTSaturationz_DISCONNECTED/Primary Current Scope","Scope","","ActiveDisplayYMinimum","-124.6262"
"TransformerWithCTSaturationz_DISCONNECTED/Primary Current Scope","Scope","","ActiveDisplayYMaximum","65.8363"
"TransformerWithCTSaturationz_DISCONNECTED/Primary Current Scope","Scope","","DataLoggingLimitDataPoints","off"
"TransformerWithCTSaturationz_DISCONNECTED/Primary Current Scope","Scope","","DataLoggingMaxPoints","5000"
"TransformerWithCTSaturationz_DISCONNECTED/Primary Current Scope","Scope","","DataLoggingDecimateData","off"
"TransformerWithCTSaturationz_DISCONNECTED/Primary Current Scope","Scope","","DataLoggingDecimation","2"
"TransformerWithCTSaturationz_DISCONNECTED/Primary Current Scope","Scope","","DataLogging","off"
"TransformerWithCTSaturationz_DISCONNECTED/Primary Current Scope","Scope","","DataLoggingVariableName","ScopeData1"
"TransformerWithCTSaturationz_DISCONNECTED/Primary Current Scope","Scope","","DataLoggingSaveFormat","Dataset"
"TransformerWithCTSaturationz_DISCONNECTED/Primary_side","SubSystem","spsThreePhaseVIMeasurementLib/Three-Phase
V-I Measurement","VoltageMeasurement","phase-to-phase"
"TransformerWithCTSaturationz_DISCONNECTED/Primary_side","SubSystem","spsThreePhaseVIMeasurementLib/Three-Phase
V-I Measurement","SetLabelV","off"
"TransformerWithCTSaturationz_DISCONNECTED/Primary_side","SubSystem","spsThreePhaseVIMeasurementLib/Three-Phase
V-I Measurement","LabelV","Vabc"
"TransformerWithCTSaturationz_DISCONNECTED/Primary_side","SubSystem","spsThreePhaseVIMeasurementLib/Three-Phase
V-I Measurement","Vpu","off"
"TransformerWithCTSaturationz_DISCONNECTED/Primary_side","SubSystem","spsThreePhaseVIMeasurementLib/Three-Phase
V-I Measurement","VpuLL","off"
"TransformerWithCTSaturationz_DISCONNECTED/Primary_side","SubSystem","spsThreePhaseVIMeasurementLib/Three-Phase
V-I Measurement","CurrentMeasurement","yes"
"TransformerWithCTSaturationz_DISCONNECTED/Primary_side","SubSystem","spsThreePhaseVIMeasurementLib/Three-Phase
V-I Measurement","SetLabelI","off"
"TransformerWithCTSaturationz_DISCONNECTED/Primary_side","SubSystem","spsThreePhaseVIMeasurementLib/Three-Phase
V-I Measurement","LabelI","Iabc"
"TransformerWithCTSaturationz_DISCONNECTED/Primary_side","SubSystem","spsThreePhaseVIMeasurementLib/Three-Phase
V-I Measurement","Ipu","off"
"TransformerWithCTSaturationz_DISCONNECTED/Primary_side","SubSystem","spsThreePhaseVIMeasurementLib/Three-Phase
V-I Measurement","Pbase","100e6"
"TransformerWithCTSaturationz_DISCONNECTED/Primary_side","SubSystem","spsThreePhaseVIMeasurementLib/Three-Phase
V-I Measurement","Vbase","500e3"
"TransformerWithCTSaturationz_DISCONNECTED/Primary_side","SubSystem","spsThreePhaseVIMeasurementLib/Three-Phase
V-I Measurement","OutputType","Complex"
"TransformerWithCTSaturationz_DISCONNECTED/Primary_side","SubSystem","spsThreePhaseVIMeasurementLib/Three-Phase
V-I Measurement","PhasorSimulation","off"
"TransformerWithCTSaturationz_DISCONNECTED/Primary_side","SubSystem","spsThreePhaseVIMeasurementLib/Three-Phase
V-I Measurement","PSBequivalent","0"
"TransformerWithCTSaturationz_DISCONNECTED/RMS3","S-Function","dspstat3/RMS","run","off"
"TransformerWithCTSaturationz_DISCONNECTED/RMS3","S-Function","dspstat3/RMS","directionMode","Each column"
"TransformerWithCTSaturationz_DISCONNECTED/RMS3","S-Function","dspstat3/RMS","dimension","1"
"TransformerWithCTSaturationz_DISCONNECTED/RMS3","S-Function","dspstat3/RMS","InputProcessing","Columns as channels (frame based)"
"TransformerWithCTSaturationz_DISCONNECTED/RMS3","S-Function","dspstat3/RMS","reset_popup","None"
"TransformerWithCTSaturationz_DISCONNECTED/RMS5","S-Function","dspstat3/RMS","run","on"
"TransformerWithCTSaturationz_DISCONNECTED/RMS5","S-Function","dspstat3/RMS","directionMode","Each column"
"TransformerWithCTSaturationz_DISCONNECTED/RMS5","S-Function","dspstat3/RMS","dimension","1"
"TransformerWithCTSaturationz_DISCONNECTED/RMS5","S-Function","dspstat3/RMS","InputProcessing","Columns as channels (frame based)"
"TransformerWithCTSaturationz_DISCONNECTED/RMS5","S-Function","dspstat3/RMS","reset_popup","None"
"TransformerWithCTSaturationz_DISCONNECTED/RMS6","S-Function","dspstat3/RMS","run","on"
"TransformerWithCTSaturationz_DISCONNECTED/RMS6","S-Function","dspstat3/RMS","directionMode","Each column"
"TransformerWithCTSaturationz_DISCONNECTED/RMS6","S-Function","dspstat3/RMS","dimension","1"
"TransformerWithCTSaturationz_DISCONNECTED/RMS6","S-Function","dspstat3/RMS","InputProcessing","Columns as channels (frame based)"
"TransformerWithCTSaturationz_DISCONNECTED/RMS6","S-Function","dspstat3/RMS","reset_popup","None"
"TransformerWithCTSaturationz_DISCONNECTED/RMS7","S-Function","dspstat3/RMS","run","on"
"TransformerWithCTSaturationz_DISCONNECTED/RMS7","S-Function","dspstat3/RMS","directionMode","Each column"
"TransformerWithCTSaturationz_DISCONNECTED/RMS7","S-Function","dspstat3/RMS","dimension","1"
"TransformerWithCTSaturationz_DISCONNECTED/RMS7","S-Function","dspstat3/RMS","InputProcessing","Columns as channels (frame based)"
"TransformerWithCTSaturationz_DISCONNECTED/RMS7","S-Function","dspstat3/RMS","reset_popup","None"
"TransformerWithCTSaturationz_DISCONNECTED/RMS8","S-Function","dspstat3/RMS","run","on"
"TransformerWithCTSaturationz_DISCONNECTED/RMS8","S-Function","dspstat3/RMS","directionMode","Each column"
"TransformerWithCTSaturationz_DISCONNECTED/RMS8","S-Function","dspstat3/RMS","dimension","1"
"TransformerWithCTSaturationz_DISCONNECTED/RMS8","S-Function","dspstat3/RMS","InputProcessing","Columns as channels (frame based)"
"TransformerWithCTSaturationz_DISCONNECTED/RMS8","S-Function","dspstat3/RMS","reset_popup","None"
"TransformerWithCTSaturationz_DISCONNECTED/Scope","Scope","","OpenAtSimulationStart","off"
"TransformerWithCTSaturationz_DISCONNECTED/Scope","Scope","","DisplayFullPath","off"
"TransformerWithCTSaturationz_DISCONNECTED/Scope","Scope","","NumInputPorts","1"
"TransformerWithCTSaturationz_DISCONNECTED/Scope","Scope","","LayoutDimensionsString","[1 1]"
"TransformerWithCTSaturationz_DISCONNECTED/Scope","Scope","","SampleTime","-1"
"TransformerWithCTSaturationz_DISCONNECTED/Scope","Scope","","FrameBasedProcessingString","Elements as channels (sample based)"
"TransformerWithCTSaturationz_DISCONNECTED/Scope","Scope","","MaximizeAxes","Off"
"TransformerWithCTSaturationz_DISCONNECTED/Scope","Scope","","AxesScaling","Manual"
"TransformerWithCTSaturationz_DISCONNECTED/Scope","Scope","","AxesScalingNumUpdates","10"
"TransformerWithCTSaturationz_DISCONNECTED/Scope","Scope","","TimeSpan","Auto"
"TransformerWithCTSaturationz_DISCONNECTED/Scope","Scope","","TimeSpanOverrunAction","Wrap"
"TransformerWithCTSaturationz_DISCONNECTED/Scope","Scope","","TimeUnits","None"
"TransformerWithCTSaturationz_DISCONNECTED/Scope","Scope","","TimeDisplayOffset","0"
"TransformerWithCTSaturationz_DISCONNECTED/Scope","Scope","","TimeAxisLabels","Bottom displays only"
"TransformerWithCTSaturationz_DISCONNECTED/Scope","Scope","","ShowTimeAxisLabel","off"
"TransformerWithCTSaturationz_DISCONNECTED/Scope","Scope","","ActiveDisplayString","1"
"TransformerWithCTSaturationz_DISCONNECTED/Scope","Scope","","Title","%<SignalLabel>"
"TransformerWithCTSaturationz_DISCONNECTED/Scope","Scope","","ShowLegend","off"
"TransformerWithCTSaturationz_DISCONNECTED/Scope","Scope","","ShowGrid","on"
"TransformerWithCTSaturationz_DISCONNECTED/Scope","Scope","","PlotAsMagnitudePhase","off"
"TransformerWithCTSaturationz_DISCONNECTED/Scope","Scope","","ActiveDisplayYMinimum","-0.125"
"TransformerWithCTSaturationz_DISCONNECTED/Scope","Scope","","ActiveDisplayYMaximum","1.125"
"TransformerWithCTSaturationz_DISCONNECTED/Scope","Scope","","DataLoggingLimitDataPoints","off"
"TransformerWithCTSaturationz_DISCONNECTED/Scope","Scope","","DataLoggingMaxPoints","5000"
"TransformerWithCTSaturationz_DISCONNECTED/Scope","Scope","","DataLoggingDecimateData","off"
"TransformerWithCTSaturationz_DISCONNECTED/Scope","Scope","","DataLoggingDecimation","2"
"TransformerWithCTSaturationz_DISCONNECTED/Scope","Scope","","DataLogging","off"
"TransformerWithCTSaturationz_DISCONNECTED/Scope","Scope","","DataLoggingVariableName","ScopeData1"
"TransformerWithCTSaturationz_DISCONNECTED/Scope","Scope","","DataLoggingSaveFormat","Dataset"
"TransformerWithCTSaturationz_DISCONNECTED/Scope13","Scope","","OpenAtSimulationStart","off"
"TransformerWithCTSaturationz_DISCONNECTED/Scope13","Scope","","DisplayFullPath","off"
"TransformerWithCTSaturationz_DISCONNECTED/Scope13","Scope","","NumInputPorts","3"
"TransformerWithCTSaturationz_DISCONNECTED/Scope13","Scope","","LayoutDimensionsString","[3 1]"
"TransformerWithCTSaturationz_DISCONNECTED/Scope13","Scope","","SampleTime","-1"
"TransformerWithCTSaturationz_DISCONNECTED/Scope13","Scope","","FrameBasedProcessingString","Elements as channels (sample based)"
"TransformerWithCTSaturationz_DISCONNECTED/Scope13","Scope","","MaximizeAxes","Off"
"TransformerWithCTSaturationz_DISCONNECTED/Scope13","Scope","","AxesScaling","Manual"
"TransformerWithCTSaturationz_DISCONNECTED/Scope13","Scope","","AxesScalingNumUpdates","10"
"TransformerWithCTSaturationz_DISCONNECTED/Scope13","Scope","","TimeSpan","Auto"
"TransformerWithCTSaturationz_DISCONNECTED/Scope13","Scope","","TimeSpanOverrunAction","Wrap"
"TransformerWithCTSaturationz_DISCONNECTED/Scope13","Scope","","TimeUnits","None"
"TransformerWithCTSaturationz_DISCONNECTED/Scope13","Scope","","TimeDisplayOffset","0"
"TransformerWithCTSaturationz_DISCONNECTED/Scope13","Scope","","TimeAxisLabels","Bottom displays only"
"TransformerWithCTSaturationz_DISCONNECTED/Scope13","Scope","","ShowTimeAxisLabel","off"
"TransformerWithCTSaturationz_DISCONNECTED/Scope13","Scope","","ActiveDisplayString","1"
"TransformerWithCTSaturationz_DISCONNECTED/Scope13","Scope","","Title","%<SignalLabel>"
"TransformerWithCTSaturationz_DISCONNECTED/Scope13","Scope","","ShowLegend","off"
"TransformerWithCTSaturationz_DISCONNECTED/Scope13","Scope","","ShowGrid","on"
"TransformerWithCTSaturationz_DISCONNECTED/Scope13","Scope","","PlotAsMagnitudePhase","off"
"TransformerWithCTSaturationz_DISCONNECTED/Scope13","Scope","","ActiveDisplayYMinimum","-19046.2697"
"TransformerWithCTSaturationz_DISCONNECTED/Scope13","Scope","","ActiveDisplayYMaximum","19046.4151"
"TransformerWithCTSaturationz_DISCONNECTED/Scope13","Scope","","DataLoggingLimitDataPoints","on"
"TransformerWithCTSaturationz_DISCONNECTED/Scope13","Scope","","DataLoggingMaxPoints","5000"
"TransformerWithCTSaturationz_DISCONNECTED/Scope13","Scope","","DataLoggingDecimateData","on"
"TransformerWithCTSaturationz_DISCONNECTED/Scope13","Scope","","DataLoggingDecimation","1"
"TransformerWithCTSaturationz_DISCONNECTED/Scope13","Scope","","DataLogging","off"
"TransformerWithCTSaturationz_DISCONNECTED/Scope13","Scope","","DataLoggingVariableName","ScopeData"
"TransformerWithCTSaturationz_DISCONNECTED/Scope13","Scope","","DataLoggingSaveFormat","Array"
"TransformerWithCTSaturationz_DISCONNECTED/Scope15","Scope","","OpenAtSimulationStart","off"
"TransformerWithCTSaturationz_DISCONNECTED/Scope15","Scope","","DisplayFullPath","off"
"TransformerWithCTSaturationz_DISCONNECTED/Scope15","Scope","","NumInputPorts","3"
"TransformerWithCTSaturationz_DISCONNECTED/Scope15","Scope","","LayoutDimensionsString","[3 1]"
"TransformerWithCTSaturationz_DISCONNECTED/Scope15","Scope","","SampleTime","-1"
"TransformerWithCTSaturationz_DISCONNECTED/Scope15","Scope","","FrameBasedProcessingString","Elements as channels (sample based)"
"TransformerWithCTSaturationz_DISCONNECTED/Scope15","Scope","","MaximizeAxes","Off"
"TransformerWithCTSaturationz_DISCONNECTED/Scope15","Scope","","AxesScaling","Manual"
"TransformerWithCTSaturationz_DISCONNECTED/Scope15","Scope","","AxesScalingNumUpdates","10"
"TransformerWithCTSaturationz_DISCONNECTED/Scope15","Scope","","TimeSpan","Auto"
"TransformerWithCTSaturationz_DISCONNECTED/Scope15","Scope","","TimeSpanOverrunAction","Wrap"
"TransformerWithCTSaturationz_DISCONNECTED/Scope15","Scope","","TimeUnits","None"
"TransformerWithCTSaturationz_DISCONNECTED/Scope15","Scope","","TimeDisplayOffset","0"
"TransformerWithCTSaturationz_DISCONNECTED/Scope15","Scope","","TimeAxisLabels","Bottom displays only"
"TransformerWithCTSaturationz_DISCONNECTED/Scope15","Scope","","ShowTimeAxisLabel","off"
"TransformerWithCTSaturationz_DISCONNECTED/Scope15","Scope","","ActiveDisplayString","1"
"TransformerWithCTSaturationz_DISCONNECTED/Scope15","Scope","","Title","%<SignalLabel>"
"TransformerWithCTSaturationz_DISCONNECTED/Scope15","Scope","","ShowLegend","off"
"TransformerWithCTSaturationz_DISCONNECTED/Scope15","Scope","","ShowGrid","on"
"TransformerWithCTSaturationz_DISCONNECTED/Scope15","Scope","","PlotAsMagnitudePhase","off"
"TransformerWithCTSaturationz_DISCONNECTED/Scope15","Scope","","ActiveDisplayYMinimum","-406397.6316"
"TransformerWithCTSaturationz_DISCONNECTED/Scope15","Scope","","ActiveDisplayYMaximum","406535.0016"
"TransformerWithCTSaturationz_DISCONNECTED/Scope15","Scope","","DataLoggingLimitDataPoints","on"
"TransformerWithCTSaturationz_DISCONNECTED/Scope15","Scope","","DataLoggingMaxPoints","5000"
"TransformerWithCTSaturationz_DISCONNECTED/Scope15","Scope","","DataLoggingDecimateData","on"
"TransformerWithCTSaturationz_DISCONNECTED/Scope15","Scope","","DataLoggingDecimation","1"
"TransformerWithCTSaturationz_DISCONNECTED/Scope15","Scope","","DataLogging","off"
"TransformerWithCTSaturationz_DISCONNECTED/Scope15","Scope","","DataLoggingVariableName","ScopeData"
"TransformerWithCTSaturationz_DISCONNECTED/Scope15","Scope","","DataLoggingSaveFormat","Array"
"TransformerWithCTSaturationz_DISCONNECTED/Scope3","Scope","","OpenAtSimulationStart","off"
"TransformerWithCTSaturationz_DISCONNECTED/Scope3","Scope","","DisplayFullPath","off"
"TransformerWithCTSaturationz_DISCONNECTED/Scope3","Scope","","NumInputPorts","3"
"TransformerWithCTSaturationz_DISCONNECTED/Scope3","Scope","","LayoutDimensionsString","[3 1]"
"TransformerWithCTSaturationz_DISCONNECTED/Scope3","Scope","","SampleTime","-1"
"TransformerWithCTSaturationz_DISCONNECTED/Scope3","Scope","","FrameBasedProcessingString","Elements as channels (sample based)"
"TransformerWithCTSaturationz_DISCONNECTED/Scope3","Scope","","MaximizeAxes","Off"
"TransformerWithCTSaturationz_DISCONNECTED/Scope3","Scope","","AxesScaling","Auto"
"TransformerWithCTSaturationz_DISCONNECTED/Scope3","Scope","","AxesScalingNumUpdates","10"
"TransformerWithCTSaturationz_DISCONNECTED/Scope3","Scope","","TimeSpan","Auto"
"TransformerWithCTSaturationz_DISCONNECTED/Scope3","Scope","","TimeSpanOverrunAction","Wrap"
"TransformerWithCTSaturationz_DISCONNECTED/Scope3","Scope","","TimeUnits","None"
"TransformerWithCTSaturationz_DISCONNECTED/Scope3","Scope","","TimeDisplayOffset","0"
"TransformerWithCTSaturationz_DISCONNECTED/Scope3","Scope","","TimeAxisLabels","Bottom displays only"
"TransformerWithCTSaturationz_DISCONNECTED/Scope3","Scope","","ShowTimeAxisLabel","off"
"TransformerWithCTSaturationz_DISCONNECTED/Scope3","Scope","","ActiveDisplayString","1"
"TransformerWithCTSaturationz_DISCONNECTED/Scope3","Scope","","Title","%<SignalLabel>"
"TransformerWithCTSaturationz_DISCONNECTED/Scope3","Scope","","ShowLegend","off"
"TransformerWithCTSaturationz_DISCONNECTED/Scope3","Scope","","ShowGrid","on"
"TransformerWithCTSaturationz_DISCONNECTED/Scope3","Scope","","PlotAsMagnitudePhase","off"
"TransformerWithCTSaturationz_DISCONNECTED/Scope3","Scope","","ActiveDisplayYMinimum","-1985.8709"
"TransformerWithCTSaturationz_DISCONNECTED/Scope3","Scope","","ActiveDisplayYMaximum","259.8358"
"TransformerWithCTSaturationz_DISCONNECTED/Scope3","Scope","","DataLoggingLimitDataPoints","on"
"TransformerWithCTSaturationz_DISCONNECTED/Scope3","Scope","","DataLoggingMaxPoints","5000"
"TransformerWithCTSaturationz_DISCONNECTED/Scope3","Scope","","DataLoggingDecimateData","on"
"TransformerWithCTSaturationz_DISCONNECTED/Scope3","Scope","","DataLoggingDecimation","1"
"TransformerWithCTSaturationz_DISCONNECTED/Scope3","Scope","","DataLogging","off"
"TransformerWithCTSaturationz_DISCONNECTED/Scope3","Scope","","DataLoggingVariableName","ScopeData"
"TransformerWithCTSaturationz_DISCONNECTED/Scope3","Scope","","DataLoggingSaveFormat","Array"
"TransformerWithCTSaturationz_DISCONNECTED/Scope9","Scope","","OpenAtSimulationStart","off"
"TransformerWithCTSaturationz_DISCONNECTED/Scope9","Scope","","DisplayFullPath","off"
"TransformerWithCTSaturationz_DISCONNECTED/Scope9","Scope","","NumInputPorts","3"
"TransformerWithCTSaturationz_DISCONNECTED/Scope9","Scope","","LayoutDimensionsString","[3 1]"
"TransformerWithCTSaturationz_DISCONNECTED/Scope9","Scope","","SampleTime","-1"
"TransformerWithCTSaturationz_DISCONNECTED/Scope9","Scope","","FrameBasedProcessingString","Elements as channels (sample based)"
"TransformerWithCTSaturationz_DISCONNECTED/Scope9","Scope","","MaximizeAxes","Off"
"TransformerWithCTSaturationz_DISCONNECTED/Scope9","Scope","","AxesScaling","Manual"
"TransformerWithCTSaturationz_DISCONNECTED/Scope9","Scope","","AxesScalingNumUpdates","10"
"TransformerWithCTSaturationz_DISCONNECTED/Scope9","Scope","","TimeSpan","Auto"
"TransformerWithCTSaturationz_DISCONNECTED/Scope9","Scope","","TimeSpanOverrunAction","Wrap"
"TransformerWithCTSaturationz_DISCONNECTED/Scope9","Scope","","TimeUnits","None"
"TransformerWithCTSaturationz_DISCONNECTED/Scope9","Scope","","TimeDisplayOffset","0"
"TransformerWithCTSaturationz_DISCONNECTED/Scope9","Scope","","TimeAxisLabels","Bottom displays only"
"TransformerWithCTSaturationz_DISCONNECTED/Scope9","Scope","","ShowTimeAxisLabel","off"
"TransformerWithCTSaturationz_DISCONNECTED/Scope9","Scope","","ActiveDisplayString","1"
"TransformerWithCTSaturationz_DISCONNECTED/Scope9","Scope","","Title","%<SignalLabel>"
"TransformerWithCTSaturationz_DISCONNECTED/Scope9","Scope","","ShowLegend","off"
"TransformerWithCTSaturationz_DISCONNECTED/Scope9","Scope","","ShowGrid","on"
"TransformerWithCTSaturationz_DISCONNECTED/Scope9","Scope","","PlotAsMagnitudePhase","off"
"TransformerWithCTSaturationz_DISCONNECTED/Scope9","Scope","","ActiveDisplayYMinimum","-908.0097"
"TransformerWithCTSaturationz_DISCONNECTED/Scope9","Scope","","ActiveDisplayYMaximum","908.0215"
"TransformerWithCTSaturationz_DISCONNECTED/Scope9","Scope","","DataLoggingLimitDataPoints","on"
"TransformerWithCTSaturationz_DISCONNECTED/Scope9","Scope","","DataLoggingMaxPoints","5000"
"TransformerWithCTSaturationz_DISCONNECTED/Scope9","Scope","","DataLoggingDecimateData","on"
"TransformerWithCTSaturationz_DISCONNECTED/Scope9","Scope","","DataLoggingDecimation","1"
"TransformerWithCTSaturationz_DISCONNECTED/Scope9","Scope","","DataLogging","off"
"TransformerWithCTSaturationz_DISCONNECTED/Scope9","Scope","","DataLoggingVariableName","ScopeData"
"TransformerWithCTSaturationz_DISCONNECTED/Scope9","Scope","","DataLoggingSaveFormat","Array"
"TransformerWithCTSaturationz_DISCONNECTED/Secondary Current Scope","Scope","","OpenAtSimulationStart","off"
"TransformerWithCTSaturationz_DISCONNECTED/Secondary Current Scope","Scope","","DisplayFullPath","off"
"TransformerWithCTSaturationz_DISCONNECTED/Secondary Current Scope","Scope","","NumInputPorts","3"
"TransformerWithCTSaturationz_DISCONNECTED/Secondary Current Scope","Scope","","LayoutDimensionsString","[3 1]"
"TransformerWithCTSaturationz_DISCONNECTED/Secondary Current Scope","Scope","","SampleTime","-1"
"TransformerWithCTSaturationz_DISCONNECTED/Secondary Current Scope","Scope","","FrameBasedProcessingString","Elements as channels (sample based)"
"TransformerWithCTSaturationz_DISCONNECTED/Secondary Current Scope","Scope","","MaximizeAxes","Off"
"TransformerWithCTSaturationz_DISCONNECTED/Secondary Current Scope","Scope","","AxesScaling","Manual"
"TransformerWithCTSaturationz_DISCONNECTED/Secondary Current Scope","Scope","","AxesScalingNumUpdates","10"
"TransformerWithCTSaturationz_DISCONNECTED/Secondary Current Scope","Scope","","TimeSpan","Auto"
"TransformerWithCTSaturationz_DISCONNECTED/Secondary Current Scope","Scope","","TimeSpanOverrunAction","Wrap"
"TransformerWithCTSaturationz_DISCONNECTED/Secondary Current Scope","Scope","","TimeUnits","None"
"TransformerWithCTSaturationz_DISCONNECTED/Secondary Current Scope","Scope","","TimeDisplayOffset","0"
"TransformerWithCTSaturationz_DISCONNECTED/Secondary Current Scope","Scope","","TimeAxisLabels","Bottom displays only"
"TransformerWithCTSaturationz_DISCONNECTED/Secondary Current Scope","Scope","","ShowTimeAxisLabel","off"
"TransformerWithCTSaturationz_DISCONNECTED/Secondary Current Scope","Scope","","ActiveDisplayString","1"
"TransformerWithCTSaturationz_DISCONNECTED/Secondary Current Scope","Scope","","Title","%<SignalLabel>"
"TransformerWithCTSaturationz_DISCONNECTED/Secondary Current Scope","Scope","","ShowLegend","on"
"TransformerWithCTSaturationz_DISCONNECTED/Secondary Current Scope","Scope","","ShowGrid","on"
"TransformerWithCTSaturationz_DISCONNECTED/Secondary Current Scope","Scope","","PlotAsMagnitudePhase","off"
"TransformerWithCTSaturationz_DISCONNECTED/Secondary Current Scope","Scope","","ActiveDisplayYMinimum","-3.7637"
"TransformerWithCTSaturationz_DISCONNECTED/Secondary Current Scope","Scope","","ActiveDisplayYMaximum","3.9737"
"TransformerWithCTSaturationz_DISCONNECTED/Secondary Current Scope","Scope","","DataLoggingLimitDataPoints","off"
"TransformerWithCTSaturationz_DISCONNECTED/Secondary Current Scope","Scope","","DataLoggingMaxPoints","5000"
"TransformerWithCTSaturationz_DISCONNECTED/Secondary Current Scope","Scope","","DataLoggingDecimateData","off"
"TransformerWithCTSaturationz_DISCONNECTED/Secondary Current Scope","Scope","","DataLoggingDecimation","2"
"TransformerWithCTSaturationz_DISCONNECTED/Secondary Current Scope","Scope","","DataLogging","off"
"TransformerWithCTSaturationz_DISCONNECTED/Secondary Current Scope","Scope","","DataLoggingVariableName","ScopeData2"
"TransformerWithCTSaturationz_DISCONNECTED/Secondary Current Scope","Scope","","DataLoggingSaveFormat","Dataset"
"TransformerWithCTSaturationz_DISCONNECTED/Secondary_side","SubSystem","spsThreePhaseVIMeasurementLib/Three-Phase
V-I Measurement","VoltageMeasurement","phase-to-phase"
"TransformerWithCTSaturationz_DISCONNECTED/Secondary_side","SubSystem","spsThreePhaseVIMeasurementLib/Three-Phase
V-I Measurement","SetLabelV","off"
"TransformerWithCTSaturationz_DISCONNECTED/Secondary_side","SubSystem","spsThreePhaseVIMeasurementLib/Three-Phase
V-I Measurement","LabelV","Vabc"
"TransformerWithCTSaturationz_DISCONNECTED/Secondary_side","SubSystem","spsThreePhaseVIMeasurementLib/Three-Phase
V-I Measurement","Vpu","off"
"TransformerWithCTSaturationz_DISCONNECTED/Secondary_side","SubSystem","spsThreePhaseVIMeasurementLib/Three-Phase
V-I Measurement","VpuLL","off"
"TransformerWithCTSaturationz_DISCONNECTED/Secondary_side","SubSystem","spsThreePhaseVIMeasurementLib/Three-Phase
V-I Measurement","CurrentMeasurement","yes"
"TransformerWithCTSaturationz_DISCONNECTED/Secondary_side","SubSystem","spsThreePhaseVIMeasurementLib/Three-Phase
V-I Measurement","SetLabelI","off"
"TransformerWithCTSaturationz_DISCONNECTED/Secondary_side","SubSystem","spsThreePhaseVIMeasurementLib/Three-Phase
V-I Measurement","LabelI","Iabc"
"TransformerWithCTSaturationz_DISCONNECTED/Secondary_side","SubSystem","spsThreePhaseVIMeasurementLib/Three-Phase
V-I Measurement","Ipu","off"
"TransformerWithCTSaturationz_DISCONNECTED/Secondary_side","SubSystem","spsThreePhaseVIMeasurementLib/Three-Phase
V-I Measurement","Pbase","100e6"
"TransformerWithCTSaturationz_DISCONNECTED/Secondary_side","SubSystem","spsThreePhaseVIMeasurementLib/Three-Phase
V-I Measurement","Vbase","500e3"
"TransformerWithCTSaturationz_DISCONNECTED/Secondary_side","SubSystem","spsThreePhaseVIMeasurementLib/Three-Phase
V-I Measurement","OutputType","Complex"
"TransformerWithCTSaturationz_DISCONNECTED/Secondary_side","SubSystem","spsThreePhaseVIMeasurementLib/Three-Phase
V-I Measurement","PhasorSimulation","off"
"TransformerWithCTSaturationz_DISCONNECTED/Secondary_side","SubSystem","spsThreePhaseVIMeasurementLib/Three-Phase
V-I Measurement","PSBequivalent","0"
"TransformerWithCTSaturationz_DISCONNECTED/Series RLC Branch","PMComponent","spsSeriesRLCBranchLib/Series RLC Branch","BranchType","R"
"TransformerWithCTSaturationz_DISCONNECTED/Series RLC Branch","PMComponent","spsSeriesRLCBranchLib/Series RLC Branch","Resistance","0.5"
"TransformerWithCTSaturationz_DISCONNECTED/Series RLC Branch","PMComponent","spsSeriesRLCBranchLib/Series RLC Branch","Inductance","1e-3"
"TransformerWithCTSaturationz_DISCONNECTED/Series RLC Branch","PMComponent","spsSeriesRLCBranchLib/Series RLC Branch","SetiL0","off"
"TransformerWithCTSaturationz_DISCONNECTED/Series RLC Branch","PMComponent","spsSeriesRLCBranchLib/Series RLC Branch","InitialCurrent","0"
"TransformerWithCTSaturationz_DISCONNECTED/Series RLC Branch","PMComponent","spsSeriesRLCBranchLib/Series RLC Branch","Capacitance","1e-6"
"TransformerWithCTSaturationz_DISCONNECTED/Series RLC Branch","PMComponent","spsSeriesRLCBranchLib/Series RLC Branch","Setx0","off"
"TransformerWithCTSaturationz_DISCONNECTED/Series RLC Branch","PMComponent","spsSeriesRLCBranchLib/Series RLC Branch","InitialVoltage","0"
"TransformerWithCTSaturationz_DISCONNECTED/Series RLC Branch","PMComponent","spsSeriesRLCBranchLib/Series RLC Branch","Measurements","None"
"TransformerWithCTSaturationz_DISCONNECTED/Series RLC Branch1","PMComponent","spsSeriesRLCBranchLib/Series RLC Branch","BranchType","R"
"TransformerWithCTSaturationz_DISCONNECTED/Series RLC Branch1","PMComponent","spsSeriesRLCBranchLib/Series RLC Branch","Resistance","0.5"
"TransformerWithCTSaturationz_DISCONNECTED/Series RLC Branch1","PMComponent","spsSeriesRLCBranchLib/Series RLC Branch","Inductance","1e-3"
"TransformerWithCTSaturationz_DISCONNECTED/Series RLC Branch1","PMComponent","spsSeriesRLCBranchLib/Series RLC Branch","SetiL0","off"
"TransformerWithCTSaturationz_DISCONNECTED/Series RLC Branch1","PMComponent","spsSeriesRLCBranchLib/Series RLC Branch","InitialCurrent","0"
"TransformerWithCTSaturationz_DISCONNECTED/Series RLC Branch1","PMComponent","spsSeriesRLCBranchLib/Series RLC Branch","Capacitance","1e-6"
"TransformerWithCTSaturationz_DISCONNECTED/Series RLC Branch1","PMComponent","spsSeriesRLCBranchLib/Series RLC Branch","Setx0","off"
"TransformerWithCTSaturationz_DISCONNECTED/Series RLC Branch1","PMComponent","spsSeriesRLCBranchLib/Series RLC Branch","InitialVoltage","0"
"TransformerWithCTSaturationz_DISCONNECTED/Series RLC Branch1","PMComponent","spsSeriesRLCBranchLib/Series RLC Branch","Measurements","None"
"TransformerWithCTSaturationz_DISCONNECTED/Series RLC Branch10","PMComponent","spsSeriesRLCBranchLib/Series RLC Branch","BranchType","R"
"TransformerWithCTSaturationz_DISCONNECTED/Series RLC Branch10","PMComponent","spsSeriesRLCBranchLib/Series RLC Branch","Resistance","0.5"
"TransformerWithCTSaturationz_DISCONNECTED/Series RLC Branch10","PMComponent","spsSeriesRLCBranchLib/Series RLC Branch","Inductance","1e-3"
"TransformerWithCTSaturationz_DISCONNECTED/Series RLC Branch10","PMComponent","spsSeriesRLCBranchLib/Series RLC Branch","SetiL0","off"
"TransformerWithCTSaturationz_DISCONNECTED/Series RLC Branch10","PMComponent","spsSeriesRLCBranchLib/Series RLC Branch","InitialCurrent","0"
"TransformerWithCTSaturationz_DISCONNECTED/Series RLC Branch10","PMComponent","spsSeriesRLCBranchLib/Series RLC Branch","Capacitance","1e-6"
"TransformerWithCTSaturationz_DISCONNECTED/Series RLC Branch10","PMComponent","spsSeriesRLCBranchLib/Series RLC Branch","Setx0","off"
"TransformerWithCTSaturationz_DISCONNECTED/Series RLC Branch10","PMComponent","spsSeriesRLCBranchLib/Series RLC Branch","InitialVoltage","0"
"TransformerWithCTSaturationz_DISCONNECTED/Series RLC Branch10","PMComponent","spsSeriesRLCBranchLib/Series RLC Branch","Measurements","None"
"TransformerWithCTSaturationz_DISCONNECTED/Series RLC Branch11","PMComponent","spsSeriesRLCBranchLib/Series RLC Branch","BranchType","R"
"TransformerWithCTSaturationz_DISCONNECTED/Series RLC Branch11","PMComponent","spsSeriesRLCBranchLib/Series RLC Branch","Resistance","0.5"
"TransformerWithCTSaturationz_DISCONNECTED/Series RLC Branch11","PMComponent","spsSeriesRLCBranchLib/Series RLC Branch","Inductance","1e-3"
"TransformerWithCTSaturationz_DISCONNECTED/Series RLC Branch11","PMComponent","spsSeriesRLCBranchLib/Series RLC Branch","SetiL0","off"
"TransformerWithCTSaturationz_DISCONNECTED/Series RLC Branch11","PMComponent","spsSeriesRLCBranchLib/Series RLC Branch","InitialCurrent","0"
"TransformerWithCTSaturationz_DISCONNECTED/Series RLC Branch11","PMComponent","spsSeriesRLCBranchLib/Series RLC Branch","Capacitance","1e-6"
"TransformerWithCTSaturationz_DISCONNECTED/Series RLC Branch11","PMComponent","spsSeriesRLCBranchLib/Series RLC Branch","Setx0","off"
"TransformerWithCTSaturationz_DISCONNECTED/Series RLC Branch11","PMComponent","spsSeriesRLCBranchLib/Series RLC Branch","InitialVoltage","0"
"TransformerWithCTSaturationz_DISCONNECTED/Series RLC Branch11","PMComponent","spsSeriesRLCBranchLib/Series RLC Branch","Measurements","None"
"TransformerWithCTSaturationz_DISCONNECTED/Series RLC Branch12","PMComponent","spsSeriesRLCBranchLib/Series RLC Branch","BranchType","C"
"TransformerWithCTSaturationz_DISCONNECTED/Series RLC Branch12","PMComponent","spsSeriesRLCBranchLib/Series RLC Branch","Resistance","0.5"
"TransformerWithCTSaturationz_DISCONNECTED/Series RLC Branch12","PMComponent","spsSeriesRLCBranchLib/Series RLC Branch","Inductance","1e-3"
"TransformerWithCTSaturationz_DISCONNECTED/Series RLC Branch12","PMComponent","spsSeriesRLCBranchLib/Series RLC Branch","SetiL0","off"
"TransformerWithCTSaturationz_DISCONNECTED/Series RLC Branch12","PMComponent","spsSeriesRLCBranchLib/Series RLC Branch","InitialCurrent","0"
"TransformerWithCTSaturationz_DISCONNECTED/Series RLC Branch12","PMComponent","spsSeriesRLCBranchLib/Series RLC Branch","Capacitance","1e-9"
"TransformerWithCTSaturationz_DISCONNECTED/Series RLC Branch12","PMComponent","spsSeriesRLCBranchLib/Series RLC Branch","Setx0","off"
"TransformerWithCTSaturationz_DISCONNECTED/Series RLC Branch12","PMComponent","spsSeriesRLCBranchLib/Series RLC Branch","InitialVoltage","0"
"TransformerWithCTSaturationz_DISCONNECTED/Series RLC Branch12","PMComponent","spsSeriesRLCBranchLib/Series RLC Branch","Measurements","None"
"TransformerWithCTSaturationz_DISCONNECTED/Series RLC Branch13","PMComponent","spsSeriesRLCBranchLib/Series RLC Branch","BranchType","C"
"TransformerWithCTSaturationz_DISCONNECTED/Series RLC Branch13","PMComponent","spsSeriesRLCBranchLib/Series RLC Branch","Resistance","0.5"
"TransformerWithCTSaturationz_DISCONNECTED/Series RLC Branch13","PMComponent","spsSeriesRLCBranchLib/Series RLC Branch","Inductance","1e-3"
"TransformerWithCTSaturationz_DISCONNECTED/Series RLC Branch13","PMComponent","spsSeriesRLCBranchLib/Series RLC Branch","SetiL0","off"
"TransformerWithCTSaturationz_DISCONNECTED/Series RLC Branch13","PMComponent","spsSeriesRLCBranchLib/Series RLC Branch","InitialCurrent","0"
"TransformerWithCTSaturationz_DISCONNECTED/Series RLC Branch13","PMComponent","spsSeriesRLCBranchLib/Series RLC Branch","Capacitance","1e-9"
"TransformerWithCTSaturationz_DISCONNECTED/Series RLC Branch13","PMComponent","spsSeriesRLCBranchLib/Series RLC Branch","Setx0","off"
"TransformerWithCTSaturationz_DISCONNECTED/Series RLC Branch13","PMComponent","spsSeriesRLCBranchLib/Series RLC Branch","InitialVoltage","0"
"TransformerWithCTSaturationz_DISCONNECTED/Series RLC Branch13","PMComponent","spsSeriesRLCBranchLib/Series RLC Branch","Measurements","None"
"TransformerWithCTSaturationz_DISCONNECTED/Series RLC Branch14","PMComponent","spsSeriesRLCBranchLib/Series RLC Branch","BranchType","C"
"TransformerWithCTSaturationz_DISCONNECTED/Series RLC Branch14","PMComponent","spsSeriesRLCBranchLib/Series RLC Branch","Resistance","0.5"
"TransformerWithCTSaturationz_DISCONNECTED/Series RLC Branch14","PMComponent","spsSeriesRLCBranchLib/Series RLC Branch","Inductance","1e-3"
"TransformerWithCTSaturationz_DISCONNECTED/Series RLC Branch14","PMComponent","spsSeriesRLCBranchLib/Series RLC Branch","SetiL0","off"
"TransformerWithCTSaturationz_DISCONNECTED/Series RLC Branch14","PMComponent","spsSeriesRLCBranchLib/Series RLC Branch","InitialCurrent","0"
"TransformerWithCTSaturationz_DISCONNECTED/Series RLC Branch14","PMComponent","spsSeriesRLCBranchLib/Series RLC Branch","Capacitance","1e-9"
"TransformerWithCTSaturationz_DISCONNECTED/Series RLC Branch14","PMComponent","spsSeriesRLCBranchLib/Series RLC Branch","Setx0","off"
"TransformerWithCTSaturationz_DISCONNECTED/Series RLC Branch14","PMComponent","spsSeriesRLCBranchLib/Series RLC Branch","InitialVoltage","0"
"TransformerWithCTSaturationz_DISCONNECTED/Series RLC Branch14","PMComponent","spsSeriesRLCBranchLib/Series RLC Branch","Measurements","None"
"TransformerWithCTSaturationz_DISCONNECTED/Series RLC Branch15","PMComponent","spsSeriesRLCBranchLib/Series RLC Branch","BranchType","C"
"TransformerWithCTSaturationz_DISCONNECTED/Series RLC Branch15","PMComponent","spsSeriesRLCBranchLib/Series RLC Branch","Resistance","0.5"
"TransformerWithCTSaturationz_DISCONNECTED/Series RLC Branch15","PMComponent","spsSeriesRLCBranchLib/Series RLC Branch","Inductance","1e-3"
"TransformerWithCTSaturationz_DISCONNECTED/Series RLC Branch15","PMComponent","spsSeriesRLCBranchLib/Series RLC Branch","SetiL0","off"
"TransformerWithCTSaturationz_DISCONNECTED/Series RLC Branch15","PMComponent","spsSeriesRLCBranchLib/Series RLC Branch","InitialCurrent","0"
"TransformerWithCTSaturationz_DISCONNECTED/Series RLC Branch15","PMComponent","spsSeriesRLCBranchLib/Series RLC Branch","Capacitance","1e-9"
"TransformerWithCTSaturationz_DISCONNECTED/Series RLC Branch15","PMComponent","spsSeriesRLCBranchLib/Series RLC Branch","Setx0","off"
"TransformerWithCTSaturationz_DISCONNECTED/Series RLC Branch15","PMComponent","spsSeriesRLCBranchLib/Series RLC Branch","InitialVoltage","0"
"TransformerWithCTSaturationz_DISCONNECTED/Series RLC Branch15","PMComponent","spsSeriesRLCBranchLib/Series RLC Branch","Measurements","None"
"TransformerWithCTSaturationz_DISCONNECTED/Series RLC Branch16","PMComponent","spsSeriesRLCBranchLib/Series RLC Branch","BranchType","C"
"TransformerWithCTSaturationz_DISCONNECTED/Series RLC Branch16","PMComponent","spsSeriesRLCBranchLib/Series RLC Branch","Resistance","0.5"
"TransformerWithCTSaturationz_DISCONNECTED/Series RLC Branch16","PMComponent","spsSeriesRLCBranchLib/Series RLC Branch","Inductance","1e-3"
"TransformerWithCTSaturationz_DISCONNECTED/Series RLC Branch16","PMComponent","spsSeriesRLCBranchLib/Series RLC Branch","SetiL0","off"
"TransformerWithCTSaturationz_DISCONNECTED/Series RLC Branch16","PMComponent","spsSeriesRLCBranchLib/Series RLC Branch","InitialCurrent","0"
"TransformerWithCTSaturationz_DISCONNECTED/Series RLC Branch16","PMComponent","spsSeriesRLCBranchLib/Series RLC Branch","Capacitance","1e-9"
"TransformerWithCTSaturationz_DISCONNECTED/Series RLC Branch16","PMComponent","spsSeriesRLCBranchLib/Series RLC Branch","Setx0","off"
"TransformerWithCTSaturationz_DISCONNECTED/Series RLC Branch16","PMComponent","spsSeriesRLCBranchLib/Series RLC Branch","InitialVoltage","0"
"TransformerWithCTSaturationz_DISCONNECTED/Series RLC Branch16","PMComponent","spsSeriesRLCBranchLib/Series RLC Branch","Measurements","None"
"TransformerWithCTSaturationz_DISCONNECTED/Series RLC Branch17","PMComponent","spsSeriesRLCBranchLib/Series RLC Branch","BranchType","C"
"TransformerWithCTSaturationz_DISCONNECTED/Series RLC Branch17","PMComponent","spsSeriesRLCBranchLib/Series RLC Branch","Resistance","0.5"
"TransformerWithCTSaturationz_DISCONNECTED/Series RLC Branch17","PMComponent","spsSeriesRLCBranchLib/Series RLC Branch","Inductance","1e-3"
"TransformerWithCTSaturationz_DISCONNECTED/Series RLC Branch17","PMComponent","spsSeriesRLCBranchLib/Series RLC Branch","SetiL0","off"
"TransformerWithCTSaturationz_DISCONNECTED/Series RLC Branch17","PMComponent","spsSeriesRLCBranchLib/Series RLC Branch","InitialCurrent","0"
"TransformerWithCTSaturationz_DISCONNECTED/Series RLC Branch17","PMComponent","spsSeriesRLCBranchLib/Series RLC Branch","Capacitance","1e-9"
"TransformerWithCTSaturationz_DISCONNECTED/Series RLC Branch17","PMComponent","spsSeriesRLCBranchLib/Series RLC Branch","Setx0","off"
"TransformerWithCTSaturationz_DISCONNECTED/Series RLC Branch17","PMComponent","spsSeriesRLCBranchLib/Series RLC Branch","InitialVoltage","0"
"TransformerWithCTSaturationz_DISCONNECTED/Series RLC Branch17","PMComponent","spsSeriesRLCBranchLib/Series RLC Branch","Measurements","None"
"TransformerWithCTSaturationz_DISCONNECTED/Series RLC Branch2","PMComponent","spsSeriesRLCBranchLib/Series RLC Branch","BranchType","R"
"TransformerWithCTSaturationz_DISCONNECTED/Series RLC Branch2","PMComponent","spsSeriesRLCBranchLib/Series RLC Branch","Resistance","0.5"
"TransformerWithCTSaturationz_DISCONNECTED/Series RLC Branch2","PMComponent","spsSeriesRLCBranchLib/Series RLC Branch","Inductance","1e-3"
"TransformerWithCTSaturationz_DISCONNECTED/Series RLC Branch2","PMComponent","spsSeriesRLCBranchLib/Series RLC Branch","SetiL0","off"
"TransformerWithCTSaturationz_DISCONNECTED/Series RLC Branch2","PMComponent","spsSeriesRLCBranchLib/Series RLC Branch","InitialCurrent","0"
"TransformerWithCTSaturationz_DISCONNECTED/Series RLC Branch2","PMComponent","spsSeriesRLCBranchLib/Series RLC Branch","Capacitance","1e-6"
"TransformerWithCTSaturationz_DISCONNECTED/Series RLC Branch2","PMComponent","spsSeriesRLCBranchLib/Series RLC Branch","Setx0","off"
"TransformerWithCTSaturationz_DISCONNECTED/Series RLC Branch2","PMComponent","spsSeriesRLCBranchLib/Series RLC Branch","InitialVoltage","0"
"TransformerWithCTSaturationz_DISCONNECTED/Series RLC Branch2","PMComponent","spsSeriesRLCBranchLib/Series RLC Branch","Measurements","None"
"TransformerWithCTSaturationz_DISCONNECTED/Series RLC Branch3","PMComponent","spsSeriesRLCBranchLib/Series RLC Branch","BranchType","R"
"TransformerWithCTSaturationz_DISCONNECTED/Series RLC Branch3","PMComponent","spsSeriesRLCBranchLib/Series RLC Branch","Resistance","0.5"
"TransformerWithCTSaturationz_DISCONNECTED/Series RLC Branch3","PMComponent","spsSeriesRLCBranchLib/Series RLC Branch","Inductance","1e-3"
"TransformerWithCTSaturationz_DISCONNECTED/Series RLC Branch3","PMComponent","spsSeriesRLCBranchLib/Series RLC Branch","SetiL0","off"
"TransformerWithCTSaturationz_DISCONNECTED/Series RLC Branch3","PMComponent","spsSeriesRLCBranchLib/Series RLC Branch","InitialCurrent","0"
"TransformerWithCTSaturationz_DISCONNECTED/Series RLC Branch3","PMComponent","spsSeriesRLCBranchLib/Series RLC Branch","Capacitance","1e-6"
"TransformerWithCTSaturationz_DISCONNECTED/Series RLC Branch3","PMComponent","spsSeriesRLCBranchLib/Series RLC Branch","Setx0","off"
"TransformerWithCTSaturationz_DISCONNECTED/Series RLC Branch3","PMComponent","spsSeriesRLCBranchLib/Series RLC Branch","InitialVoltage","0"
"TransformerWithCTSaturationz_DISCONNECTED/Series RLC Branch3","PMComponent","spsSeriesRLCBranchLib/Series RLC Branch","Measurements","None"
"TransformerWithCTSaturationz_DISCONNECTED/Series RLC Branch4","PMComponent","spsSeriesRLCBranchLib/Series RLC Branch","BranchType","R"
"TransformerWithCTSaturationz_DISCONNECTED/Series RLC Branch4","PMComponent","spsSeriesRLCBranchLib/Series RLC Branch","Resistance","0.5"
"TransformerWithCTSaturationz_DISCONNECTED/Series RLC Branch4","PMComponent","spsSeriesRLCBranchLib/Series RLC Branch","Inductance","1e-3"
"TransformerWithCTSaturationz_DISCONNECTED/Series RLC Branch4","PMComponent","spsSeriesRLCBranchLib/Series RLC Branch","SetiL0","off"
"TransformerWithCTSaturationz_DISCONNECTED/Series RLC Branch4","PMComponent","spsSeriesRLCBranchLib/Series RLC Branch","InitialCurrent","0"
"TransformerWithCTSaturationz_DISCONNECTED/Series RLC Branch4","PMComponent","spsSeriesRLCBranchLib/Series RLC Branch","Capacitance","1e-6"
"TransformerWithCTSaturationz_DISCONNECTED/Series RLC Branch4","PMComponent","spsSeriesRLCBranchLib/Series RLC Branch","Setx0","off"
"TransformerWithCTSaturationz_DISCONNECTED/Series RLC Branch4","PMComponent","spsSeriesRLCBranchLib/Series RLC Branch","InitialVoltage","0"
"TransformerWithCTSaturationz_DISCONNECTED/Series RLC Branch4","PMComponent","spsSeriesRLCBranchLib/Series RLC Branch","Measurements","None"
"TransformerWithCTSaturationz_DISCONNECTED/Series RLC Branch5","PMComponent","spsSeriesRLCBranchLib/Series RLC Branch","BranchType","R"
"TransformerWithCTSaturationz_DISCONNECTED/Series RLC Branch5","PMComponent","spsSeriesRLCBranchLib/Series RLC Branch","Resistance","0.5"
"TransformerWithCTSaturationz_DISCONNECTED/Series RLC Branch5","PMComponent","spsSeriesRLCBranchLib/Series RLC Branch","Inductance","1e-3"
"TransformerWithCTSaturationz_DISCONNECTED/Series RLC Branch5","PMComponent","spsSeriesRLCBranchLib/Series RLC Branch","SetiL0","off"
"TransformerWithCTSaturationz_DISCONNECTED/Series RLC Branch5","PMComponent","spsSeriesRLCBranchLib/Series RLC Branch","InitialCurrent","0"
"TransformerWithCTSaturationz_DISCONNECTED/Series RLC Branch5","PMComponent","spsSeriesRLCBranchLib/Series RLC Branch","Capacitance","1e-6"
"TransformerWithCTSaturationz_DISCONNECTED/Series RLC Branch5","PMComponent","spsSeriesRLCBranchLib/Series RLC Branch","Setx0","off"
"TransformerWithCTSaturationz_DISCONNECTED/Series RLC Branch5","PMComponent","spsSeriesRLCBranchLib/Series RLC Branch","InitialVoltage","0"
"TransformerWithCTSaturationz_DISCONNECTED/Series RLC Branch5","PMComponent","spsSeriesRLCBranchLib/Series RLC Branch","Measurements","None"
"TransformerWithCTSaturationz_DISCONNECTED/Series RLC Branch6","PMComponent","spsSeriesRLCBranchLib/Series RLC Branch","BranchType","R"
"TransformerWithCTSaturationz_DISCONNECTED/Series RLC Branch6","PMComponent","spsSeriesRLCBranchLib/Series RLC Branch","Resistance","0.5"
"TransformerWithCTSaturationz_DISCONNECTED/Series RLC Branch6","PMComponent","spsSeriesRLCBranchLib/Series RLC Branch","Inductance","1e-3"
"TransformerWithCTSaturationz_DISCONNECTED/Series RLC Branch6","PMComponent","spsSeriesRLCBranchLib/Series RLC Branch","SetiL0","off"
"TransformerWithCTSaturationz_DISCONNECTED/Series RLC Branch6","PMComponent","spsSeriesRLCBranchLib/Series RLC Branch","InitialCurrent","0"
"TransformerWithCTSaturationz_DISCONNECTED/Series RLC Branch6","PMComponent","spsSeriesRLCBranchLib/Series RLC Branch","Capacitance","1e-6"
"TransformerWithCTSaturationz_DISCONNECTED/Series RLC Branch6","PMComponent","spsSeriesRLCBranchLib/Series RLC Branch","Setx0","off"
"TransformerWithCTSaturationz_DISCONNECTED/Series RLC Branch6","PMComponent","spsSeriesRLCBranchLib/Series RLC Branch","InitialVoltage","0"
"TransformerWithCTSaturationz_DISCONNECTED/Series RLC Branch6","PMComponent","spsSeriesRLCBranchLib/Series RLC Branch","Measurements","None"
"TransformerWithCTSaturationz_DISCONNECTED/Series RLC Branch7","PMComponent","spsSeriesRLCBranchLib/Series RLC Branch","BranchType","R"
"TransformerWithCTSaturationz_DISCONNECTED/Series RLC Branch7","PMComponent","spsSeriesRLCBranchLib/Series RLC Branch","Resistance","0.5"
"TransformerWithCTSaturationz_DISCONNECTED/Series RLC Branch7","PMComponent","spsSeriesRLCBranchLib/Series RLC Branch","Inductance","1e-3"
"TransformerWithCTSaturationz_DISCONNECTED/Series RLC Branch7","PMComponent","spsSeriesRLCBranchLib/Series RLC Branch","SetiL0","off"
"TransformerWithCTSaturationz_DISCONNECTED/Series RLC Branch7","PMComponent","spsSeriesRLCBranchLib/Series RLC Branch","InitialCurrent","0"
"TransformerWithCTSaturationz_DISCONNECTED/Series RLC Branch7","PMComponent","spsSeriesRLCBranchLib/Series RLC Branch","Capacitance","1e-6"
"TransformerWithCTSaturationz_DISCONNECTED/Series RLC Branch7","PMComponent","spsSeriesRLCBranchLib/Series RLC Branch","Setx0","off"
"TransformerWithCTSaturationz_DISCONNECTED/Series RLC Branch7","PMComponent","spsSeriesRLCBranchLib/Series RLC Branch","InitialVoltage","0"
"TransformerWithCTSaturationz_DISCONNECTED/Series RLC Branch7","PMComponent","spsSeriesRLCBranchLib/Series RLC Branch","Measurements","None"
"TransformerWithCTSaturationz_DISCONNECTED/Series RLC Branch8","PMComponent","spsSeriesRLCBranchLib/Series RLC Branch","BranchType","R"
"TransformerWithCTSaturationz_DISCONNECTED/Series RLC Branch8","PMComponent","spsSeriesRLCBranchLib/Series RLC Branch","Resistance","0.5"
"TransformerWithCTSaturationz_DISCONNECTED/Series RLC Branch8","PMComponent","spsSeriesRLCBranchLib/Series RLC Branch","Inductance","1e-3"
"TransformerWithCTSaturationz_DISCONNECTED/Series RLC Branch8","PMComponent","spsSeriesRLCBranchLib/Series RLC Branch","SetiL0","off"
"TransformerWithCTSaturationz_DISCONNECTED/Series RLC Branch8","PMComponent","spsSeriesRLCBranchLib/Series RLC Branch","InitialCurrent","0"
"TransformerWithCTSaturationz_DISCONNECTED/Series RLC Branch8","PMComponent","spsSeriesRLCBranchLib/Series RLC Branch","Capacitance","1e-6"
"TransformerWithCTSaturationz_DISCONNECTED/Series RLC Branch8","PMComponent","spsSeriesRLCBranchLib/Series RLC Branch","Setx0","off"
"TransformerWithCTSaturationz_DISCONNECTED/Series RLC Branch8","PMComponent","spsSeriesRLCBranchLib/Series RLC Branch","InitialVoltage","0"
"TransformerWithCTSaturationz_DISCONNECTED/Series RLC Branch8","PMComponent","spsSeriesRLCBranchLib/Series RLC Branch","Measurements","None"
"TransformerWithCTSaturationz_DISCONNECTED/Series RLC Branch9","PMComponent","spsSeriesRLCBranchLib/Series RLC Branch","BranchType","R"
"TransformerWithCTSaturationz_DISCONNECTED/Series RLC Branch9","PMComponent","spsSeriesRLCBranchLib/Series RLC Branch","Resistance","0.5"
"TransformerWithCTSaturationz_DISCONNECTED/Series RLC Branch9","PMComponent","spsSeriesRLCBranchLib/Series RLC Branch","Inductance","1e-3"
"TransformerWithCTSaturationz_DISCONNECTED/Series RLC Branch9","PMComponent","spsSeriesRLCBranchLib/Series RLC Branch","SetiL0","off"
"TransformerWithCTSaturationz_DISCONNECTED/Series RLC Branch9","PMComponent","spsSeriesRLCBranchLib/Series RLC Branch","InitialCurrent","0"
"TransformerWithCTSaturationz_DISCONNECTED/Series RLC Branch9","PMComponent","spsSeriesRLCBranchLib/Series RLC Branch","Capacitance","1e-6"
"TransformerWithCTSaturationz_DISCONNECTED/Series RLC Branch9","PMComponent","spsSeriesRLCBranchLib/Series RLC Branch","Setx0","off"
"TransformerWithCTSaturationz_DISCONNECTED/Series RLC Branch9","PMComponent","spsSeriesRLCBranchLib/Series RLC Branch","InitialVoltage","0"
"TransformerWithCTSaturationz_DISCONNECTED/Series RLC Branch9","PMComponent","spsSeriesRLCBranchLib/Series RLC Branch","Measurements","None"
"TransformerWithCTSaturationz_DISCONNECTED/Step1","Step","","Time","0.050000"
"TransformerWithCTSaturationz_DISCONNECTED/Step1","Step","","Before","0"
"TransformerWithCTSaturationz_DISCONNECTED/Step1","Step","","After","1"
"TransformerWithCTSaturationz_DISCONNECTED/Step1","Step","","OutDataTypeStr","double"
"TransformerWithCTSaturationz_DISCONNECTED/Step1","Step","","SampleTime","0"
"TransformerWithCTSaturationz_DISCONNECTED/Step1","Step","","VectorParams1D","on"
"TransformerWithCTSaturationz_DISCONNECTED/Step1","Step","","ZeroCross","on"
"TransformerWithCTSaturationz_DISCONNECTED/Step2","Step","","Time","0.050000"
"TransformerWithCTSaturationz_DISCONNECTED/Step2","Step","","Before","0"
"TransformerWithCTSaturationz_DISCONNECTED/Step2","Step","","After","1"
"TransformerWithCTSaturationz_DISCONNECTED/Step2","Step","","OutDataTypeStr","double"
"TransformerWithCTSaturationz_DISCONNECTED/Step2","Step","","SampleTime","0"
"TransformerWithCTSaturationz_DISCONNECTED/Step2","Step","","VectorParams1D","on"
"TransformerWithCTSaturationz_DISCONNECTED/Step2","Step","","ZeroCross","on"
"TransformerWithCTSaturationz_DISCONNECTED/Step4","Step","","Time","10"
"TransformerWithCTSaturationz_DISCONNECTED/Step4","Step","","Before","0"
"TransformerWithCTSaturationz_DISCONNECTED/Step4","Step","","After","1"
"TransformerWithCTSaturationz_DISCONNECTED/Step4","Step","","OutDataTypeStr","double"
"TransformerWithCTSaturationz_DISCONNECTED/Step4","Step","","SampleTime","0"
"TransformerWithCTSaturationz_DISCONNECTED/Step4","Step","","VectorParams1D","on"
"TransformerWithCTSaturationz_DISCONNECTED/Step4","Step","","ZeroCross","on"
"TransformerWithCTSaturationz_DISCONNECTED/Step5","Step","","Time","0.05"
"TransformerWithCTSaturationz_DISCONNECTED/Step5","Step","","Before","0"
"TransformerWithCTSaturationz_DISCONNECTED/Step5","Step","","After","1"
"TransformerWithCTSaturationz_DISCONNECTED/Step5","Step","","OutDataTypeStr","double"
"TransformerWithCTSaturationz_DISCONNECTED/Step5","Step","","SampleTime","0"
"TransformerWithCTSaturationz_DISCONNECTED/Step5","Step","","VectorParams1D","on"
"TransformerWithCTSaturationz_DISCONNECTED/Step5","Step","","ZeroCross","on"
"TransformerWithCTSaturationz_DISCONNECTED/Step_Evolve2","Step","","Time","0.05"
"TransformerWithCTSaturationz_DISCONNECTED/Step_Evolve2","Step","","Before","0"
"TransformerWithCTSaturationz_DISCONNECTED/Step_Evolve2","Step","","After","1"
"TransformerWithCTSaturationz_DISCONNECTED/Step_Evolve2","Step","","OutDataTypeStr","double"
"TransformerWithCTSaturationz_DISCONNECTED/Step_Evolve2","Step","","SampleTime","0"
"TransformerWithCTSaturationz_DISCONNECTED/Step_Evolve2","Step","","VectorParams1D","on"
"TransformerWithCTSaturationz_DISCONNECTED/Step_Evolve2","Step","","ZeroCross","on"
"TransformerWithCTSaturationz_DISCONNECTED/Step_Evolve3","Step","","Time","0.05"
"TransformerWithCTSaturationz_DISCONNECTED/Step_Evolve3","Step","","Before","0"
"TransformerWithCTSaturationz_DISCONNECTED/Step_Evolve3","Step","","After","1"
"TransformerWithCTSaturationz_DISCONNECTED/Step_Evolve3","Step","","OutDataTypeStr","double"
"TransformerWithCTSaturationz_DISCONNECTED/Step_Evolve3","Step","","SampleTime","0"
"TransformerWithCTSaturationz_DISCONNECTED/Step_Evolve3","Step","","VectorParams1D","on"
"TransformerWithCTSaturationz_DISCONNECTED/Step_Evolve3","Step","","ZeroCross","on"
"TransformerWithCTSaturationz_DISCONNECTED/Step_down_Transformer","SubSystem","spsThreePhaseTransformerTwoWindingsLib/Three-Phase
Transformer
(Two Windings)","Winding1Connection","Y"
"TransformerWithCTSaturationz_DISCONNECTED/Step_down_Transformer","SubSystem","spsThreePhaseTransformerTwoWindingsLib/Three-Phase
Transformer
(Two Windings)","Winding2Connection","Delta (D1)"
"TransformerWithCTSaturationz_DISCONNECTED/Step_down_Transformer","SubSystem","spsThreePhaseTransformerTwoWindingsLib/Three-Phase
Transformer
(Two Windings)","CoreType","Three single-phase transformers"
"TransformerWithCTSaturationz_DISCONNECTED/Step_down_Transformer","SubSystem","spsThreePhaseTransformerTwoWindingsLib/Three-Phase
Transformer
(Two Windings)","SetSaturation","on"
"TransformerWithCTSaturationz_DISCONNECTED/Step_down_Transformer","SubSystem","spsThreePhaseTransformerTwoWindingsLib/Three-Phase
Transformer
(Two Windings)","Hysteresis","off"
"TransformerWithCTSaturationz_DISCONNECTED/Step_down_Transformer","SubSystem","spsThreePhaseTransformerTwoWindingsLib/Three-Phase
Transformer
(Two Windings)","DataFile","'hysteresis'"
"TransformerWithCTSaturationz_DISCONNECTED/Step_down_Transformer","SubSystem","spsThreePhaseTransformerTwoWindingsLib/Three-Phase
Transformer
(Two Windings)","SetInitialFlux","off"
"TransformerWithCTSaturationz_DISCONNECTED/Step_down_Transformer","SubSystem","spsThreePhaseTransformerTwoWindingsLib/Three-Phase
Transformer
(Two Windings)","Measurements","Winding voltages"
"TransformerWithCTSaturationz_DISCONNECTED/Step_down_Transformer","SubSystem","spsThreePhaseTransformerTwoWindingsLib/Three-Phase
Transformer
(Two Windings)","UNITS","pu"
"TransformerWithCTSaturationz_DISCONNECTED/Step_down_Transformer","SubSystem","spsThreePhaseTransformerTwoWindingsLib/Three-Phase
Transformer
(Two Windings)","NominalPower","[ 300e6 50 ]"
"TransformerWithCTSaturationz_DISCONNECTED/Step_down_Transformer","SubSystem","spsThreePhaseTransformerTwoWindingsLib/Three-Phase
Transformer
(Two Windings)","Winding1","[ 230e3 0.0025  0.01 ]"
"TransformerWithCTSaturationz_DISCONNECTED/Step_down_Transformer","SubSystem","spsThreePhaseTransformerTwoWindingsLib/Three-Phase
Transformer
(Two Windings)","Winding2","[ 11e3 0.0025 0.01]"
"TransformerWithCTSaturationz_DISCONNECTED/Step_down_Transformer","SubSystem","spsThreePhaseTransformerTwoWindingsLib/Three-Phase
Transformer
(Two Windings)","Rm","500"
"TransformerWithCTSaturationz_DISCONNECTED/Step_down_Transformer","SubSystem","spsThreePhaseTransformerTwoWindingsLib/Three-Phase
Transformer
(Two Windings)","Lm","inf"
"TransformerWithCTSaturationz_DISCONNECTED/Step_down_Transformer","SubSystem","spsThreePhaseTransformerTwoWindingsLib/Three-Phase
Transformer
(Two Windings)","L0","0.5"
"TransformerWithCTSaturationz_DISCONNECTED/Step_down_Transformer","SubSystem","spsThreePhaseTransformerTwoWindingsLib/Three-Phase
Transformer
(Two Windings)","Saturation","[0 0 ; 0.005 1.2 ; 5.0 1.8]"
"TransformerWithCTSaturationz_DISCONNECTED/Step_down_Transformer","SubSystem","spsThreePhaseTransformerTwoWindingsLib/Three-Phase
Transformer
(Two Windings)","InitialFluxes","[-0.999842431491362 0.500274507228811 0.49956792426255]"
"TransformerWithCTSaturationz_DISCONNECTED/Step_down_Transformer","SubSystem","spsThreePhaseTransformerTwoWindingsLib/Three-Phase
Transformer
(Two Windings)","BreakLoop","off"
"TransformerWithCTSaturationz_DISCONNECTED/Step_down_Transformer","SubSystem","spsThreePhaseTransformerTwoWindingsLib/Three-Phase
Transformer
(Two Windings)","DiscreteSolver","Trapezoidal iterative"
"TransformerWithCTSaturationz_DISCONNECTED/Step_down_Transformer","SubSystem","spsThreePhaseTransformerTwoWindingsLib/Three-Phase
Transformer
(Two Windings)","DataType","off"
"TransformerWithCTSaturationz_DISCONNECTED/Step_down_Transformer","SubSystem","spsThreePhaseTransformerTwoWindingsLib/Three-Phase
Transformer
(Two Windings)","TransfoNumber","1"
"TransformerWithCTSaturationz_DISCONNECTED/Three-Phase
Series RLC Branch","PMComponent","spsThreePhaseSeriesRLCBranchLib/Three-Phase
Series RLC Branch","BranchType","RLC"
"TransformerWithCTSaturationz_DISCONNECTED/Three-Phase
Series RLC Branch","PMComponent","spsThreePhaseSeriesRLCBranchLib/Three-Phase
Series RLC Branch","Resistance","0.1"
"TransformerWithCTSaturationz_DISCONNECTED/Three-Phase
Series RLC Branch","PMComponent","spsThreePhaseSeriesRLCBranchLib/Three-Phase
Series RLC Branch","Inductance","1e-3"
"TransformerWithCTSaturationz_DISCONNECTED/Three-Phase
Series RLC Branch","PMComponent","spsThreePhaseSeriesRLCBranchLib/Three-Phase
Series RLC Branch","Capacitance","inf"
"TransformerWithCTSaturationz_DISCONNECTED/Three-Phase
Series RLC Branch","PMComponent","spsThreePhaseSeriesRLCBranchLib/Three-Phase
Series RLC Branch","Measurements","None"
"TransformerWithCTSaturationz_DISCONNECTED/Three-Phase
Series RLC Load","PMComponent","spsThreePhaseSeriesRLCLoadLib/Three-Phase
Series RLC Load","Configuration","Y (grounded)"
"TransformerWithCTSaturationz_DISCONNECTED/Three-Phase
Series RLC Load","PMComponent","spsThreePhaseSeriesRLCLoadLib/Three-Phase
Series RLC Load","NominalVoltage","11e3"
"TransformerWithCTSaturationz_DISCONNECTED/Three-Phase
Series RLC Load","PMComponent","spsThreePhaseSeriesRLCLoadLib/Three-Phase
Series RLC Load","Vabc","[1e3 1e3 1e3]"
"TransformerWithCTSaturationz_DISCONNECTED/Three-Phase
Series RLC Load","PMComponent","spsThreePhaseSeriesRLCLoadLib/Three-Phase
Series RLC Load","Vabcp","[1e3 1e3 1e3]"
"TransformerWithCTSaturationz_DISCONNECTED/Three-Phase
Series RLC Load","PMComponent","spsThreePhaseSeriesRLCLoadLib/Three-Phase
Series RLC Load","NominalFrequency","50"
"TransformerWithCTSaturationz_DISCONNECTED/Three-Phase
Series RLC Load","PMComponent","spsThreePhaseSeriesRLCLoadLib/Three-Phase
Series RLC Load","UnbalancedPower","off"
"TransformerWithCTSaturationz_DISCONNECTED/Three-Phase
Series RLC Load","PMComponent","spsThreePhaseSeriesRLCLoadLib/Three-Phase
Series RLC Load","ActivePower","10e6"
"TransformerWithCTSaturationz_DISCONNECTED/Three-Phase
Series RLC Load","PMComponent","spsThreePhaseSeriesRLCLoadLib/Three-Phase
Series RLC Load","InductivePower","100"
"TransformerWithCTSaturationz_DISCONNECTED/Three-Phase
Series RLC Load","PMComponent","spsThreePhaseSeriesRLCLoadLib/Three-Phase
Series RLC Load","CapacitivePower","0"
"TransformerWithCTSaturationz_DISCONNECTED/Three-Phase
Series RLC Load","PMComponent","spsThreePhaseSeriesRLCLoadLib/Three-Phase
Series RLC Load","Pabc","[10e3 9e3 11e3]"
"TransformerWithCTSaturationz_DISCONNECTED/Three-Phase
Series RLC Load","PMComponent","spsThreePhaseSeriesRLCLoadLib/Three-Phase
Series RLC Load","QLabc","[100 90 110]"
"TransformerWithCTSaturationz_DISCONNECTED/Three-Phase
Series RLC Load","PMComponent","spsThreePhaseSeriesRLCLoadLib/Three-Phase
Series RLC Load","QCabc","[100 90 110]"
"TransformerWithCTSaturationz_DISCONNECTED/Three-Phase
Series RLC Load","PMComponent","spsThreePhaseSeriesRLCLoadLib/Three-Phase
Series RLC Load","Pabcp","[10e3 9e3 11e3]"
"TransformerWithCTSaturationz_DISCONNECTED/Three-Phase
Series RLC Load","PMComponent","spsThreePhaseSeriesRLCLoadLib/Three-Phase
Series RLC Load","QLabcp","[100 90 110]"
"TransformerWithCTSaturationz_DISCONNECTED/Three-Phase
Series RLC Load","PMComponent","spsThreePhaseSeriesRLCLoadLib/Three-Phase
Series RLC Load","QCabcp","[100 90 110]"
"TransformerWithCTSaturationz_DISCONNECTED/Three-Phase
Series RLC Load","PMComponent","spsThreePhaseSeriesRLCLoadLib/Three-Phase
Series RLC Load","Measurements","None"
"TransformerWithCTSaturationz_DISCONNECTED/Three-Phase
Series RLC Load","PMComponent","spsThreePhaseSeriesRLCLoadLib/Three-Phase
Series RLC Load","LoadType","constant Z"
"TransformerWithCTSaturationz_DISCONNECTED/Three-Phase Breaker","SubSystem","spsThreePhaseBreakerLib/Three-Phase Breaker","InitialState","closed"
"TransformerWithCTSaturationz_DISCONNECTED/Three-Phase Breaker","SubSystem","spsThreePhaseBreakerLib/Three-Phase Breaker","SwitchA","on"
"TransformerWithCTSaturationz_DISCONNECTED/Three-Phase Breaker","SubSystem","spsThreePhaseBreakerLib/Three-Phase Breaker","SwitchB","on"
"TransformerWithCTSaturationz_DISCONNECTED/Three-Phase Breaker","SubSystem","spsThreePhaseBreakerLib/Three-Phase Breaker","SwitchC","on"
"TransformerWithCTSaturationz_DISCONNECTED/Three-Phase Breaker","SubSystem","spsThreePhaseBreakerLib/Three-Phase Breaker","SwitchTimes","[1/60  5/60]"
"TransformerWithCTSaturationz_DISCONNECTED/Three-Phase Breaker","SubSystem","spsThreePhaseBreakerLib/Three-Phase Breaker","External","on"
"TransformerWithCTSaturationz_DISCONNECTED/Three-Phase Breaker","SubSystem","spsThreePhaseBreakerLib/Three-Phase Breaker","BreakerResistance","0.01"
"TransformerWithCTSaturationz_DISCONNECTED/Three-Phase Breaker","SubSystem","spsThreePhaseBreakerLib/Three-Phase Breaker","SnubberResistance","1e6"
"TransformerWithCTSaturationz_DISCONNECTED/Three-Phase Breaker","SubSystem","spsThreePhaseBreakerLib/Three-Phase Breaker","SnubberCapacitance","inf"
"TransformerWithCTSaturationz_DISCONNECTED/Three-Phase Breaker","SubSystem","spsThreePhaseBreakerLib/Three-Phase Breaker","Measurements","Breaker voltages and currents"
"TransformerWithCTSaturationz_DISCONNECTED/Three-Phase Breaker1","SubSystem","spsThreePhaseBreakerLib/Three-Phase Breaker","InitialState","closed"
"TransformerWithCTSaturationz_DISCONNECTED/Three-Phase Breaker1","SubSystem","spsThreePhaseBreakerLib/Three-Phase Breaker","SwitchA","on"
"TransformerWithCTSaturationz_DISCONNECTED/Three-Phase Breaker1","SubSystem","spsThreePhaseBreakerLib/Three-Phase Breaker","SwitchB","on"
"TransformerWithCTSaturationz_DISCONNECTED/Three-Phase Breaker1","SubSystem","spsThreePhaseBreakerLib/Three-Phase Breaker","SwitchC","on"
"TransformerWithCTSaturationz_DISCONNECTED/Three-Phase Breaker1","SubSystem","spsThreePhaseBreakerLib/Three-Phase Breaker","SwitchTimes","[1/60  5/60]"
"TransformerWithCTSaturationz_DISCONNECTED/Three-Phase Breaker1","SubSystem","spsThreePhaseBreakerLib/Three-Phase Breaker","External","on"
"TransformerWithCTSaturationz_DISCONNECTED/Three-Phase Breaker1","SubSystem","spsThreePhaseBreakerLib/Three-Phase Breaker","BreakerResistance","0.01"
"TransformerWithCTSaturationz_DISCONNECTED/Three-Phase Breaker1","SubSystem","spsThreePhaseBreakerLib/Three-Phase Breaker","SnubberResistance","1e6"
"TransformerWithCTSaturationz_DISCONNECTED/Three-Phase Breaker1","SubSystem","spsThreePhaseBreakerLib/Three-Phase Breaker","SnubberCapacitance","inf"
"TransformerWithCTSaturationz_DISCONNECTED/Three-Phase Breaker1","SubSystem","spsThreePhaseBreakerLib/Three-Phase Breaker","Measurements","None"
"TransformerWithCTSaturationz_DISCONNECTED/To Workspace","ToWorkspace","","VariableName","I_primary_abc"
"TransformerWithCTSaturationz_DISCONNECTED/To Workspace","ToWorkspace","","MaxDataPoints","inf"
"TransformerWithCTSaturationz_DISCONNECTED/To Workspace","ToWorkspace","","Decimation","1"
"TransformerWithCTSaturationz_DISCONNECTED/To Workspace","ToWorkspace","","SaveFormat","Array"
"TransformerWithCTSaturationz_DISCONNECTED/To Workspace","ToWorkspace","","Save2DSignal","3-D array (concatenate along third dimension)"
"TransformerWithCTSaturationz_DISCONNECTED/To Workspace","ToWorkspace","","FixptAsFi","on"
"TransformerWithCTSaturationz_DISCONNECTED/To Workspace","ToWorkspace","","SampleTime","6.25e-4"
"TransformerWithCTSaturationz_DISCONNECTED/To Workspace1","ToWorkspace","","VariableName","I_secondary_abc"
"TransformerWithCTSaturationz_DISCONNECTED/To Workspace1","ToWorkspace","","MaxDataPoints","inf"
"TransformerWithCTSaturationz_DISCONNECTED/To Workspace1","ToWorkspace","","Decimation","1"
"TransformerWithCTSaturationz_DISCONNECTED/To Workspace1","ToWorkspace","","SaveFormat","Array"
"TransformerWithCTSaturationz_DISCONNECTED/To Workspace1","ToWorkspace","","Save2DSignal","3-D array (concatenate along third dimension)"
"TransformerWithCTSaturationz_DISCONNECTED/To Workspace1","ToWorkspace","","FixptAsFi","on"
"TransformerWithCTSaturationz_DISCONNECTED/To Workspace1","ToWorkspace","","SampleTime","6.25e-4"
"TransformerWithCTSaturationz_DISCONNECTED/VS","Display","","Format","short"
"TransformerWithCTSaturationz_DISCONNECTED/VS","Display","","Decimation","1"
"TransformerWithCTSaturationz_DISCONNECTED/VS","Display","","Floating","off"
"TransformerWithCTSaturationz_DISCONNECTED/VSa","SubSystem","spsACVoltageSourceLib/AC Voltage Source","Amplitude","(230e3*sqrt(2))/(sqrt(3))"
"TransformerWithCTSaturationz_DISCONNECTED/VSa","SubSystem","spsACVoltageSourceLib/AC Voltage Source","Phase","0"
"TransformerWithCTSaturationz_DISCONNECTED/VSa","SubSystem","spsACVoltageSourceLib/AC Voltage Source","Frequency","50"
"TransformerWithCTSaturationz_DISCONNECTED/VSa","SubSystem","spsACVoltageSourceLib/AC Voltage Source","SampleTime","0"
"TransformerWithCTSaturationz_DISCONNECTED/VSa","SubSystem","spsACVoltageSourceLib/AC Voltage Source","Measurements","None"
"TransformerWithCTSaturationz_DISCONNECTED/VSa","SubSystem","spsACVoltageSourceLib/AC Voltage Source","BusType","swing"
"TransformerWithCTSaturationz_DISCONNECTED/VSa","SubSystem","spsACVoltageSourceLib/AC Voltage Source","Pref","10e3"
"TransformerWithCTSaturationz_DISCONNECTED/VSa","SubSystem","spsACVoltageSourceLib/AC Voltage Source","Qref","0"
"TransformerWithCTSaturationz_DISCONNECTED/VSa","SubSystem","spsACVoltageSourceLib/AC Voltage Source","Qmin","-inf"
"TransformerWithCTSaturationz_DISCONNECTED/VSa","SubSystem","spsACVoltageSourceLib/AC Voltage Source","Qmax","+inf"
"TransformerWithCTSaturationz_DISCONNECTED/VSb","SubSystem","spsACVoltageSourceLib/AC Voltage Source","Amplitude","(230e3*sqrt(2))/(sqrt(3))"
"TransformerWithCTSaturationz_DISCONNECTED/VSb","SubSystem","spsACVoltageSourceLib/AC Voltage Source","Phase","-120"
"TransformerWithCTSaturationz_DISCONNECTED/VSb","SubSystem","spsACVoltageSourceLib/AC Voltage Source","Frequency","50"
"TransformerWithCTSaturationz_DISCONNECTED/VSb","SubSystem","spsACVoltageSourceLib/AC Voltage Source","SampleTime","0"
"TransformerWithCTSaturationz_DISCONNECTED/VSb","SubSystem","spsACVoltageSourceLib/AC Voltage Source","Measurements","None"
"TransformerWithCTSaturationz_DISCONNECTED/VSb","SubSystem","spsACVoltageSourceLib/AC Voltage Source","BusType","swing"
"TransformerWithCTSaturationz_DISCONNECTED/VSb","SubSystem","spsACVoltageSourceLib/AC Voltage Source","Pref","10e3"
"TransformerWithCTSaturationz_DISCONNECTED/VSb","SubSystem","spsACVoltageSourceLib/AC Voltage Source","Qref","0"
"TransformerWithCTSaturationz_DISCONNECTED/VSb","SubSystem","spsACVoltageSourceLib/AC Voltage Source","Qmin","-inf"
"TransformerWithCTSaturationz_DISCONNECTED/VSb","SubSystem","spsACVoltageSourceLib/AC Voltage Source","Qmax","+inf"
"TransformerWithCTSaturationz_DISCONNECTED/VSc","SubSystem","spsACVoltageSourceLib/AC Voltage Source","Amplitude","(230e3*sqrt(2))/(sqrt(3))"
"TransformerWithCTSaturationz_DISCONNECTED/VSc","SubSystem","spsACVoltageSourceLib/AC Voltage Source","Phase","120"
"TransformerWithCTSaturationz_DISCONNECTED/VSc","SubSystem","spsACVoltageSourceLib/AC Voltage Source","Frequency","50"
"TransformerWithCTSaturationz_DISCONNECTED/VSc","SubSystem","spsACVoltageSourceLib/AC Voltage Source","SampleTime","0"
"TransformerWithCTSaturationz_DISCONNECTED/VSc","SubSystem","spsACVoltageSourceLib/AC Voltage Source","Measurements","None"
"TransformerWithCTSaturationz_DISCONNECTED/VSc","SubSystem","spsACVoltageSourceLib/AC Voltage Source","BusType","swing"
"TransformerWithCTSaturationz_DISCONNECTED/VSc","SubSystem","spsACVoltageSourceLib/AC Voltage Source","Pref","10e3"
"TransformerWithCTSaturationz_DISCONNECTED/VSc","SubSystem","spsACVoltageSourceLib/AC Voltage Source","Qref","0"
"TransformerWithCTSaturationz_DISCONNECTED/VSc","SubSystem","spsACVoltageSourceLib/AC Voltage Source","Qmin","-inf"
"TransformerWithCTSaturationz_DISCONNECTED/VSc","SubSystem","spsACVoltageSourceLib/AC Voltage Source","Qmax","+inf"
"TransformerWithCTSaturationz_DISCONNECTED/powergui","SubSystem","spspowerguiLib/powergui","SimulationMode","Discrete"
"TransformerWithCTSaturationz_DISCONNECTED/powergui","SubSystem","spspowerguiLib/powergui","SampleTime","10e-5"
"TransformerWithCTSaturationz_DISCONNECTED/powergui","SubSystem","spspowerguiLib/powergui","frequency","60"
"TransformerWithCTSaturationz_DISCONNECTED/powergui","SubSystem","spspowerguiLib/powergui","Iterations","50"
"TransformerWithCTSaturationz_DISCONNECTED/powergui","SubSystem","spspowerguiLib/powergui","frequencyindice","50"
"TransformerWithCTSaturationz_DISCONNECTED/powergui","SubSystem","spspowerguiLib/powergui","Pbase","100e6"
"TransformerWithCTSaturationz_DISCONNECTED/powergui","SubSystem","spspowerguiLib/powergui","ErrMax","1e-4"
"TransformerWithCTSaturationz_DISCONNECTED/powergui","SubSystem","spspowerguiLib/powergui","UnitsV","kV"
"TransformerWithCTSaturationz_DISCONNECTED/powergui","SubSystem","spspowerguiLib/powergui","UnitsW","MW"
"TransformerWithCTSaturationz_DISCONNECTED/powergui","SubSystem","spspowerguiLib/powergui","buscounter","0"
"TransformerWithCTSaturationz_DISCONNECTED/powergui","SubSystem","spspowerguiLib/powergui","FunctionMessages","off"
"TransformerWithCTSaturationz_DISCONNECTED/powergui","SubSystem","spspowerguiLib/powergui","echomessages","off"
"TransformerWithCTSaturationz_DISCONNECTED/powergui","SubSystem","spspowerguiLib/powergui","EnableUseOfTLC","off"
"TransformerWithCTSaturationz_DISCONNECTED/powergui","SubSystem","spspowerguiLib/powergui","CurrentSourceSwitches","off"
"TransformerWithCTSaturationz_DISCONNECTED/powergui","SubSystem","spspowerguiLib/powergui","DisableSnubberDevices","off"
"TransformerWithCTSaturationz_DISCONNECTED/powergui","SubSystem","spspowerguiLib/powergui","DisableRonSwitches","off"
"TransformerWithCTSaturationz_DISCONNECTED/powergui","SubSystem","spspowerguiLib/powergui","DisableVfSwitches","off"
"TransformerWithCTSaturationz_DISCONNECTED/powergui","SubSystem","spspowerguiLib/powergui","DisplayEquations","off"
"TransformerWithCTSaturationz_DISCONNECTED/powergui","SubSystem","spspowerguiLib/powergui","AutomaticDiscreteSolvers","off"
"TransformerWithCTSaturationz_DISCONNECTED/powergui","SubSystem","spspowerguiLib/powergui","SolverType","Backward Euler"
"TransformerWithCTSaturationz_DISCONNECTED/powergui","SubSystem","spspowerguiLib/powergui","Interpol","off"
"TransformerWithCTSaturationz_DISCONNECTED/powergui","SubSystem","spspowerguiLib/powergui","ExternalGateDelay","off"
"TransformerWithCTSaturationz_DISCONNECTED/powergui","SubSystem","spspowerguiLib/powergui","methode","off"
"TransformerWithCTSaturationz_DISCONNECTED/powergui","SubSystem","spspowerguiLib/powergui","Ts","0"
"TransformerWithCTSaturationz_DISCONNECTED/powergui","SubSystem","spspowerguiLib/powergui","x0status","blocks"
"TransformerWithCTSaturationz_DISCONNECTED/powergui","SubSystem","spspowerguiLib/powergui","SPID","off"
"TransformerWithCTSaturationz_DISCONNECTED/powergui","SubSystem","spspowerguiLib/powergui","SwTol","0"
"TransformerWithCTSaturationz_DISCONNECTED/powergui","SubSystem","spspowerguiLib/powergui","HookPort","off"
"TransformerWithCTSaturationz_DISCONNECTED/powergui","SubSystem","spspowerguiLib/powergui","NonlinearTolerance","1e-4"
"TransformerWithCTSaturationz_DISCONNECTED/powergui","SubSystem","spspowerguiLib/powergui","nMaxIteration","100"
"TransformerWithCTSaturationz_DISCONNECTED/powergui","SubSystem","spspowerguiLib/powergui","ContinueOnMaxIteration","off"
"TransformerWithCTSaturationz_DISCONNECTED/powergui","SubSystem","spspowerguiLib/powergui","RestoreLinks","warning"
"TransformerWithCTSaturationz_DISCONNECTED/powergui","SubSystem","spspowerguiLib/powergui","ResistiveCurrentMeasurement","off"
"TransformerWithCTSaturationz_DISCONNECTED/powergui","SubSystem","spspowerguiLib/powergui","Frange","[0:2:500]"
"TransformerWithCTSaturationz_DISCONNECTED/powergui","SubSystem","spspowerguiLib/powergui","Ylog","off"
"TransformerWithCTSaturationz_DISCONNECTED/powergui","SubSystem","spspowerguiLib/powergui","Xlog","on"
"TransformerWithCTSaturationz_DISCONNECTED/powergui","SubSystem","spspowerguiLib/powergui","ShowGrid","off"
"TransformerWithCTSaturationz_DISCONNECTED/powergui","SubSystem","spspowerguiLib/powergui","save","off"
"TransformerWithCTSaturationz_DISCONNECTED/powergui","SubSystem","spspowerguiLib/powergui","variable","ZData"
"TransformerWithCTSaturationz_DISCONNECTED/powergui","SubSystem","spspowerguiLib/powergui","structure","0"
"TransformerWithCTSaturationz_DISCONNECTED/powergui","SubSystem","spspowerguiLib/powergui","ZoomFFT","on"
"TransformerWithCTSaturationz_DISCONNECTED/powergui","SubSystem","spspowerguiLib/powergui","StartTime","0.0"
"TransformerWithCTSaturationz_DISCONNECTED/powergui","SubSystem","spspowerguiLib/powergui","cycles","1"
"TransformerWithCTSaturationz_DISCONNECTED/powergui","SubSystem","spspowerguiLib/powergui","DisplayStyle","1"
"TransformerWithCTSaturationz_DISCONNECTED/powergui","SubSystem","spspowerguiLib/powergui","fundamental","60"
"TransformerWithCTSaturationz_DISCONNECTED/powergui","SubSystem","spspowerguiLib/powergui","FreqAxis","off"
"TransformerWithCTSaturationz_DISCONNECTED/powergui","SubSystem","spspowerguiLib/powergui","MaxFrequency","1000"
"TransformerWithCTSaturationz_DISCONNECTED/powergui","SubSystem","spspowerguiLib/powergui","frequencyindicesteady","1"
"TransformerWithCTSaturationz_DISCONNECTED/powergui","SubSystem","spspowerguiLib/powergui","RmsSteady","1"
"TransformerWithCTSaturationz_DISCONNECTED/powergui","SubSystem","spspowerguiLib/powergui","display","off"
